# Blender 5.2.0 LTS
# www.blender.org
mtllib chest.mtl
o Prop_Chest_Gold
v -0.572855 0.097168 0.262591
v -0.580856 -0.010757 0.262591
v -0.580856 -0.010757 0.421010
v -0.574406 0.076246 0.421010
v -0.574406 0.076246 0.262591
v -0.164883 0.088662 0.262591
v -0.168339 -0.019767 0.262591
v -0.164883 0.088662 0.399783
v -0.155134 -0.019533 0.418050
v -0.152562 0.067780 0.418050
v -0.165556 0.067539 0.262591
v -0.124758 0.143250 0.399783
v -0.112428 0.122189 0.418050
v -0.124758 0.143250 0.262591
v -0.407244 0.090466 0.262591
v -0.413959 -0.017627 0.262591
v -0.408549 0.069465 0.262591
v -0.407244 0.090466 0.399783
v -0.409712 -0.017848 0.421010
v -0.431152 0.070714 0.421010
v -0.432836 0.189539 0.262591
v -0.565699 0.193737 0.262591
v -0.565699 0.193737 0.399782
v -0.567240 0.172940 0.421010
v -0.432836 0.189539 0.399783
v -0.456782 0.169760 0.421010
v 0.572032 0.097176 0.262591
v -0.000114 0.090637 0.262591
v -0.000114 0.090637 0.399783
v 0.000031 -0.017846 0.262591
v 0.580885 -0.010665 0.262591
v 0.000031 -0.017846 0.418050
v 0.580885 -0.010665 0.421010
v 0.573748 0.076270 0.421010
v -0.000086 0.069501 0.418050
v -0.000086 0.069501 0.262591
v 0.573748 0.076270 0.262591
v 0.164548 0.087873 0.262591
v 0.168426 -0.020519 0.262591
v 0.164548 0.087873 0.399783
v 0.155218 -0.020238 0.418050
v 0.152320 0.067048 0.418050
v 0.165303 0.066757 0.262591
v -0.000186 0.144527 0.262591
v -0.000186 0.144527 0.399783
v -0.000158 0.123226 0.418050
v 0.124279 0.142606 0.399783
v 0.112039 0.121610 0.418050
v 0.124279 0.142606 0.262591
v 0.406529 0.089747 0.262591
v 0.413960 -0.018267 0.262591
v 0.407973 0.068761 0.262591
v 0.406529 0.089747 0.399783
v 0.409714 -0.018512 0.421010
v 0.430555 0.070145 0.421010
v 0.431427 0.188939 0.262591
v 0.564113 0.193669 0.262591
v 0.564113 0.193669 0.399782
v 0.565818 0.172889 0.421010
v 0.431427 0.188939 0.399783
v 0.455487 0.169328 0.421010
v -0.572855 0.097168 -0.262591
v -0.580856 -0.010757 -0.262591
v -0.580856 -0.010757 -0.421010
v -0.574406 0.076246 -0.421010
v -0.574406 0.076246 -0.262591
v -0.164883 0.088662 -0.262591
v -0.168339 -0.019767 -0.262591
v -0.164883 0.088662 -0.399783
v -0.155134 -0.019533 -0.418050
v -0.152562 0.067780 -0.418050
v -0.165556 0.067539 -0.262591
v -0.124758 0.143249 -0.399783
v -0.112428 0.122189 -0.418050
v -0.124758 0.143249 -0.262591
v -0.407244 0.090466 -0.262591
v -0.413959 -0.017627 -0.262591
v -0.408549 0.069465 -0.262591
v -0.407244 0.090466 -0.399783
v -0.409712 -0.017848 -0.421010
v -0.431152 0.070714 -0.421010
v -0.432836 0.189539 -0.262591
v -0.565699 0.193737 -0.262591
v -0.565699 0.193737 -0.399782
v -0.567240 0.172940 -0.421010
v -0.432836 0.189539 -0.399783
v -0.456782 0.169760 -0.421010
v -0.407244 0.090466 -0.000000
v -0.572855 0.097168 -0.000000
v -0.413959 -0.017627 0.000000
v -0.580856 -0.010757 0.000000
v -0.574406 0.076246 -0.000000
v -0.408549 0.069465 -0.000000
v -0.432836 0.189539 -0.000000
v -0.565699 0.193737 -0.000000
v 0.572032 0.097176 -0.262591
v -0.000114 0.090636 -0.262591
v -0.000114 0.090636 -0.399783
v 0.000031 -0.017846 -0.262591
v 0.580885 -0.010665 -0.262591
v 0.000031 -0.017846 -0.418050
v 0.580885 -0.010665 -0.421010
v 0.573748 0.076270 -0.421010
v -0.000086 0.069501 -0.418050
v -0.000086 0.069501 -0.262591
v 0.573748 0.076270 -0.262591
v 0.164548 0.087872 -0.262591
v 0.168426 -0.020520 -0.262591
v 0.164548 0.087872 -0.399783
v 0.155218 -0.020238 -0.418050
v 0.152320 0.067048 -0.418050
v 0.165303 0.066757 -0.262591
v -0.000186 0.144527 -0.262591
v -0.000186 0.144527 -0.399783
v -0.000158 0.123226 -0.418050
v 0.124279 0.142606 -0.399783
v 0.112039 0.121610 -0.418050
v 0.124279 0.142606 -0.262591
v 0.406529 0.089747 -0.262591
v 0.413960 -0.018267 -0.262591
v 0.407973 0.068761 -0.262591
v 0.406529 0.089747 -0.399783
v 0.409714 -0.018512 -0.421010
v 0.430555 0.070144 -0.421010
v 0.431427 0.188939 -0.262591
v 0.564113 0.193669 -0.262591
v 0.564113 0.193669 -0.399782
v 0.565818 0.172888 -0.421010
v 0.431427 0.188939 -0.399783
v 0.455487 0.169328 -0.421010
v 0.406529 0.089747 -0.000000
v 0.572032 0.097176 -0.000000
v 0.413961 -0.018267 0.000000
v 0.580886 -0.010665 0.000000
v 0.573748 0.076270 -0.000000
v 0.407973 0.068761 -0.000000
v 0.431427 0.188939 -0.000000
v 0.564113 0.193669 -0.000000
v -0.542849 -0.002951 0.353584
v -0.542849 -0.002952 -0.353584
v -0.542849 -0.002952 0.000000
v -0.262433 -0.010979 -0.353584
v -0.262433 -0.010979 0.000000
v -0.262433 -0.010978 0.353584
v -0.530640 0.164092 0.353584
v -0.530640 0.164092 -0.353584
v -0.530640 0.164092 -0.000000
v -0.254394 0.157493 -0.353584
v -0.254394 0.157493 0.353584
v 0.542819 -0.003116 0.353584
v 0.542819 -0.003116 -0.353584
v 0.542819 -0.003116 0.000000
v 0.000018 -0.007686 -0.353584
v 0.000018 -0.007686 0.353584
v 0.000018 -0.007686 0.000000
v 0.262485 -0.011978 -0.353584
v 0.262485 -0.011977 0.000000
v 0.262485 -0.011977 0.353584
v 0.529309 0.163799 0.353584
v 0.529309 0.163799 -0.353584
v 0.529309 0.163799 -0.000000
v -0.000208 0.161114 0.353584
v -0.000208 0.161114 -0.353584
v 0.253575 0.156410 -0.353584
v 0.253575 0.156410 0.353584
v -0.534999 0.430475 0.280133
v -0.440848 0.434888 0.280133
v -0.440848 0.434888 0.415093
v -0.567280 -0.007482 0.280133
v -0.472067 -0.012975 0.280134
v -0.472067 -0.012975 0.415093
v -0.534999 0.430475 0.400376
v -0.521584 0.431070 0.415093
v -0.553798 -0.008326 0.415093
v -0.567280 -0.007482 0.400376
v -0.524598 0.310263 0.353584
v -0.268624 0.310112 0.353584
v -0.534840 0.170203 0.353584
v -0.276099 0.163265 0.353584
v -0.543926 0.046123 0.353584
v -0.282506 0.037737 0.353584
v -0.535788 0.157259 0.353584
v -0.276774 0.150025 0.353584
v -0.534840 0.170203 0.386338
v -0.524598 0.310263 0.386338
v -0.268624 0.310112 0.386338
v -0.276099 0.163265 0.386338
v -0.282506 0.037737 0.386338
v -0.543927 0.046123 0.386338
v -0.276774 0.150025 0.386338
v -0.535788 0.157259 0.386338
v 0.531564 0.430134 0.280133
v 0.437572 0.433973 0.280133
v 0.437572 0.433973 0.415093
v 0.567283 -0.007483 0.280133
v 0.472118 -0.013562 0.280134
v 0.472118 -0.013562 0.415093
v 0.531564 0.430135 0.400376
v 0.518162 0.430640 0.415093
v 0.553809 -0.008417 0.415093
v 0.567283 -0.007483 0.400376
v 0.522124 0.309887 0.353584
v -0.000415 0.315309 0.353584
v 0.266916 0.308915 0.353584
v 0.533458 0.169935 0.353584
v -0.000216 0.167139 0.353584
v 0.275194 0.162146 0.353584
v 0.543513 0.045951 0.353584
v -0.000048 0.041241 0.353584
v 0.282290 0.036686 0.353584
v 0.534507 0.157001 0.353584
v -0.000199 0.153834 0.353584
v 0.275942 0.148913 0.353584
v 0.533458 0.169935 0.386338
v 0.522124 0.309887 0.386338
v 0.266916 0.308915 0.386338
v -0.000415 0.315309 0.386338
v -0.000216 0.167139 0.386338
v 0.275194 0.162146 0.386338
v 0.282290 0.036686 0.386338
v -0.000048 0.041241 0.386338
v -0.000199 0.153834 0.386338
v 0.543513 0.045951 0.386338
v 0.275942 0.148913 0.386338
v 0.534507 0.157001 0.386338
v -0.534999 0.430475 -0.280134
v -0.440849 0.434888 -0.280134
v -0.440848 0.434887 -0.415093
v -0.567280 -0.007482 -0.280133
v -0.472067 -0.012976 -0.280134
v -0.472067 -0.012976 -0.415093
v -0.534999 0.430475 -0.400376
v -0.521584 0.431069 -0.415094
v -0.553798 -0.008326 -0.415093
v -0.567280 -0.007482 -0.400376
v -0.524598 0.310262 -0.356744
v -0.268624 0.310111 -0.356744
v -0.534840 0.170202 -0.356744
v -0.276099 0.163265 -0.356744
v -0.543926 0.046123 -0.356744
v -0.282506 0.037737 -0.356744
v -0.535788 0.157258 -0.356744
v -0.276774 0.150024 -0.356744
v -0.534840 0.170202 -0.386338
v -0.524598 0.310262 -0.386338
v -0.268624 0.310111 -0.386338
v -0.276099 0.163265 -0.386338
v -0.282506 0.037737 -0.386338
v -0.543927 0.046123 -0.386338
v -0.276774 0.150024 -0.386338
v -0.535788 0.157258 -0.386338
v 0.531564 0.430134 -0.280134
v 0.437572 0.433973 -0.280134
v 0.437572 0.433973 -0.415094
v 0.567283 -0.007483 -0.280133
v 0.472118 -0.013562 -0.280134
v 0.472118 -0.013562 -0.415093
v 0.531564 0.430134 -0.400376
v 0.518162 0.430640 -0.415094
v 0.553809 -0.008417 -0.415093
v 0.567283 -0.007483 -0.400376
v 0.522124 0.309887 -0.356744
v -0.000415 0.315309 -0.356744
v 0.266916 0.308914 -0.356744
v 0.533458 0.169935 -0.356744
v -0.000216 0.167138 -0.356744
v 0.275194 0.162146 -0.356744
v 0.543513 0.045951 -0.356744
v -0.000048 0.041241 -0.356744
v 0.282290 0.036686 -0.356744
v 0.534507 0.157001 -0.356744
v -0.000199 0.153834 -0.356744
v 0.275942 0.148913 -0.356744
v 0.533458 0.169935 -0.386338
v 0.522124 0.309887 -0.386338
v 0.266916 0.308914 -0.386338
v -0.000415 0.315309 -0.386338
v -0.000216 0.167138 -0.386338
v 0.275194 0.162146 -0.386338
v 0.282290 0.036686 -0.386338
v -0.000048 0.041241 -0.386338
v -0.000199 0.153834 -0.386338
v 0.543513 0.045951 -0.386338
v 0.275942 0.148913 -0.386338
v 0.534507 0.157001 -0.386338
v -0.517131 0.384464 0.353584
v -0.517131 0.384464 -0.353584
v -0.517130 0.384464 -0.000000
v -0.000476 0.396324 0.353584
v -0.000476 0.396324 -0.353584
v -0.244975 0.390812 -0.353584
v -0.244975 0.390812 0.353584
v 0.514359 0.384029 0.353584
v 0.514359 0.384029 -0.353584
v 0.514359 0.384029 -0.000000
v 0.243135 0.389629 -0.353584
v 0.243135 0.389629 0.353584
v -0.471768 0.384797 0.322503
v -0.471768 0.384797 -0.322503
v -0.471768 0.384797 -0.000000
v -0.000529 0.395614 0.322503
v -0.000529 0.395614 -0.322503
v -0.223536 0.390587 -0.322503
v -0.223536 0.390587 0.322503
v 0.469051 0.384400 0.322503
v 0.469051 0.384400 -0.322503
v 0.469051 0.384400 -0.000000
v 0.221668 0.389508 -0.322503
v 0.221668 0.389508 0.322503
v -0.441757 0.353523 0.301940
v -0.441757 0.353522 -0.301940
v -0.441757 0.353522 -0.000000
v -0.000564 0.363650 0.301940
v -0.000564 0.363650 -0.301940
v -0.209352 0.358943 -0.301940
v -0.209352 0.358943 0.301940
v 0.439076 0.353151 0.301940
v 0.439076 0.353151 -0.301940
v 0.439076 0.353151 -0.000000
v 0.207466 0.357933 -0.301940
v 0.207466 0.357933 0.301940
v -0.452315 0.359303 0.309174
v -0.452315 0.359302 -0.309174
v -0.332057 0.359252 -0.309174
v 0.028641 0.358926 -0.308879
v -0.031412 0.359124 -0.309173
v -0.091541 0.359150 -0.309174
v -0.151652 0.359206 -0.309146
v 0.449621 0.358922 0.309174
v 0.449621 0.358922 -0.309174
v -0.392186 0.359277 -0.309174
v -0.211675 0.359409 -0.308977
v -0.271911 0.359257 -0.309147
v 0.088686 0.357045 -0.307763
v 0.149675 0.353172 -0.308436
v 0.212945 0.347217 -0.311042
v 0.276289 0.344584 -0.312992
v 0.334714 0.350266 -0.311615
v 0.389920 0.358271 -0.309376
v 0.389492 0.358947 0.309174
v 0.329363 0.358973 0.309174
v 0.269234 0.358998 0.309174
v 0.209105 0.359024 0.309174
v 0.148976 0.359049 0.309174
v 0.088850 0.359083 0.309176
v 0.028795 0.359298 0.309213
v -0.031360 0.359255 0.309208
v -0.091541 0.359150 0.309174
v -0.151670 0.359176 0.309174
v -0.211799 0.359201 0.309174
v -0.271948 0.359251 0.309170
v -0.332078 0.359277 0.309170
v -0.392186 0.359277 0.309174
v 0.449621 0.358922 -0.240469
v 0.449621 0.358922 -0.171764
v 0.449619 0.358924 -0.103058
v 0.449564 0.358969 -0.034357
v 0.449621 0.358922 0.034353
v 0.449621 0.358922 0.103058
v 0.449621 0.358922 0.171763
v 0.449621 0.358922 0.240469
v -0.452317 0.359305 0.240468
v -0.452662 0.359730 0.171688
v -0.452670 0.359739 0.102981
v -0.452318 0.359306 0.034352
v -0.452315 0.359302 -0.034353
v -0.452315 0.359302 -0.103058
v -0.452315 0.359302 -0.171764
v -0.452315 0.359302 -0.240469
v 0.390049 0.358068 -0.240731
v 0.389495 0.358919 -0.171783
v 0.387267 0.361346 -0.103393
v 0.384609 0.365161 -0.035345
v 0.387678 0.360989 0.034055
v 0.389487 0.358951 0.103058
v 0.389492 0.358947 0.171763
v 0.389492 0.358947 0.240469
v 0.332014 0.353143 -0.244835
v 0.323246 0.366318 -0.175057
v 0.313726 0.386800 -0.108670
v 0.311211 0.398701 -0.043469
v 0.315260 0.385393 0.027768
v 0.328571 0.360270 0.102698
v 0.329363 0.358973 0.171763
v 0.329363 0.358973 0.240469
v 0.259363 0.366640 -0.248624
v 0.247802 0.393833 -0.183628
v 0.242216 0.427373 -0.119426
v 0.242975 0.436543 -0.054477
v 0.239122 0.426441 0.016023
v 0.255128 0.380932 0.096989
v 0.268282 0.360153 0.171583
v 0.269234 0.358998 0.240469
v 0.194962 0.377030 -0.248120
v 0.186474 0.412270 -0.185774
v 0.192008 0.453156 -0.125487
v 0.191074 0.467149 -0.060886
v 0.167751 0.466676 0.010784
v 0.156267 0.439377 0.093024
v 0.195628 0.375427 0.169895
v 0.208782 0.359400 0.240436
v 0.136394 0.379347 -0.245299
v 0.133895 0.413250 -0.184128
v 0.149285 0.453298 -0.124282
v 0.145915 0.472116 -0.058808
v 0.104188 0.484852 0.017837
v 0.094089 0.461234 0.104427
v 0.119223 0.407745 0.175462
v 0.147191 0.361701 0.240426
v 0.083943 0.368905 -0.241768
v 0.087602 0.391288 -0.177740
v 0.109196 0.429108 -0.116163
v 0.102749 0.450294 -0.047731
v 0.051745 0.487773 0.041597
v 0.045957 0.470133 0.118965
v 0.061972 0.426915 0.185754
v 0.086921 0.372530 0.243470
v 0.028886 0.360686 -0.240306
v 0.038239 0.374901 -0.170513
v 0.082195 0.444661 -0.101039
v 0.066393 0.452893 -0.029386
v 0.009530 0.479283 0.055939
v -0.000349 0.467999 0.127088
v 0.011152 0.431826 0.191937
v 0.029165 0.384462 0.248196
v -0.031313 0.359266 -0.240437
v -0.012137 0.385146 -0.166353
v 0.019139 0.440217 -0.090313
v 0.007835 0.468240 -0.018092
v -0.044895 0.486161 0.051135
v -0.055721 0.463525 0.121951
v -0.042565 0.424331 0.190050
v -0.028356 0.381264 0.247514
v -0.090919 0.360273 -0.239626
v -0.076472 0.384447 -0.165134
v -0.053983 0.466422 -0.088967
v -0.070080 0.509241 -0.028281
v -0.107786 0.507245 0.022844
v -0.123098 0.453390 0.099540
v -0.100803 0.403302 0.180511
v -0.089901 0.365515 0.242387
v -0.145379 0.370706 -0.232091
v -0.125122 0.419283 -0.148891
v -0.121870 0.501006 -0.086087
v -0.151142 0.530332 -0.037868
v -0.178014 0.512501 0.013456
v -0.205011 0.459211 0.093192
v -0.172452 0.385342 0.181693
v -0.154425 0.361643 0.241824
v -0.200254 0.380424 -0.224763
v -0.181807 0.430655 -0.143012
v -0.186850 0.494003 -0.083385
v -0.213119 0.504529 -0.035776
v -0.241365 0.478447 0.025794
v -0.255802 0.441505 0.110451
v -0.250922 0.397432 0.183254
v -0.218503 0.365375 0.242770
v -0.266023 0.369812 -0.231421
v -0.248788 0.410305 -0.144134
v -0.251265 0.442964 -0.080746
v -0.266938 0.435357 -0.024634
v -0.290597 0.431731 0.039887
v -0.314437 0.411037 0.112775
v -0.306781 0.393973 0.178900
v -0.278924 0.366807 0.240807
v -0.331398 0.360540 -0.239490
v -0.327182 0.368536 -0.164425
v -0.326986 0.373743 -0.094924
v -0.331014 0.375891 -0.031616
v -0.338901 0.377898 0.034578
v -0.351128 0.381195 0.102727
v -0.348548 0.378227 0.170546
v -0.336471 0.364650 0.239563
v -0.392185 0.359281 -0.240468
v -0.392103 0.359507 -0.171668
v -0.392087 0.359554 -0.102946
v -0.392173 0.359438 -0.034307
v -0.393400 0.360820 0.034093
v -0.398656 0.367231 0.101654
v -0.398579 0.367139 0.170372
v -0.393341 0.360697 0.240218
v -0.727860 0.005810 -0.144454
v -0.727860 0.016592 -0.157805
v -0.727860 0.046391 -0.144454
v -0.727860 0.035608 -0.157805
v -0.694359 0.005810 -0.135477
v -0.687683 0.016592 -0.147040
v -0.694359 0.046391 -0.135477
v -0.687683 0.035608 -0.147040
v -0.669835 0.005810 -0.110953
v -0.658272 0.016592 -0.117629
v -0.669835 0.046391 -0.110953
v -0.658272 0.035608 -0.117629
v -0.660858 0.005810 -0.077452
v -0.647507 0.016592 -0.077452
v -0.660858 0.046391 -0.077452
v -0.647507 0.035608 -0.077452
v -0.669835 0.005810 -0.043951
v -0.658272 0.016592 -0.037275
v -0.669835 0.046391 -0.043951
v -0.658272 0.035608 -0.037275
v -0.694360 0.005810 -0.019427
v -0.687683 0.016592 -0.007864
v -0.694360 0.046391 -0.019427
v -0.687683 0.035608 -0.007864
v -0.727860 0.005810 -0.010450
v -0.727860 0.016592 0.002901
v -0.727860 0.046391 -0.010450
v -0.727860 0.035608 0.002901
v -0.761361 0.005810 -0.019427
v -0.768037 0.016592 -0.007864
v -0.761361 0.046391 -0.019427
v -0.768037 0.035608 -0.007864
v -0.785885 0.005810 -0.043951
v -0.797449 0.016592 -0.037275
v -0.785885 0.046391 -0.043951
v -0.797449 0.035608 -0.037275
v -0.794862 0.005810 -0.077452
v -0.808213 0.016592 -0.077452
v -0.794862 0.046391 -0.077452
v -0.808213 0.035608 -0.077452
v -0.785885 0.005810 -0.110953
v -0.797449 0.016592 -0.117629
v -0.785885 0.046391 -0.110953
v -0.797449 0.035608 -0.117629
v -0.761361 0.005810 -0.135477
v -0.768037 0.016592 -0.147040
v -0.761361 0.046391 -0.135477
v -0.768037 0.035608 -0.147040
v -0.658206 0.040189 -0.127763
v -0.648565 0.050971 -0.137000
v -0.658206 0.080769 -0.127763
v -0.648565 0.069987 -0.137000
v -0.641511 0.040189 -0.097362
v -0.628544 0.050971 -0.100541
v -0.641511 0.080769 -0.097362
v -0.628544 0.069987 -0.100541
v -0.642254 0.040189 -0.062688
v -0.629434 0.050971 -0.058957
v -0.642254 0.080769 -0.062688
v -0.629434 0.069987 -0.058957
v -0.660234 0.040189 -0.033030
v -0.650997 0.050971 -0.023389
v -0.660234 0.080769 -0.033030
v -0.650997 0.069987 -0.023389
v -0.690634 0.040189 -0.016335
v -0.687454 0.050971 -0.003367
v -0.690634 0.080769 -0.016335
v -0.687454 0.069987 -0.003367
v -0.725308 0.040189 -0.017077
v -0.729039 0.050971 -0.004257
v -0.725308 0.080769 -0.017077
v -0.729039 0.069987 -0.004257
v -0.754966 0.040189 -0.035057
v -0.764608 0.050971 -0.025820
v -0.754966 0.080769 -0.035057
v -0.764608 0.069987 -0.025820
v -0.771661 0.040189 -0.065457
v -0.784629 0.050971 -0.062278
v -0.771661 0.080769 -0.065457
v -0.784629 0.069987 -0.062278
v -0.770919 0.040189 -0.100132
v -0.783739 0.050971 -0.103863
v -0.770919 0.080769 -0.100132
v -0.783739 0.069987 -0.103863
v -0.752939 0.040189 -0.129790
v -0.762176 0.050971 -0.139431
v -0.752939 0.080769 -0.129790
v -0.762176 0.069987 -0.139431
v -0.722539 0.040189 -0.146485
v -0.725718 0.050971 -0.159453
v -0.722539 0.080769 -0.146485
v -0.725718 0.069987 -0.159453
v -0.687864 0.040189 -0.145743
v -0.684133 0.050971 -0.158563
v -0.687864 0.080769 -0.145743
v -0.684133 0.069987 -0.158563
v -0.711638 0.080262 -0.127763
v -0.701997 0.091045 -0.137000
v -0.711638 0.129816 -0.127763
v -0.701997 0.119034 -0.137000
v -0.694944 0.080262 -0.097362
v -0.681975 0.091045 -0.100541
v -0.694944 0.129816 -0.097362
v -0.681975 0.119034 -0.100541
v -0.695686 0.080262 -0.062688
v -0.682865 0.091045 -0.058957
v -0.695686 0.129816 -0.062688
v -0.682865 0.119034 -0.058957
v -0.713665 0.080262 -0.033030
v -0.704429 0.091045 -0.023389
v -0.713665 0.129816 -0.033030
v -0.704429 0.119034 -0.023389
v -0.744066 0.080262 -0.016335
v -0.740887 0.091045 -0.003367
v -0.744066 0.129816 -0.016335
v -0.740887 0.119034 -0.003367
v -0.778740 0.080262 -0.017077
v -0.782471 0.091045 -0.004257
v -0.778740 0.129816 -0.017077
v -0.782471 0.119034 -0.004257
v -0.808399 0.080262 -0.035057
v -0.818039 0.091045 -0.025820
v -0.808399 0.129816 -0.035057
v -0.818039 0.119034 -0.025820
v -0.825093 0.080262 -0.065457
v -0.838061 0.091045 -0.062278
v -0.825093 0.129816 -0.065457
v -0.838061 0.119034 -0.062278
v -0.824351 0.080262 -0.100132
v -0.837170 0.091045 -0.103863
v -0.824351 0.129816 -0.100132
v -0.837170 0.119034 -0.103863
v -0.806371 0.080262 -0.129790
v -0.815608 0.091045 -0.139431
v -0.806371 0.129816 -0.129790
v -0.815608 0.119034 -0.139431
v -0.775971 0.080262 -0.146485
v -0.779150 0.091045 -0.159453
v -0.775971 0.129816 -0.146485
v -0.779150 0.119034 -0.159453
v -0.741296 0.080262 -0.145743
v -0.737565 0.091045 -0.158563
v -0.741296 0.129816 -0.145743
v -0.737565 0.119034 -0.158563
v -0.675732 0.129245 -0.127763
v -0.666091 0.140028 -0.137000
v -0.675732 0.221121 -0.127763
v -0.666091 0.210338 -0.137000
v -0.659037 0.129245 -0.097362
v -0.646069 0.140028 -0.100541
v -0.659037 0.221121 -0.097363
v -0.646069 0.210338 -0.100541
v -0.659779 0.129245 -0.062688
v -0.646959 0.140028 -0.058957
v -0.659779 0.221121 -0.062688
v -0.646959 0.210338 -0.058957
v -0.677760 0.129245 -0.033030
v -0.668522 0.140028 -0.023389
v -0.677760 0.221121 -0.033030
v -0.668522 0.210338 -0.023389
v -0.708160 0.129245 -0.016335
v -0.704980 0.140028 -0.003367
v -0.708160 0.221121 -0.016335
v -0.704980 0.210338 -0.003367
v -0.742834 0.129245 -0.017077
v -0.746565 0.140028 -0.004257
v -0.742834 0.221121 -0.017077
v -0.746565 0.210338 -0.004257
v -0.772492 0.129245 -0.035057
v -0.782133 0.140028 -0.025820
v -0.772492 0.221121 -0.035057
v -0.782133 0.210338 -0.025820
v -0.789187 0.129245 -0.065457
v -0.802154 0.140028 -0.062278
v -0.789187 0.221121 -0.065457
v -0.802154 0.210338 -0.062278
v -0.788445 0.129245 -0.100132
v -0.801265 0.140028 -0.103863
v -0.788445 0.221121 -0.100132
v -0.801265 0.210338 -0.103863
v -0.770465 0.129245 -0.129790
v -0.779702 0.140028 -0.139431
v -0.770465 0.221121 -0.129790
v -0.779702 0.210338 -0.139431
v -0.740064 0.129245 -0.146485
v -0.743243 0.140028 -0.159453
v -0.740064 0.221121 -0.146485
v -0.743243 0.210338 -0.159453
v -0.705389 0.129245 -0.145743
v -0.701659 0.140028 -0.158563
v -0.705389 0.221121 -0.145743
v -0.701659 0.210338 -0.158563
v -0.797577 0.218935 -0.112351
v -0.809494 0.229718 -0.118372
v -0.797577 0.259516 -0.112351
v -0.809494 0.248734 -0.118372
v -0.774459 0.218935 -0.138205
v -0.781770 0.229718 -0.149378
v -0.774459 0.259516 -0.138205
v -0.781770 0.248734 -0.149378
v -0.741511 0.218935 -0.149037
v -0.742256 0.229718 -0.162368
v -0.741511 0.259516 -0.149037
v -0.742256 0.248734 -0.162368
v -0.707562 0.218935 -0.141943
v -0.701541 0.229718 -0.153860
v -0.707562 0.259516 -0.141943
v -0.701541 0.248734 -0.153860
v -0.681707 0.218935 -0.118824
v -0.670535 0.229718 -0.126135
v -0.681707 0.259516 -0.118825
v -0.670535 0.248734 -0.126135
v -0.670876 0.218935 -0.085876
v -0.657545 0.229718 -0.086621
v -0.670876 0.259516 -0.085877
v -0.657545 0.248734 -0.086621
v -0.677970 0.218935 -0.051927
v -0.666053 0.229718 -0.045907
v -0.677970 0.259516 -0.051927
v -0.666053 0.248734 -0.045907
v -0.701089 0.218935 -0.026073
v -0.693778 0.229718 -0.014900
v -0.701089 0.259516 -0.026073
v -0.693778 0.248734 -0.014900
v -0.734036 0.218935 -0.015242
v -0.733292 0.229718 -0.001911
v -0.734036 0.259516 -0.015242
v -0.733292 0.248734 -0.001911
v -0.767986 0.218935 -0.022336
v -0.774006 0.229718 -0.010418
v -0.767986 0.259516 -0.022336
v -0.774006 0.248734 -0.010418
v -0.793840 0.218935 -0.045454
v -0.805013 0.229718 -0.038143
v -0.793840 0.259516 -0.045454
v -0.805013 0.248734 -0.038143
v -0.804671 0.218935 -0.078402
v -0.818003 0.229718 -0.077657
v -0.804671 0.259516 -0.078402
v -0.818003 0.248734 -0.077657
v -0.751272 0.253314 -0.166996
v -0.755168 0.264096 -0.179766
v -0.751272 0.293895 -0.166996
v -0.755168 0.283112 -0.179766
v -0.716609 0.253314 -0.168189
v -0.713600 0.264096 -0.181197
v -0.716609 0.293895 -0.168189
v -0.713600 0.283112 -0.181197
v -0.685994 0.253314 -0.151891
v -0.676883 0.264096 -0.161652
v -0.685994 0.293895 -0.151891
v -0.676883 0.283112 -0.161652
v -0.667630 0.253314 -0.122470
v -0.654860 0.264096 -0.126367
v -0.667630 0.293895 -0.122470
v -0.654860 0.283112 -0.126367
v -0.666437 0.253314 -0.087808
v -0.653428 0.264096 -0.084798
v -0.666437 0.293895 -0.087808
v -0.653428 0.283112 -0.084798
v -0.682735 0.253314 -0.057193
v -0.672974 0.264096 -0.048082
v -0.682735 0.293895 -0.057193
v -0.672974 0.283112 -0.048082
v -0.712156 0.253314 -0.038828
v -0.708259 0.264096 -0.026058
v -0.712156 0.293895 -0.038828
v -0.708259 0.283112 -0.026058
v -0.746818 0.253314 -0.037635
v -0.749828 0.264096 -0.024627
v -0.746818 0.293895 -0.037635
v -0.749828 0.283112 -0.024627
v -0.777433 0.253314 -0.053933
v -0.786544 0.264096 -0.044173
v -0.777433 0.293895 -0.053933
v -0.786544 0.283112 -0.044173
v -0.795797 0.253314 -0.083355
v -0.808568 0.264096 -0.079457
v -0.795797 0.293895 -0.083355
v -0.808568 0.283112 -0.079457
v -0.796991 0.253314 -0.118017
v -0.809999 0.264096 -0.121027
v -0.796991 0.293895 -0.118017
v -0.809999 0.283112 -0.121027
v -0.780693 0.253314 -0.148631
v -0.790453 0.264096 -0.157742
v -0.780693 0.293895 -0.148631
v -0.790453 0.283112 -0.157742
v -0.733361 0.377615 0.206260
v -0.720405 0.366832 0.209483
v -0.733361 0.337034 0.206260
v -0.720405 0.347816 0.209483
v -0.750161 0.377615 0.236602
v -0.740552 0.366832 0.245872
v -0.750161 0.337034 0.236602
v -0.740552 0.347816 0.245872
v -0.779881 0.377615 0.254480
v -0.776194 0.366832 0.267312
v -0.779881 0.337034 0.254480
v -0.776194 0.347816 0.267312
v -0.814558 0.377615 0.255103
v -0.817781 0.366832 0.268059
v -0.814558 0.337034 0.255103
v -0.817781 0.347816 0.268059
v -0.844900 0.377615 0.238303
v -0.854170 0.366832 0.247912
v -0.844900 0.337034 0.238303
v -0.854170 0.347816 0.247912
v -0.862778 0.377615 0.208583
v -0.875611 0.366832 0.212270
v -0.862778 0.337034 0.208583
v -0.875611 0.347816 0.212270
v -0.863400 0.377615 0.173907
v -0.876357 0.366832 0.170683
v -0.863400 0.337034 0.173907
v -0.876357 0.347816 0.170683
v -0.846602 0.377615 0.143564
v -0.856210 0.366832 0.134294
v -0.846602 0.337034 0.143564
v -0.856210 0.347816 0.134294
v -0.816882 0.377615 0.125686
v -0.820568 0.366832 0.112853
v -0.816882 0.337034 0.125686
v -0.820568 0.347816 0.112853
v -0.782204 0.377615 0.125063
v -0.778981 0.366832 0.112107
v -0.782204 0.337034 0.125063
v -0.778981 0.347816 0.112107
v -0.751861 0.377615 0.141863
v -0.742592 0.366832 0.132254
v -0.751861 0.337034 0.141863
v -0.742592 0.347816 0.132254
v -0.733984 0.377615 0.171583
v -0.721152 0.366832 0.167896
v -0.733984 0.337034 0.171583
v -0.721152 0.347816 0.167896
v -0.766375 0.343236 0.269824
v -0.759739 0.332454 0.281409
v -0.766375 0.302655 0.269824
v -0.759739 0.313438 0.281409
v -0.799907 0.343236 0.278685
v -0.799953 0.332454 0.292036
v -0.799907 0.302655 0.278685
v -0.799953 0.313438 0.292036
v -0.833377 0.343236 0.269592
v -0.840092 0.332454 0.281133
v -0.833377 0.302655 0.269592
v -0.840092 0.313438 0.281133
v -0.857816 0.343236 0.244984
v -0.869402 0.332454 0.251620
v -0.857816 0.302655 0.244984
v -0.869402 0.313438 0.251620
v -0.866678 0.343236 0.211453
v -0.880030 0.332454 0.211407
v -0.866678 0.302655 0.211453
v -0.880030 0.313438 0.211407
v -0.857585 0.343236 0.177983
v -0.869126 0.332454 0.171267
v -0.857585 0.302655 0.177983
v -0.869126 0.313438 0.171267
v -0.832977 0.343236 0.153543
v -0.839613 0.332454 0.141957
v -0.832977 0.302655 0.153543
v -0.839613 0.313438 0.141957
v -0.799446 0.343236 0.144682
v -0.799400 0.332454 0.131330
v -0.799446 0.302655 0.144682
v -0.799400 0.313438 0.131331
v -0.765976 0.343236 0.153774
v -0.759260 0.332454 0.142234
v -0.765976 0.302655 0.153774
v -0.759260 0.313438 0.142234
v -0.741536 0.343236 0.178382
v -0.729951 0.332454 0.171746
v -0.741536 0.302655 0.178382
v -0.729951 0.313438 0.171746
v -0.732675 0.343236 0.211914
v -0.719324 0.332454 0.211960
v -0.732675 0.302655 0.211914
v -0.719324 0.313438 0.211960
v -0.741767 0.343236 0.245384
v -0.730227 0.332454 0.252099
v -0.741767 0.302655 0.245384
v -0.730227 0.313438 0.252099
v -0.753475 0.303162 0.217972
v -0.746839 0.292380 0.229558
v -0.753475 0.210261 0.217972
v -0.746839 0.221044 0.229558
v -0.787007 0.303162 0.226833
v -0.787052 0.292380 0.240185
v -0.787007 0.210261 0.226833
v -0.787052 0.221044 0.240185
v -0.820476 0.303162 0.217742
v -0.827192 0.292380 0.229281
v -0.820476 0.210261 0.217742
v -0.827192 0.221044 0.229281
v -0.844916 0.303162 0.193133
v -0.856502 0.292380 0.199769
v -0.844916 0.210261 0.193133
v -0.856502 0.221044 0.199769
v -0.853777 0.303162 0.159601
v -0.867129 0.292380 0.159556
v -0.853777 0.210261 0.159601
v -0.867129 0.221044 0.159556
v -0.844685 0.303162 0.126132
v -0.856226 0.292380 0.119416
v -0.844685 0.210261 0.126132
v -0.856226 0.221044 0.119416
v -0.820077 0.303162 0.101692
v -0.826713 0.292380 0.090106
v -0.820077 0.210261 0.101692
v -0.826713 0.221044 0.090106
v -0.786545 0.303162 0.092831
v -0.786499 0.292380 0.079479
v -0.786545 0.210261 0.092831
v -0.786499 0.221044 0.079479
v -0.753075 0.303162 0.101922
v -0.746360 0.292380 0.090383
v -0.753075 0.210261 0.101922
v -0.746360 0.221044 0.090383
v -0.728636 0.303162 0.126531
v -0.717050 0.292380 0.119895
v -0.728636 0.210261 0.126531
v -0.717050 0.221044 0.119895
v -0.719775 0.303162 0.160063
v -0.706423 0.292380 0.160109
v -0.719775 0.210261 0.160063
v -0.706423 0.221044 0.160109
v -0.728867 0.303162 0.193533
v -0.717326 0.292380 0.200248
v -0.728867 0.210261 0.193533
v -0.717326 0.221044 0.200248
v -0.762144 0.210833 0.252816
v -0.755508 0.200050 0.264402
v -0.762144 0.118957 0.252816
v -0.755508 0.129739 0.264402
v -0.795676 0.210833 0.261677
v -0.795722 0.200050 0.275029
v -0.795676 0.118957 0.261677
v -0.795722 0.129739 0.275029
v -0.829146 0.210833 0.252586
v -0.835861 0.200050 0.264126
v -0.829146 0.118957 0.252586
v -0.835861 0.129739 0.264126
v -0.853585 0.210833 0.227977
v -0.865171 0.200050 0.234613
v -0.853585 0.118957 0.227977
v -0.865171 0.129739 0.234613
v -0.862446 0.210833 0.194445
v -0.875798 0.200050 0.194399
v -0.862446 0.118957 0.194445
v -0.875798 0.129739 0.194399
v -0.853354 0.210833 0.160976
v -0.864894 0.200050 0.154260
v -0.853354 0.118957 0.160976
v -0.864894 0.129739 0.154260
v -0.828746 0.210832 0.136536
v -0.835382 0.200050 0.124950
v -0.828746 0.118957 0.136536
v -0.835382 0.129739 0.124950
v -0.795214 0.210832 0.127675
v -0.795168 0.200050 0.114323
v -0.795214 0.118957 0.127675
v -0.795168 0.129739 0.114323
v -0.761744 0.210832 0.136767
v -0.755029 0.200050 0.125227
v -0.761744 0.118957 0.136767
v -0.755029 0.129739 0.125227
v -0.737305 0.210833 0.161375
v -0.725719 0.200050 0.154739
v -0.737305 0.118957 0.161375
v -0.725719 0.129739 0.154739
v -0.728444 0.210833 0.194907
v -0.715092 0.200050 0.194953
v -0.728444 0.118957 0.194907
v -0.715092 0.129739 0.194953
v -0.737536 0.210833 0.228377
v -0.725996 0.200050 0.235092
v -0.737536 0.118957 0.228377
v -0.725996 0.129739 0.235092
v -0.747682 0.121142 0.130854
v -0.738962 0.110360 0.120743
v -0.747682 0.080562 0.130854
v -0.738962 0.091344 0.120743
v -0.728174 0.121142 0.159531
v -0.715567 0.110360 0.155134
v -0.728174 0.080562 0.159531
v -0.715567 0.091344 0.155134
v -0.725618 0.121142 0.194119
v -0.712502 0.110360 0.196615
v -0.725618 0.080562 0.194119
v -0.712502 0.091344 0.196615
v -0.740699 0.121142 0.225352
v -0.730588 0.110360 0.234071
v -0.740699 0.080562 0.225352
v -0.730588 0.091344 0.234071
v -0.769375 0.121142 0.244859
v -0.764979 0.110360 0.257466
v -0.769375 0.080562 0.244859
v -0.764979 0.091344 0.257466
v -0.803963 0.121142 0.247415
v -0.806459 0.110360 0.260532
v -0.803963 0.080562 0.247415
v -0.806459 0.091344 0.260532
v -0.835196 0.121142 0.232335
v -0.843916 0.110360 0.242446
v -0.835196 0.080562 0.232335
v -0.843916 0.091344 0.242446
v -0.854703 0.121142 0.203658
v -0.867311 0.110360 0.208055
v -0.854703 0.080562 0.203658
v -0.867311 0.091344 0.208055
v -0.857259 0.121142 0.169070
v -0.870376 0.110360 0.166574
v -0.857259 0.080562 0.169070
v -0.870376 0.091344 0.166574
v -0.842179 0.121142 0.137838
v -0.852290 0.110360 0.129118
v -0.842179 0.080562 0.137838
v -0.852290 0.091344 0.129118
v -0.813502 0.121142 0.118330
v -0.817899 0.110360 0.105723
v -0.813502 0.080562 0.118330
v -0.817899 0.091344 0.105723
v -0.778914 0.121142 0.115774
v -0.776418 0.110360 0.102657
v -0.778914 0.080562 0.115774
v -0.776418 0.091344 0.102657
v -0.705833 0.086764 0.188983
v -0.692501 0.075981 0.188285
v -0.705833 0.046183 0.188983
v -0.692501 0.056965 0.188285
v -0.713044 0.086764 0.222908
v -0.701148 0.075981 0.228970
v -0.713044 0.046183 0.222908
v -0.701148 0.056965 0.228970
v -0.736252 0.086764 0.248683
v -0.728980 0.075981 0.259881
v -0.736252 0.046183 0.248683
v -0.728980 0.056965 0.259881
v -0.769237 0.086764 0.259401
v -0.768538 0.075981 0.272734
v -0.769237 0.046183 0.259401
v -0.768538 0.056965 0.272734
v -0.803161 0.086764 0.252190
v -0.809223 0.075981 0.264086
v -0.803161 0.046183 0.252190
v -0.809223 0.056965 0.264086
v -0.828936 0.086764 0.228983
v -0.840134 0.075981 0.236255
v -0.828936 0.046183 0.228983
v -0.840134 0.056965 0.236255
v -0.839653 0.086764 0.195998
v -0.852987 0.075981 0.196696
v -0.839653 0.046183 0.195998
v -0.852987 0.056965 0.196696
v -0.832443 0.086764 0.162073
v -0.844339 0.075981 0.156011
v -0.832443 0.046183 0.162073
v -0.844339 0.056965 0.156011
v -0.809236 0.086764 0.136299
v -0.816507 0.075981 0.125101
v -0.809236 0.046183 0.136299
v -0.816507 0.056965 0.125101
v -0.776250 0.086764 0.125581
v -0.776950 0.075981 0.112247
v -0.776250 0.046183 0.125581
v -0.776950 0.056965 0.112247
v -0.742326 0.086764 0.132792
v -0.736264 0.075981 0.120895
v -0.742326 0.046183 0.132792
v -0.736264 0.056965 0.120895
v -0.716551 0.086764 0.155999
v -0.705354 0.075981 0.148727
v -0.716551 0.046183 0.155999
v -0.705354 0.056965 0.148727
v -0.746297 0.046690 0.154089
v -0.732964 0.035907 0.153390
v -0.746297 -0.000662 0.154089
v -0.732964 0.010121 0.153390
v -0.753508 0.046690 0.188013
v -0.741612 0.035908 0.194075
v -0.753508 -0.000662 0.188013
v -0.741612 0.010121 0.194075
v -0.776715 0.046690 0.213788
v -0.769443 0.035908 0.224986
v -0.776715 -0.000662 0.213788
v -0.769443 0.010121 0.224986
v -0.809700 0.046690 0.224506
v -0.809002 0.035908 0.237839
v -0.809700 -0.000662 0.224506
v -0.809002 0.010121 0.237839
v -0.843625 0.046690 0.217295
v -0.849686 0.035908 0.229191
v -0.843625 -0.000662 0.217295
v -0.849686 0.010121 0.229191
v -0.869400 0.046690 0.194088
v -0.880597 0.035908 0.201360
v -0.869400 -0.000662 0.194088
v -0.880597 0.010121 0.201360
v -0.880117 0.046690 0.161102
v -0.893450 0.035907 0.161802
v -0.880117 -0.000662 0.161102
v -0.893450 0.010121 0.161802
v -0.872906 0.046690 0.127178
v -0.884803 0.035907 0.121116
v -0.872906 -0.000662 0.127178
v -0.884803 0.010121 0.121116
v -0.849699 0.046690 0.101404
v -0.856971 0.035907 0.090206
v -0.849699 -0.000662 0.101404
v -0.856971 0.010121 0.090206
v -0.816714 0.046690 0.090686
v -0.817413 0.035907 0.077352
v -0.816714 -0.000662 0.090686
v -0.817413 0.010121 0.077352
v -0.782789 0.046690 0.097897
v -0.776728 0.035907 0.086000
v -0.782789 -0.000662 0.097897
v -0.776728 0.010121 0.086000
v -0.757015 0.046690 0.121104
v -0.745817 0.035907 0.113832
v -0.757015 -0.000662 0.121104
v -0.745817 0.010121 0.113832
v -0.659608 0.005810 0.408934
v -0.654204 0.016593 0.421143
v -0.659608 0.046391 0.408934
v -0.654204 0.035608 0.421143
v -0.693876 0.005810 0.414286
v -0.695300 0.016593 0.427561
v -0.693876 0.046391 0.414286
v -0.695300 0.035608 0.427561
v -0.726228 0.005810 0.401787
v -0.734098 0.016593 0.412572
v -0.726228 0.046391 0.401787
v -0.734098 0.035608 0.412572
v -0.747997 0.005810 0.374787
v -0.760206 0.016593 0.380191
v -0.747997 0.046391 0.374787
v -0.760206 0.035608 0.380191
v -0.753348 0.005810 0.340520
v -0.766623 0.016593 0.339095
v -0.753348 0.046391 0.340520
v -0.766623 0.035608 0.339095
v -0.740850 0.005810 0.308167
v -0.751635 0.016593 0.300296
v -0.740850 0.046391 0.308167
v -0.751635 0.035608 0.300296
v -0.713849 0.005810 0.286399
v -0.719254 0.016593 0.274190
v -0.713849 0.046391 0.286399
v -0.719254 0.035608 0.274190
v -0.679583 0.005810 0.281047
v -0.678158 0.016593 0.267771
v -0.679583 0.046391 0.281047
v -0.678158 0.035608 0.267771
v -0.647230 0.005810 0.293545
v -0.639359 0.016593 0.282761
v -0.647230 0.046391 0.293545
v -0.639359 0.035608 0.282761
v -0.625462 0.005810 0.320546
v -0.613253 0.016593 0.315141
v -0.625462 0.046391 0.320546
v -0.613253 0.035608 0.315141
v -0.620109 0.005810 0.354813
v -0.606834 0.016593 0.356237
v -0.620109 0.046391 0.354813
v -0.606834 0.035608 0.356237
v -0.632608 0.005810 0.387165
v -0.621823 0.016593 0.395036
v -0.632608 0.046391 0.387165
v -0.621823 0.035608 0.395036
v -0.730058 0.040189 0.421865
v -0.735134 0.050971 0.434214
v -0.730058 0.080770 0.421865
v -0.735134 0.069987 0.434214
v -0.757629 0.040189 0.400824
v -0.768200 0.050971 0.408980
v -0.757629 0.080770 0.400824
v -0.768200 0.069987 0.408980
v -0.770985 0.040189 0.368817
v -0.784218 0.050971 0.370594
v -0.770985 0.080770 0.368817
v -0.784218 0.069987 0.370594
v -0.766549 0.040189 0.334419
v -0.778897 0.050971 0.329342
v -0.766549 0.080770 0.334419
v -0.778897 0.069987 0.329342
v -0.745508 0.040189 0.306848
v -0.753664 0.050971 0.296277
v -0.745508 0.080770 0.306848
v -0.753664 0.069987 0.296277
v -0.713500 0.040189 0.293491
v -0.715278 0.050971 0.280258
v -0.713500 0.080770 0.293491
v -0.715278 0.069987 0.280258
v -0.679103 0.040189 0.297928
v -0.674025 0.050971 0.285579
v -0.679103 0.080770 0.297928
v -0.674025 0.069987 0.285579
v -0.651532 0.040189 0.318969
v -0.640961 0.050971 0.310813
v -0.651532 0.080770 0.318969
v -0.640961 0.069987 0.310813
v -0.638175 0.040189 0.350976
v -0.624942 0.050971 0.349199
v -0.638175 0.080770 0.350976
v -0.624942 0.069987 0.349199
v -0.642611 0.040189 0.385374
v -0.630262 0.050971 0.390451
v -0.642611 0.080770 0.385374
v -0.630262 0.069987 0.390451
v -0.663652 0.040189 0.412945
v -0.655496 0.050971 0.423516
v -0.663652 0.080770 0.412945
v -0.655496 0.069987 0.423516
v -0.695660 0.040189 0.426302
v -0.693882 0.050971 0.439535
v -0.695660 0.080770 0.426302
v -0.693882 0.069987 0.439535
v -0.681198 0.080263 0.400237
v -0.686276 0.091045 0.412586
v -0.681198 0.173164 0.400237
v -0.686276 0.162381 0.412586
v -0.708769 0.080263 0.379196
v -0.719341 0.091045 0.387353
v -0.708769 0.173164 0.379196
v -0.719341 0.162381 0.387353
v -0.722126 0.080263 0.347189
v -0.735359 0.091045 0.348967
v -0.722126 0.173164 0.347189
v -0.735359 0.162381 0.348967
v -0.717690 0.080263 0.312791
v -0.730039 0.091045 0.307714
v -0.717690 0.173164 0.312791
v -0.730039 0.162381 0.307714
v -0.696649 0.080263 0.285220
v -0.704805 0.091045 0.274649
v -0.696649 0.173164 0.285220
v -0.704805 0.162381 0.274649
v -0.664642 0.080263 0.271864
v -0.666419 0.091045 0.258631
v -0.664642 0.173164 0.271864
v -0.666419 0.162381 0.258631
v -0.630244 0.080263 0.276300
v -0.625166 0.091045 0.263951
v -0.630244 0.173164 0.276300
v -0.625166 0.162381 0.263951
v -0.602673 0.080263 0.297341
v -0.592101 0.091045 0.289185
v -0.602673 0.173164 0.297341
v -0.592101 0.162381 0.289185
v -0.589316 0.080263 0.329348
v -0.576083 0.091045 0.327571
v -0.589316 0.173164 0.329348
v -0.576083 0.162381 0.327571
v -0.593753 0.080263 0.363746
v -0.581403 0.091045 0.368823
v -0.593753 0.173164 0.363746
v -0.581403 0.162381 0.368823
v -0.614793 0.080263 0.391317
v -0.606637 0.091045 0.401888
v -0.614793 0.173164 0.391317
v -0.606637 0.162381 0.401888
v -0.646801 0.080263 0.404674
v -0.645023 0.091045 0.417907
v -0.646801 0.173164 0.404674
v -0.645023 0.162381 0.417907
v -0.714032 0.172593 0.414771
v -0.719108 0.183375 0.427120
v -0.714032 0.221138 0.414771
v -0.719108 0.210355 0.427120
v -0.741603 0.172592 0.393730
v -0.752174 0.183375 0.401886
v -0.741603 0.221138 0.393730
v -0.752174 0.210355 0.401886
v -0.754959 0.172592 0.361723
v -0.768192 0.183375 0.363501
v -0.754959 0.221138 0.361723
v -0.768192 0.210355 0.363501
v -0.750523 0.172592 0.327325
v -0.762872 0.183375 0.322248
v -0.750523 0.221138 0.327325
v -0.762872 0.210355 0.322248
v -0.729482 0.172592 0.299754
v -0.737638 0.183375 0.289183
v -0.729482 0.221138 0.299754
v -0.737638 0.210355 0.289183
v -0.697474 0.172592 0.286398
v -0.699252 0.183375 0.273164
v -0.697474 0.221138 0.286397
v -0.699252 0.210355 0.273164
v -0.663077 0.172592 0.290834
v -0.657999 0.183375 0.278485
v -0.663077 0.221138 0.290834
v -0.657999 0.210355 0.278485
v -0.635505 0.172592 0.311875
v -0.624934 0.183375 0.303719
v -0.635505 0.221138 0.311875
v -0.624934 0.210355 0.303719
v -0.622149 0.172592 0.343882
v -0.608916 0.183375 0.342105
v -0.622149 0.221138 0.343882
v -0.608916 0.210355 0.342104
v -0.626585 0.172592 0.378280
v -0.614237 0.183375 0.383357
v -0.626585 0.221138 0.378280
v -0.614237 0.210355 0.383357
v -0.647626 0.172592 0.405851
v -0.639471 0.183375 0.416422
v -0.647626 0.221138 0.405851
v -0.639471 0.210355 0.416422
v -0.679634 0.172593 0.419208
v -0.677856 0.183375 0.432441
v -0.679634 0.221138 0.419208
v -0.677856 0.210355 0.432441
v 0.640603 0.001955 0.378250
v 0.629474 0.012737 0.385626
v 0.640603 0.042536 0.378250
v 0.629474 0.031753 0.385626
v 0.629580 0.001955 0.345366
v 0.616255 0.012737 0.346188
v 0.629580 0.042536 0.345366
v 0.616255 0.031753 0.346188
v 0.636478 0.001955 0.311376
v 0.624525 0.012737 0.305425
v 0.636478 0.042536 0.311376
v 0.624525 0.031753 0.305425
v 0.659445 0.001955 0.285388
v 0.652069 0.012737 0.274258
v 0.659445 0.042536 0.285388
v 0.652069 0.031753 0.274258
v 0.692329 0.001955 0.274365
v 0.691506 0.012737 0.261039
v 0.692329 0.042536 0.274365
v 0.691506 0.031753 0.261039
v 0.726319 0.001955 0.281262
v 0.732270 0.012737 0.269310
v 0.726319 0.042536 0.281262
v 0.732270 0.031753 0.269310
v 0.752307 0.001955 0.304229
v 0.763437 0.012737 0.296854
v 0.752307 0.042536 0.304229
v 0.763437 0.031753 0.296854
v 0.763329 0.001955 0.337114
v 0.776656 0.012737 0.336291
v 0.763329 0.042536 0.337114
v 0.776656 0.031753 0.336291
v 0.756433 0.001955 0.371104
v 0.768386 0.012737 0.377055
v 0.756433 0.042536 0.371104
v 0.768386 0.031753 0.377055
v 0.733466 0.001955 0.397092
v 0.740842 0.012737 0.408222
v 0.733466 0.042536 0.397092
v 0.740842 0.031753 0.408222
v 0.700582 0.001955 0.408114
v 0.701404 0.012737 0.421441
v 0.700582 0.042536 0.408114
v 0.701404 0.031753 0.421441
v 0.666591 0.001955 0.401218
v 0.660640 0.012737 0.413170
v 0.666591 0.042536 0.401218
v 0.660640 0.031753 0.413170
v 0.693184 0.042028 0.387752
v 0.682054 0.052811 0.395127
v 0.693184 0.134930 0.387752
v 0.682054 0.124147 0.395127
v 0.682162 0.042028 0.354868
v 0.668835 0.052811 0.355690
v 0.682162 0.134930 0.354868
v 0.668835 0.124147 0.355690
v 0.689057 0.042028 0.320878
v 0.677105 0.052811 0.314927
v 0.689057 0.134930 0.320878
v 0.677105 0.124147 0.314927
v 0.712025 0.042028 0.294890
v 0.704650 0.052811 0.283760
v 0.712025 0.134930 0.294890
v 0.704650 0.124147 0.283760
v 0.744909 0.042028 0.283867
v 0.744087 0.052811 0.270541
v 0.744909 0.134930 0.283867
v 0.744087 0.124147 0.270541
v 0.778899 0.042028 0.290763
v 0.784850 0.052811 0.278811
v 0.778899 0.134930 0.290763
v 0.784850 0.124147 0.278811
v 0.804888 0.042028 0.313731
v 0.816018 0.052811 0.306356
v 0.804888 0.134930 0.313731
v 0.816018 0.124147 0.306356
v 0.815909 0.042028 0.346615
v 0.829236 0.052811 0.345793
v 0.815909 0.134930 0.346615
v 0.829236 0.124147 0.345793
v 0.809014 0.042028 0.380605
v 0.820966 0.052811 0.386556
v 0.809014 0.134930 0.380605
v 0.820966 0.124147 0.386556
v 0.786046 0.042028 0.406593
v 0.793421 0.052811 0.417723
v 0.786046 0.134930 0.406593
v 0.793421 0.124147 0.417723
v 0.753162 0.042028 0.417616
v 0.753984 0.052811 0.430942
v 0.753162 0.134930 0.417616
v 0.753984 0.124147 0.430942
v 0.719171 0.042028 0.410720
v 0.713221 0.052811 0.422672
v 0.719171 0.134930 0.410720
v 0.713221 0.124147 0.422672
v 0.657850 0.134358 0.381367
v 0.646720 0.145141 0.388742
v 0.657850 0.226234 0.381367
v 0.646720 0.215451 0.388742
v 0.646828 0.134358 0.348483
v 0.633500 0.145141 0.349305
v 0.646828 0.226234 0.348483
v 0.633500 0.215451 0.349305
v 0.653724 0.134358 0.314493
v 0.641771 0.145141 0.308541
v 0.653724 0.226234 0.314493
v 0.641771 0.215451 0.308541
v 0.676691 0.134358 0.288505
v 0.669315 0.145141 0.277375
v 0.676691 0.226234 0.288505
v 0.669315 0.215451 0.277375
v 0.709575 0.134358 0.277482
v 0.708754 0.145141 0.264156
v 0.709575 0.226234 0.277482
v 0.708754 0.215451 0.264156
v 0.743565 0.134358 0.284378
v 0.749517 0.145141 0.272426
v 0.743565 0.226234 0.284378
v 0.749517 0.215451 0.272426
v 0.769554 0.134358 0.307346
v 0.780684 0.145141 0.299970
v 0.769554 0.226234 0.307346
v 0.780684 0.215451 0.299970
v 0.780577 0.134358 0.340230
v 0.793903 0.145141 0.339408
v 0.780577 0.226234 0.340230
v 0.793903 0.215451 0.339408
v 0.773680 0.134358 0.374220
v 0.785632 0.145141 0.380171
v 0.773680 0.226234 0.374220
v 0.785632 0.215451 0.380171
v 0.750712 0.134358 0.400208
v 0.758087 0.145141 0.411338
v 0.750712 0.226234 0.400208
v 0.758087 0.215451 0.411338
v 0.717827 0.134358 0.411231
v 0.718650 0.145141 0.424557
v 0.717827 0.226234 0.411231
v 0.718650 0.215451 0.424557
v 0.683838 0.134358 0.404334
v 0.677887 0.145141 0.416287
v 0.683838 0.226234 0.404334
v 0.677887 0.215451 0.416287
v 0.780494 0.224049 0.387869
v 0.791151 0.234831 0.395912
v 0.780494 0.264629 0.387869
v 0.791151 0.253847 0.395912
v 0.753146 0.224049 0.409200
v 0.758354 0.234831 0.421494
v 0.753146 0.264629 0.409200
v 0.758354 0.253847 0.421494
v 0.718797 0.224049 0.413999
v 0.717160 0.234831 0.427250
v 0.718797 0.264629 0.413999
v 0.717160 0.253847 0.427250
v 0.686651 0.224049 0.400981
v 0.678607 0.234831 0.411638
v 0.686651 0.264629 0.400981
v 0.678607 0.253847 0.411638
v 0.665320 0.224049 0.373634
v 0.653025 0.234831 0.378841
v 0.665320 0.264629 0.373634
v 0.653025 0.253847 0.378841
v 0.660520 0.224049 0.339285
v 0.647269 0.234831 0.337647
v 0.660520 0.264629 0.339285
v 0.647269 0.253847 0.337647
v 0.673538 0.224048 0.307138
v 0.662881 0.234831 0.299094
v 0.673538 0.264629 0.307138
v 0.662881 0.253847 0.299094
v 0.700885 0.224048 0.285807
v 0.695679 0.234831 0.273513
v 0.700885 0.264629 0.285807
v 0.695679 0.253847 0.273513
v 0.735234 0.224048 0.281008
v 0.736872 0.234831 0.267757
v 0.735234 0.264629 0.281008
v 0.736872 0.253847 0.267757
v 0.767381 0.224048 0.294026
v 0.775425 0.234831 0.283369
v 0.767381 0.264629 0.294026
v 0.775425 0.253847 0.283369
v 0.788712 0.224049 0.321373
v 0.801006 0.234831 0.316166
v 0.788712 0.264629 0.321373
v 0.801006 0.253847 0.316166
v 0.793512 0.224049 0.355722
v 0.806763 0.234831 0.357360
v 0.793512 0.264629 0.355722
v 0.806763 0.253847 0.357360
v 0.725209 0.258427 0.433408
v 0.726773 0.269210 0.446668
v 0.725209 0.299008 0.433408
v 0.726773 0.288226 0.446668
v 0.690886 0.258427 0.428418
v 0.685612 0.269210 0.440684
v 0.690886 0.299008 0.428418
v 0.685612 0.288226 0.440684
v 0.663658 0.258427 0.406936
v 0.652957 0.269210 0.414921
v 0.663658 0.299008 0.406936
v 0.652957 0.288226 0.414921
v 0.650818 0.258427 0.374718
v 0.637559 0.269210 0.376282
v 0.650818 0.299008 0.374718
v 0.637559 0.288226 0.376282
v 0.655808 0.258427 0.340396
v 0.643543 0.269209 0.335121
v 0.655808 0.299008 0.340396
v 0.643543 0.288226 0.335121
v 0.677290 0.258427 0.313167
v 0.669306 0.269209 0.302466
v 0.677290 0.299008 0.313167
v 0.669306 0.288226 0.302466
v 0.709508 0.258427 0.300327
v 0.707944 0.269209 0.287068
v 0.709508 0.299008 0.300327
v 0.707944 0.288226 0.287068
v 0.743831 0.258427 0.305317
v 0.749105 0.269209 0.293052
v 0.743831 0.299008 0.305317
v 0.749105 0.288226 0.293052
v 0.771059 0.258427 0.326799
v 0.781761 0.269209 0.318815
v 0.771059 0.299008 0.326799
v 0.781761 0.288226 0.318815
v 0.783898 0.258427 0.359017
v 0.797158 0.269210 0.357453
v 0.783898 0.299008 0.359017
v 0.797158 0.288226 0.357453
v 0.778909 0.258427 0.393339
v 0.791175 0.269210 0.398614
v 0.778909 0.299008 0.393339
v 0.791175 0.288226 0.398614
v 0.757427 0.258427 0.420568
v 0.765412 0.269210 0.431269
v 0.757427 0.299008 0.420568
v 0.765412 0.288226 0.431269
v 0.757398 0.298501 0.390761
v 0.758963 0.309283 0.404021
v 0.757398 0.345853 0.390761
v 0.758963 0.335070 0.404021
v 0.723077 0.298501 0.385771
v 0.717802 0.309283 0.398037
v 0.723077 0.345853 0.385771
v 0.717802 0.335070 0.398037
v 0.695848 0.298501 0.364289
v 0.685147 0.309283 0.372274
v 0.695848 0.345853 0.364289
v 0.685147 0.335070 0.372274
v 0.683008 0.298501 0.332071
v 0.669749 0.309283 0.333635
v 0.683008 0.345853 0.332071
v 0.669749 0.335070 0.333635
v 0.687998 0.298501 0.297749
v 0.675733 0.309283 0.292474
v 0.687998 0.345853 0.297749
v 0.675733 0.335070 0.292474
v 0.709479 0.298501 0.270520
v 0.701495 0.309283 0.259819
v 0.709479 0.345853 0.270520
v 0.701495 0.335070 0.259819
v 0.741699 0.298501 0.257681
v 0.740135 0.309283 0.244421
v 0.741699 0.345853 0.257681
v 0.740135 0.335070 0.244421
v 0.776021 0.298501 0.262670
v 0.781295 0.309283 0.250405
v 0.776021 0.345853 0.262670
v 0.781295 0.335070 0.250405
v 0.803250 0.298501 0.284152
v 0.813950 0.309283 0.276168
v 0.803250 0.345853 0.284152
v 0.813950 0.335070 0.276168
v 0.816088 0.298501 0.316371
v 0.829349 0.309283 0.314806
v 0.816088 0.345853 0.316371
v 0.829349 0.335070 0.314806
v 0.811098 0.298501 0.350692
v 0.823365 0.309283 0.355968
v 0.811098 0.345853 0.350692
v 0.823365 0.335070 0.355968
v 0.789617 0.298501 0.377921
v 0.797602 0.309283 0.388622
v 0.789617 0.345853 0.377921
v 0.797602 0.335070 0.388622
v 0.817750 0.001955 0.006236
v 0.813281 0.012737 -0.006345
v 0.817750 0.042536 0.006236
v 0.813281 0.031753 -0.006345
v 0.852323 0.001955 0.003479
v 0.854743 0.012737 -0.009651
v 0.852323 0.042536 0.003479
v 0.854743 0.031753 -0.009651
v 0.883643 0.001955 0.018378
v 0.892303 0.012737 0.008217
v 0.883643 0.042536 0.018378
v 0.892303 0.031753 0.008217
v 0.903316 0.001955 0.046941
v 0.915898 0.012737 0.042471
v 0.903316 0.042536 0.046941
v 0.915898 0.031753 0.042471
v 0.906074 0.001955 0.081514
v 0.919205 0.012737 0.083933
v 0.906074 0.042536 0.081514
v 0.919205 0.031753 0.083933
v 0.891175 0.001955 0.112833
v 0.901337 0.012737 0.121494
v 0.891175 0.042536 0.112833
v 0.901337 0.031753 0.121494
v 0.862612 0.001955 0.132507
v 0.867082 0.012737 0.145089
v 0.862612 0.042536 0.132507
v 0.867082 0.031753 0.145089
v 0.828040 0.001955 0.135264
v 0.825621 0.012737 0.148395
v 0.828040 0.042536 0.135264
v 0.825621 0.031753 0.148395
v 0.796721 0.001955 0.120365
v 0.788059 0.012737 0.130527
v 0.796721 0.042536 0.120365
v 0.788059 0.031753 0.130527
v 0.777047 0.001955 0.091803
v 0.764465 0.012737 0.096273
v 0.777047 0.042536 0.091803
v 0.764465 0.031753 0.096273
v 0.774290 0.001955 0.057230
v 0.761158 0.012737 0.054811
v 0.774290 0.042536 0.057230
v 0.761158 0.031753 0.054811
v 0.789188 0.001955 0.025911
v 0.779026 0.012737 0.017250
v 0.789188 0.042536 0.025911
v 0.779026 0.031753 0.017250
v 0.795835 0.042028 0.054967
v 0.791365 0.052811 0.042386
v 0.795835 0.134930 0.054967
v 0.791365 0.124147 0.042386
v 0.830408 0.042028 0.052210
v 0.832828 0.052811 0.039079
v 0.830408 0.134930 0.052210
v 0.832828 0.124147 0.039079
v 0.861727 0.042028 0.067109
v 0.870388 0.052811 0.056947
v 0.861727 0.134930 0.067109
v 0.870388 0.124147 0.056947
v 0.881402 0.042028 0.095672
v 0.893983 0.052811 0.091202
v 0.881402 0.134930 0.095672
v 0.893983 0.124147 0.091202
v 0.884159 0.042028 0.130244
v 0.897289 0.052811 0.132664
v 0.884159 0.134930 0.130244
v 0.897289 0.124147 0.132664
v 0.869260 0.042028 0.161564
v 0.879422 0.052811 0.170224
v 0.869260 0.134930 0.161564
v 0.879422 0.124147 0.170224
v 0.840697 0.042028 0.181238
v 0.845167 0.052811 0.193819
v 0.840697 0.134930 0.181238
v 0.845167 0.124147 0.193819
v 0.806124 0.042028 0.183995
v 0.803705 0.052811 0.197126
v 0.806124 0.134930 0.183995
v 0.803705 0.124147 0.197126
v 0.774805 0.042028 0.169096
v 0.766144 0.052811 0.179258
v 0.774805 0.134930 0.169096
v 0.766144 0.124147 0.179258
v 0.755131 0.042028 0.140534
v 0.742549 0.052811 0.145004
v 0.755131 0.134930 0.140534
v 0.742549 0.124147 0.145004
v 0.752374 0.042028 0.105961
v 0.739243 0.052811 0.103541
v 0.752374 0.134930 0.105961
v 0.739243 0.124147 0.103541
v 0.767273 0.042028 0.074641
v 0.757110 0.052811 0.065981
v 0.767273 0.134930 0.074641
v 0.757110 0.124147 0.065981
v 0.810562 0.134358 0.022220
v 0.806092 0.145141 0.009639
v 0.810562 0.179951 0.022220
v 0.806092 0.169168 0.009639
v 0.845135 0.134358 0.019463
v 0.847554 0.145141 0.006333
v 0.845135 0.179951 0.019463
v 0.847554 0.169168 0.006333
v 0.876455 0.134358 0.034362
v 0.885115 0.145141 0.024200
v 0.876455 0.179951 0.034362
v 0.885115 0.169168 0.024200
v 0.896129 0.134358 0.062925
v 0.908710 0.145141 0.058454
v 0.896129 0.179951 0.062925
v 0.908710 0.169168 0.058454
v 0.898886 0.134358 0.097497
v 0.912016 0.145141 0.099917
v 0.898886 0.179951 0.097497
v 0.912016 0.169168 0.099917
v 0.883987 0.134358 0.128817
v 0.894148 0.145141 0.137478
v 0.883987 0.179951 0.128816
v 0.894148 0.169168 0.137478
v 0.855424 0.134358 0.148491
v 0.859895 0.145141 0.161072
v 0.855424 0.179951 0.148491
v 0.859895 0.169168 0.161072
v 0.820851 0.134358 0.151248
v 0.818432 0.145141 0.164379
v 0.820851 0.179951 0.151248
v 0.818432 0.169168 0.164379
v 0.789532 0.134358 0.136349
v 0.780871 0.145141 0.146511
v 0.789532 0.179951 0.136349
v 0.780871 0.169168 0.146511
v 0.769858 0.134358 0.107787
v 0.757277 0.145141 0.112257
v 0.769858 0.179951 0.107787
v 0.757277 0.169168 0.112257
v 0.767101 0.134358 0.073214
v 0.753971 0.145141 0.070795
v 0.767101 0.179951 0.073214
v 0.753971 0.169168 0.070795
v 0.782000 0.134358 0.041894
v 0.771838 0.145141 0.033234
v 0.782000 0.179951 0.041894
v 0.771838 0.169168 0.033234
v 0.774642 0.177765 0.139666
v 0.764264 0.188548 0.148066
v 0.774642 0.218346 0.139666
v 0.764264 0.207564 0.148066
v 0.760545 0.177765 0.107978
v 0.747357 0.188548 0.110063
v 0.760545 0.218346 0.107978
v 0.747357 0.207564 0.110063
v 0.764181 0.177765 0.073486
v 0.751717 0.188548 0.068698
v 0.764181 0.218346 0.073486
v 0.751717 0.207564 0.068698
v 0.784575 0.177765 0.045433
v 0.776175 0.188548 0.035055
v 0.784575 0.218346 0.045433
v 0.776175 0.207564 0.035055
v 0.816263 0.177765 0.031336
v 0.814179 0.188548 0.018148
v 0.816263 0.218346 0.031336
v 0.814179 0.207564 0.018148
v 0.850754 0.177765 0.034972
v 0.855543 0.188548 0.022508
v 0.850754 0.218346 0.034972
v 0.855543 0.207564 0.022508
v 0.878807 0.177765 0.055366
v 0.889186 0.188548 0.046967
v 0.878807 0.218346 0.055366
v 0.889186 0.207564 0.046967
v 0.892904 0.177765 0.087054
v 0.906093 0.188548 0.084970
v 0.892904 0.218346 0.087054
v 0.906093 0.207564 0.084970
v 0.889269 0.177765 0.121546
v 0.901733 0.188548 0.126335
v 0.889269 0.218346 0.121546
v 0.901733 0.207564 0.126335
v 0.868875 0.177765 0.149599
v 0.877275 0.188548 0.159977
v 0.868875 0.218346 0.149599
v 0.877275 0.207564 0.159977
v 0.837187 0.177765 0.163696
v 0.839272 0.188548 0.176884
v 0.837187 0.218346 0.163696
v 0.839272 0.207564 0.176884
v 0.802695 0.177765 0.160061
v 0.797906 0.188548 0.172524
v 0.802695 0.218346 0.160061
v 0.797906 0.207564 0.172524
v 0.743798 0.212144 0.075022
v 0.730553 0.222926 0.073339
v 0.743798 0.252725 0.075022
v 0.730553 0.241942 0.073339
v 0.756927 0.212144 0.042920
v 0.746298 0.222926 0.034840
v 0.756927 0.252725 0.042920
v 0.746298 0.241942 0.034840
v 0.784347 0.212144 0.021684
v 0.779182 0.222926 0.009371
v 0.784347 0.252725 0.021684
v 0.779182 0.241942 0.009371
v 0.818713 0.212144 0.017002
v 0.820396 0.222926 0.003757
v 0.818713 0.252725 0.017002
v 0.820396 0.241942 0.003757
v 0.850814 0.212144 0.030131
v 0.858895 0.222926 0.019502
v 0.850814 0.252725 0.030131
v 0.858895 0.241942 0.019502
v 0.872051 0.212144 0.057551
v 0.884363 0.222926 0.052387
v 0.872051 0.252725 0.057551
v 0.884363 0.241942 0.052387
v 0.876732 0.212144 0.091916
v 0.889977 0.222926 0.093600
v 0.876732 0.252725 0.091916
v 0.889977 0.241942 0.093600
v 0.863604 0.212144 0.124018
v 0.874233 0.222926 0.132099
v 0.863604 0.252725 0.124018
v 0.874233 0.241942 0.132099
v 0.836183 0.212144 0.145255
v 0.841348 0.222926 0.157568
v 0.836183 0.252725 0.145255
v 0.841348 0.241942 0.157568
v 0.801818 0.212144 0.149936
v 0.800135 0.222926 0.163182
v 0.801818 0.252725 0.149936
v 0.800135 0.241942 0.163182
v 0.769716 0.212144 0.136807
v 0.761636 0.222926 0.147437
v 0.769716 0.252725 0.136807
v 0.761636 0.241942 0.147437
v 0.748479 0.212144 0.109387
v 0.736167 0.222926 0.114552
v 0.748479 0.252725 0.109387
v 0.736167 0.241942 0.114552
v 0.777412 0.252218 0.116556
v 0.764166 0.263000 0.114873
v 0.777412 0.299569 0.116556
v 0.764166 0.288787 0.114873
v 0.790540 0.252218 0.084455
v 0.779911 0.263000 0.076374
v 0.790540 0.299569 0.084455
v 0.779911 0.288787 0.076374
v 0.817961 0.252218 0.063217
v 0.812796 0.263000 0.050905
v 0.817961 0.299569 0.063217
v 0.812796 0.288787 0.050905
v 0.852326 0.252218 0.058536
v 0.854009 0.263000 0.045291
v 0.852326 0.299569 0.058536
v 0.854009 0.288787 0.045291
v 0.884427 0.252218 0.071665
v 0.892508 0.263000 0.061036
v 0.884427 0.299569 0.071665
v 0.892508 0.288787 0.061036
v 0.905665 0.252218 0.099085
v 0.917977 0.263000 0.093921
v 0.905665 0.299569 0.099085
v 0.917977 0.288787 0.093921
v 0.910345 0.252218 0.133451
v 0.923591 0.263000 0.135134
v 0.910345 0.299569 0.133451
v 0.923591 0.288787 0.135134
v 0.897217 0.252218 0.165553
v 0.907846 0.263000 0.173633
v 0.897217 0.299569 0.165553
v 0.907846 0.288787 0.173633
v 0.869797 0.252218 0.186789
v 0.874961 0.263000 0.199102
v 0.869797 0.299569 0.186789
v 0.874961 0.288787 0.199102
v 0.835432 0.252218 0.191470
v 0.833748 0.263000 0.204716
v 0.835432 0.299569 0.191470
v 0.833748 0.288787 0.204716
v 0.803330 0.252218 0.178342
v 0.795249 0.263000 0.188971
v 0.803330 0.299569 0.178342
v 0.795249 0.288787 0.188971
v 0.782093 0.252218 0.150922
v 0.769780 0.263000 0.156086
v 0.782093 0.299569 0.150922
v 0.769780 0.288787 0.156086
v -0.106015 0.031753 0.455535
v -0.107708 0.042536 0.468779
v -0.106015 0.012737 0.455535
v -0.107708 0.001955 0.468779
v -0.147232 0.031753 0.461120
v -0.142076 0.042536 0.473436
v -0.147232 0.012737 0.461120
v -0.142076 0.001955 0.473436
v -0.180135 0.031753 0.486565
v -0.169512 0.042536 0.494653
v -0.180135 0.012737 0.486565
v -0.169512 0.001955 0.494653
v -0.195908 0.031753 0.525052
v -0.182663 0.042536 0.526745
v -0.195908 0.012737 0.525052
v -0.182663 0.001955 0.526745
v -0.190323 0.031753 0.566270
v -0.178007 0.042536 0.561114
v -0.190323 0.012737 0.566270
v -0.178007 0.001955 0.561114
v -0.164879 0.031753 0.599172
v -0.156790 0.042536 0.588549
v -0.164879 0.012737 0.599172
v -0.156790 0.001955 0.588549
v -0.126391 0.031753 0.614945
v -0.124698 0.042536 0.601701
v -0.126391 0.012737 0.614945
v -0.124698 0.001955 0.601701
v -0.085173 0.031753 0.609361
v -0.090329 0.042536 0.597045
v -0.085173 0.012737 0.609361
v -0.090329 0.001955 0.597045
v -0.052270 0.031753 0.583916
v -0.062894 0.042536 0.575827
v -0.052270 0.012737 0.583916
v -0.062894 0.001955 0.575827
v -0.036498 0.031753 0.545428
v -0.049742 0.042536 0.543736
v -0.036498 0.012737 0.545428
v -0.049742 0.001955 0.543736
v -0.042083 0.031753 0.504211
v -0.054398 0.042536 0.509367
v -0.042083 0.012737 0.504211
v -0.054398 0.001955 0.509367
v -0.067527 0.031753 0.471308
v -0.075615 0.042536 0.481931
v -0.067527 0.012737 0.471308
v -0.075615 0.001955 0.481931
v 0.809048 0.001955 -0.149840
v 0.816240 0.012737 -0.161090
v 0.809048 0.042535 -0.149840
v 0.816240 0.031753 -0.161090
v 0.832438 0.001955 -0.124232
v 0.844291 0.012737 -0.130378
v 0.832438 0.042535 -0.124232
v 0.844291 0.031753 -0.130378
v 0.839890 0.001955 -0.090359
v 0.853229 0.012737 -0.089755
v 0.839890 0.042536 -0.090359
v 0.853229 0.031753 -0.089755
v 0.829408 0.001955 -0.057299
v 0.840657 0.012737 -0.050107
v 0.829408 0.042536 -0.057299
v 0.840657 0.031753 -0.050107
v 0.803800 0.001955 -0.033909
v 0.809946 0.012737 -0.022056
v 0.803800 0.042536 -0.033909
v 0.809946 0.031753 -0.022056
v 0.769927 0.001955 -0.026457
v 0.769323 0.012737 -0.013119
v 0.769927 0.042536 -0.026457
v 0.769323 0.031753 -0.013119
v 0.736866 0.001955 -0.036939
v 0.729674 0.012737 -0.025690
v 0.736866 0.042536 -0.036939
v 0.729674 0.031753 -0.025690
v 0.713476 0.001955 -0.062548
v 0.701624 0.012737 -0.056401
v 0.713476 0.042536 -0.062548
v 0.701624 0.031753 -0.056401
v 0.706024 0.001955 -0.096420
v 0.692685 0.012737 -0.097024
v 0.706024 0.042536 -0.096420
v 0.692685 0.031753 -0.097024
v 0.716507 0.001955 -0.129481
v 0.705257 0.012737 -0.136672
v 0.716507 0.042535 -0.129481
v 0.705257 0.031753 -0.136672
v 0.742115 0.001955 -0.152871
v 0.735969 0.012737 -0.164724
v 0.742115 0.042535 -0.152871
v 0.735969 0.031753 -0.164724
v 0.775987 0.001955 -0.160323
v 0.776592 0.012737 -0.173661
v 0.775987 0.042535 -0.160323
v 0.776592 0.031753 -0.173661
v 0.757122 0.042028 -0.137246
v 0.764314 0.052811 -0.148495
v 0.757122 0.134930 -0.137246
v 0.764314 0.124147 -0.148495
v 0.780512 0.042028 -0.111637
v 0.792365 0.052811 -0.117783
v 0.780512 0.134930 -0.111637
v 0.792365 0.124147 -0.117783
v 0.787964 0.042028 -0.077765
v 0.801302 0.052811 -0.077161
v 0.787964 0.134930 -0.077765
v 0.801302 0.124147 -0.077161
v 0.777481 0.042028 -0.044704
v 0.788731 0.052811 -0.037512
v 0.777481 0.134930 -0.044704
v 0.788731 0.124147 -0.037512
v 0.751873 0.042028 -0.021314
v 0.758020 0.052811 -0.009461
v 0.751873 0.134930 -0.021314
v 0.758020 0.124147 -0.009461
v 0.718000 0.042028 -0.013862
v 0.717397 0.052811 -0.000524
v 0.718000 0.134930 -0.013862
v 0.717397 0.124147 -0.000524
v 0.684941 0.042028 -0.024344
v 0.677748 0.052811 -0.013095
v 0.684941 0.134930 -0.024344
v 0.677748 0.124147 -0.013095
v 0.661551 0.042028 -0.049953
v 0.649697 0.052811 -0.043807
v 0.661551 0.134930 -0.049953
v 0.649697 0.124147 -0.043807
v 0.654098 0.042028 -0.083825
v 0.640760 0.052811 -0.084429
v 0.654098 0.134930 -0.083825
v 0.640760 0.124147 -0.084429
v 0.664580 0.042028 -0.116886
v 0.653331 0.052811 -0.124078
v 0.664580 0.134930 -0.116886
v 0.653331 0.124147 -0.124078
v 0.690189 0.042028 -0.140276
v 0.684042 0.052811 -0.152129
v 0.690189 0.134930 -0.140276
v 0.684042 0.124147 -0.152129
v 0.724062 0.042028 -0.147728
v 0.724665 0.052811 -0.161066
v 0.724062 0.134930 -0.147728
v 0.724665 0.124147 -0.161066
v 0.792017 0.134358 -0.145709
v 0.799208 0.145141 -0.156958
v 0.792017 0.179951 -0.145709
v 0.799208 0.169168 -0.156958
v 0.815406 0.134358 -0.120101
v 0.827259 0.145141 -0.126247
v 0.815406 0.179951 -0.120101
v 0.827259 0.169168 -0.126247
v 0.822859 0.134358 -0.086228
v 0.836197 0.145141 -0.085624
v 0.822859 0.179951 -0.086228
v 0.836197 0.169168 -0.085624
v 0.812376 0.134358 -0.053168
v 0.823625 0.145141 -0.045976
v 0.812376 0.179951 -0.053168
v 0.823625 0.169168 -0.045976
v 0.786767 0.134358 -0.029778
v 0.792913 0.145141 -0.017925
v 0.786767 0.179951 -0.029778
v 0.792913 0.169168 -0.017925
v 0.752895 0.134358 -0.022326
v 0.752291 0.145141 -0.008987
v 0.752895 0.179951 -0.022326
v 0.752291 0.169168 -0.008987
v 0.719834 0.134358 -0.032808
v 0.712643 0.145141 -0.021559
v 0.719834 0.179951 -0.032808
v 0.712643 0.169168 -0.021559
v 0.696444 0.134358 -0.058417
v 0.684591 0.145141 -0.052271
v 0.696444 0.179951 -0.058417
v 0.684591 0.169168 -0.052271
v 0.688993 0.134358 -0.092289
v 0.675654 0.145141 -0.092893
v 0.688993 0.179951 -0.092289
v 0.675654 0.169168 -0.092893
v 0.699475 0.134358 -0.125350
v 0.688225 0.145141 -0.132542
v 0.699475 0.179951 -0.125350
v 0.688225 0.169168 -0.132542
v 0.725083 0.134358 -0.148740
v 0.718937 0.145141 -0.160593
v 0.725083 0.179951 -0.148740
v 0.718937 0.169168 -0.160593
v 0.758956 0.134358 -0.156192
v 0.759560 0.145141 -0.169530
v 0.758956 0.179951 -0.156192
v 0.759560 0.169168 -0.169530
v 0.677237 0.177765 -0.102011
v 0.664236 0.188548 -0.105053
v 0.677237 0.218346 -0.102011
v 0.664236 0.207564 -0.105053
v 0.693609 0.177765 -0.132586
v 0.683872 0.188548 -0.141721
v 0.693609 0.218346 -0.132586
v 0.683872 0.207564 -0.141721
v 0.723077 0.177765 -0.150878
v 0.719210 0.188548 -0.163658
v 0.723077 0.218346 -0.150878
v 0.719210 0.207564 -0.163658
v 0.757741 0.177765 -0.151987
v 0.760783 0.188548 -0.164988
v 0.757741 0.218346 -0.151987
v 0.760783 0.207564 -0.164988
v 0.788315 0.177765 -0.135615
v 0.797451 0.188548 -0.145352
v 0.788315 0.218346 -0.135615
v 0.797451 0.207564 -0.145352
v 0.806607 0.177765 -0.106148
v 0.819389 0.188548 -0.110014
v 0.806607 0.218346 -0.106148
v 0.819389 0.207564 -0.110014
v 0.807717 0.177765 -0.071483
v 0.820717 0.188548 -0.068441
v 0.807717 0.218346 -0.071483
v 0.820717 0.207564 -0.068441
v 0.791344 0.177765 -0.040908
v 0.801082 0.188548 -0.031773
v 0.791344 0.218346 -0.040908
v 0.801082 0.207564 -0.031773
v 0.761877 0.177765 -0.022616
v 0.765744 0.188548 -0.009836
v 0.761877 0.218346 -0.022616
v 0.765744 0.207564 -0.009836
v 0.727212 0.177765 -0.021507
v 0.724171 0.188548 -0.008507
v 0.727212 0.218346 -0.021507
v 0.724171 0.207564 -0.008507
v 0.696638 0.177765 -0.037880
v 0.687503 0.188548 -0.028142
v 0.696638 0.218346 -0.037880
v 0.687503 0.207564 -0.028142
v 0.678345 0.177765 -0.067346
v 0.665565 0.188548 -0.063480
v 0.678345 0.218346 -0.067346
v 0.665565 0.207564 -0.063480
v 0.709357 0.212144 -0.166031
v 0.702560 0.222926 -0.177523
v 0.709357 0.252725 -0.166031
v 0.702560 0.241942 -0.177523
v 0.742761 0.212144 -0.175361
v 0.742621 0.222926 -0.188712
v 0.742761 0.252725 -0.175361
v 0.742621 0.241942 -0.188712
v 0.776355 0.212144 -0.166739
v 0.782909 0.222926 -0.178372
v 0.776355 0.252725 -0.166739
v 0.782909 0.241942 -0.178372
v 0.801137 0.212144 -0.142475
v 0.812629 0.222926 -0.149273
v 0.801137 0.252725 -0.142475
v 0.812629 0.241942 -0.149273
v 0.810467 0.212144 -0.109071
v 0.823819 0.222926 -0.109212
v 0.810467 0.252725 -0.109071
v 0.823819 0.241942 -0.109212
v 0.801845 0.212144 -0.075477
v 0.813478 0.222926 -0.068924
v 0.801845 0.252725 -0.075477
v 0.813478 0.241942 -0.068924
v 0.777582 0.212144 -0.050695
v 0.784379 0.222926 -0.039203
v 0.777582 0.252725 -0.050695
v 0.784379 0.241942 -0.039203
v 0.744177 0.212144 -0.041365
v 0.744318 0.222926 -0.028014
v 0.744177 0.252725 -0.041365
v 0.744318 0.241942 -0.028014
v 0.710583 0.212144 -0.049987
v 0.704030 0.222926 -0.038354
v 0.710583 0.252725 -0.049987
v 0.704030 0.241942 -0.038354
v 0.685802 0.212144 -0.074251
v 0.674309 0.222926 -0.067453
v 0.685802 0.252725 -0.074251
v 0.674309 0.241942 -0.067453
v 0.676472 0.212144 -0.107655
v 0.663121 0.222926 -0.107514
v 0.676472 0.252725 -0.107655
v 0.663121 0.241942 -0.107514
v 0.685094 0.212144 -0.141249
v 0.673461 0.222926 -0.147803
v 0.685094 0.252725 -0.141249
v 0.673461 0.241942 -0.147803
v 0.697186 0.252218 -0.114005
v 0.690387 0.263000 -0.125496
v 0.697186 0.299569 -0.114005
v 0.690387 0.288787 -0.125496
v 0.730589 0.252218 -0.123334
v 0.730447 0.263000 -0.136685
v 0.730589 0.299569 -0.123334
v 0.730447 0.288787 -0.136685
v 0.764183 0.252218 -0.114712
v 0.770737 0.263000 -0.126345
v 0.764183 0.299569 -0.114712
v 0.770737 0.288787 -0.126345
v 0.788965 0.252218 -0.090448
v 0.800456 0.263000 -0.097246
v 0.788965 0.299569 -0.090448
v 0.800456 0.288787 -0.097246
v 0.798295 0.252218 -0.057044
v 0.811646 0.263000 -0.057185
v 0.798295 0.299569 -0.057044
v 0.811646 0.288787 -0.057185
v 0.789673 0.252218 -0.023450
v 0.801306 0.263000 -0.016897
v 0.789673 0.299569 -0.023450
v 0.801306 0.288787 -0.016897
v 0.765408 0.252218 0.001332
v 0.772206 0.263000 0.012823
v 0.765408 0.299569 0.001332
v 0.772206 0.288787 0.012823
v 0.732004 0.252218 0.010662
v 0.732145 0.263000 0.024012
v 0.732004 0.299569 0.010662
v 0.732145 0.288787 0.024012
v 0.698411 0.252218 0.002040
v 0.691857 0.263000 0.013672
v 0.698411 0.299569 0.002040
v 0.691857 0.288787 0.013672
v 0.673628 0.252218 -0.022225
v 0.662137 0.263000 -0.015427
v 0.673628 0.299569 -0.022225
v 0.662137 0.288787 -0.015427
v 0.664299 0.252218 -0.055629
v 0.650948 0.263000 -0.055487
v 0.664299 0.299569 -0.055629
v 0.650948 0.288787 -0.055487
v 0.672921 0.252218 -0.089222
v 0.661288 0.263000 -0.095776
v 0.672921 0.299569 -0.089222
v 0.661288 0.288787 -0.095776
v 0.637541 0.182469 0.492704
v 0.645628 0.171687 0.482081
v 0.637541 0.122237 0.492704
v 0.645628 0.133019 0.482081
v 0.658757 0.182469 0.520140
v 0.671073 0.171687 0.514984
v 0.658757 0.122237 0.520140
v 0.671073 0.133019 0.514984
v 0.663414 0.182469 0.554509
v 0.676658 0.171687 0.556202
v 0.663414 0.122237 0.554509
v 0.676658 0.133019 0.556202
v 0.650262 0.182469 0.586601
v 0.660885 0.171687 0.594689
v 0.650262 0.122237 0.586601
v 0.660885 0.133019 0.594689
v 0.622826 0.182469 0.607818
v 0.627982 0.171687 0.620134
v 0.622826 0.122237 0.607818
v 0.627982 0.133019 0.620134
v 0.588458 0.182469 0.612474
v 0.586765 0.171687 0.625718
v 0.588458 0.122237 0.612474
v 0.586765 0.133019 0.625718
v 0.556366 0.182469 0.599322
v 0.548278 0.171687 0.609946
v 0.556366 0.122237 0.599322
v 0.548278 0.133019 0.609946
v 0.535149 0.182469 0.571886
v 0.522833 0.171687 0.577043
v 0.535149 0.122237 0.571886
v 0.522833 0.133019 0.577043
v 0.530492 0.182469 0.537518
v 0.517248 0.171687 0.535825
v 0.530492 0.122237 0.537518
v 0.517248 0.133019 0.535825
v 0.543644 0.182469 0.505426
v 0.533021 0.171687 0.497338
v 0.543644 0.122237 0.505426
v 0.533021 0.133019 0.497338
v 0.571080 0.182469 0.484209
v 0.565924 0.171687 0.471893
v 0.571080 0.122237 0.484209
v 0.565924 0.133019 0.471893
v 0.605449 0.182469 0.479553
v 0.607141 0.171687 0.466309
v 0.605449 0.122237 0.479553
v 0.607141 0.133019 0.466309
v 0.519571 0.124422 0.526867
v 0.506863 0.113640 0.522772
v 0.519571 0.083841 0.526867
v 0.506863 0.094624 0.522772
v 0.538390 0.124422 0.497733
v 0.529432 0.113640 0.487834
v 0.538390 0.083841 0.497734
v 0.529432 0.094624 0.487834
v 0.569255 0.124422 0.481913
v 0.566446 0.113640 0.468860
v 0.569255 0.083841 0.481914
v 0.566446 0.094624 0.468860
v 0.603894 0.124422 0.483644
v 0.607988 0.113640 0.470935
v 0.603894 0.083841 0.483644
v 0.607988 0.094624 0.470935
v 0.633027 0.124422 0.502463
v 0.642927 0.113640 0.493505
v 0.633027 0.083841 0.502463
v 0.642927 0.094624 0.493505
v 0.648847 0.124422 0.533327
v 0.661901 0.113640 0.530519
v 0.648847 0.083841 0.533327
v 0.661901 0.094624 0.530519
v 0.647117 0.124422 0.567966
v 0.659825 0.113640 0.572061
v 0.647117 0.083841 0.567966
v 0.659825 0.094624 0.572061
v 0.628298 0.124422 0.597099
v 0.637256 0.113640 0.607000
v 0.628298 0.083841 0.597099
v 0.637256 0.094624 0.607000
v 0.597434 0.124422 0.612920
v 0.600242 0.113640 0.625973
v 0.597434 0.083841 0.612920
v 0.600242 0.094624 0.625973
v 0.562795 0.124422 0.611189
v 0.558700 0.113640 0.623897
v 0.562795 0.083841 0.611189
v 0.558700 0.094624 0.623897
v 0.533662 0.124422 0.592371
v 0.523761 0.113640 0.601329
v 0.533662 0.083841 0.592371
v 0.523761 0.094624 0.601329
v 0.517840 0.124422 0.561506
v 0.504787 0.113640 0.564314
v 0.517840 0.083841 0.561506
v 0.504787 0.094624 0.564314
v 0.556821 0.090044 0.465689
v 0.550986 0.079261 0.453680
v 0.556821 0.049463 0.465689
v 0.550986 0.060245 0.453680
v 0.590877 0.090044 0.459123
v 0.591828 0.079261 0.445806
v 0.590877 0.049463 0.459123
v 0.591828 0.060245 0.445806
v 0.623652 0.090044 0.470464
v 0.631136 0.079261 0.459406
v 0.623652 0.049463 0.470464
v 0.631136 0.060245 0.459406
v 0.646367 0.090044 0.496674
v 0.658376 0.079261 0.490839
v 0.646367 0.049463 0.496674
v 0.658376 0.060245 0.490839
v 0.652933 0.090044 0.530729
v 0.666251 0.079261 0.531681
v 0.652933 0.049463 0.530729
v 0.666251 0.060245 0.531681
v 0.641592 0.090044 0.563505
v 0.652649 0.079261 0.570988
v 0.641592 0.049463 0.563505
v 0.652649 0.060245 0.570988
v 0.615382 0.090044 0.586219
v 0.621217 0.079261 0.598228
v 0.615382 0.049463 0.586219
v 0.621217 0.060245 0.598228
v 0.581327 0.090044 0.592786
v 0.580375 0.079261 0.606104
v 0.581327 0.049463 0.592786
v 0.580375 0.060245 0.606104
v 0.548551 0.090044 0.581445
v 0.541067 0.079261 0.592502
v 0.548551 0.049463 0.581445
v 0.541067 0.060245 0.592502
v 0.525837 0.090044 0.555235
v 0.513827 0.079261 0.561070
v 0.525837 0.049463 0.555235
v 0.513827 0.060245 0.561070
v 0.519271 0.090044 0.521179
v 0.505953 0.079261 0.520228
v 0.519271 0.049463 0.521179
v 0.505953 0.060245 0.520228
v 0.530611 0.090044 0.488403
v 0.519554 0.079261 0.480920
v 0.530611 0.049463 0.488403
v 0.519554 0.060245 0.480920
v 0.540434 0.049970 0.516546
v 0.534599 0.039187 0.504537
v 0.540434 0.002618 0.516546
v 0.534599 0.013400 0.504537
v 0.574489 0.049970 0.509980
v 0.575441 0.039187 0.496662
v 0.574489 0.002618 0.509980
v 0.575441 0.013400 0.496662
v 0.607265 0.049970 0.521321
v 0.614748 0.039187 0.510263
v 0.607265 0.002618 0.521321
v 0.614748 0.013400 0.510263
v 0.629979 0.049970 0.547531
v 0.641988 0.039187 0.541695
v 0.629979 0.002618 0.547531
v 0.641988 0.013400 0.541695
v 0.636546 0.049970 0.581585
v 0.649863 0.039187 0.582537
v 0.636546 0.002618 0.581585
v 0.649863 0.013400 0.582537
v 0.625205 0.049970 0.614362
v 0.636262 0.039187 0.621845
v 0.625205 0.002618 0.614362
v 0.636262 0.013400 0.621845
v 0.598994 0.049970 0.637076
v 0.604829 0.039187 0.649085
v 0.598994 0.002618 0.637076
v 0.604829 0.013400 0.649085
v 0.564939 0.049970 0.643643
v 0.563988 0.039187 0.656960
v 0.564939 0.002618 0.643643
v 0.563988 0.013400 0.656960
v 0.532163 0.049970 0.632301
v 0.524680 0.039187 0.643359
v 0.532163 0.002618 0.632301
v 0.524680 0.013400 0.643359
v 0.509449 0.049970 0.606092
v 0.497439 0.039187 0.611927
v 0.509449 0.002618 0.606092
v 0.497439 0.013400 0.611927
v 0.502883 0.049970 0.572036
v 0.489565 0.039187 0.571085
v 0.502883 0.002618 0.572036
v 0.489565 0.013400 0.571085
v 0.514224 0.049970 0.539260
v 0.503166 0.039187 0.531777
v 0.514224 0.002618 0.539260
v 0.503166 0.013400 0.531777
v -0.099376 0.042028 0.490236
v -0.091287 0.052811 0.479613
v -0.099376 0.134930 0.490236
v -0.091287 0.124147 0.479613
v -0.078160 0.042028 0.517672
v -0.065843 0.052811 0.512516
v -0.078160 0.134930 0.517672
v -0.065843 0.124147 0.512516
v -0.073503 0.042028 0.552040
v -0.060259 0.052811 0.553733
v -0.073503 0.134930 0.552040
v -0.060259 0.124147 0.553733
v -0.086654 0.042029 0.584133
v -0.076032 0.052811 0.592221
v -0.086654 0.134930 0.584133
v -0.076032 0.124147 0.592221
v -0.114090 0.042029 0.605350
v -0.108934 0.052811 0.617666
v -0.114090 0.134930 0.605350
v -0.108934 0.124147 0.617666
v -0.148459 0.042029 0.610006
v -0.150151 0.052811 0.623250
v -0.148459 0.134930 0.610006
v -0.150151 0.124147 0.623250
v -0.180551 0.042029 0.596854
v -0.188640 0.052811 0.607477
v -0.180551 0.134930 0.596854
v -0.188640 0.124147 0.607477
v -0.201768 0.042029 0.569418
v -0.214084 0.052811 0.574575
v -0.201768 0.134930 0.569418
v -0.214084 0.124147 0.574575
v -0.206425 0.042028 0.535050
v -0.219668 0.052811 0.533357
v -0.206425 0.134930 0.535050
v -0.219668 0.124147 0.533357
v -0.193273 0.042028 0.502958
v -0.203896 0.052811 0.494869
v -0.193273 0.134930 0.502958
v -0.203896 0.124147 0.494869
v -0.165837 0.042028 0.481741
v -0.170993 0.052811 0.469424
v -0.165837 0.134930 0.481741
v -0.170993 0.124147 0.469424
v -0.131467 0.042028 0.477085
v -0.129775 0.052811 0.463840
v -0.131467 0.134930 0.477085
v -0.129775 0.124147 0.463840
v -0.063906 0.134358 0.484655
v -0.055819 0.145141 0.474032
v -0.063906 0.187384 0.484655
v -0.055819 0.176601 0.474032
v -0.042690 0.134358 0.512091
v -0.030374 0.145141 0.506935
v -0.042690 0.187384 0.512091
v -0.030374 0.176601 0.506935
v -0.038033 0.134358 0.546460
v -0.024789 0.145141 0.548152
v -0.038033 0.187384 0.546460
v -0.024789 0.176601 0.548152
v -0.051184 0.134358 0.578552
v -0.040561 0.145141 0.586640
v -0.051184 0.187384 0.578552
v -0.040561 0.176601 0.586640
v -0.078620 0.134358 0.599769
v -0.073465 0.145141 0.612084
v -0.078620 0.187384 0.599769
v -0.073465 0.176601 0.612084
v -0.112989 0.134358 0.604425
v -0.114682 0.145141 0.617669
v -0.112989 0.187384 0.604425
v -0.114682 0.176601 0.617669
v -0.145081 0.134358 0.591273
v -0.153170 0.145141 0.601897
v -0.145081 0.187384 0.591273
v -0.153170 0.176601 0.601897
v -0.166298 0.134358 0.563837
v -0.178614 0.145141 0.568994
v -0.166298 0.187384 0.563837
v -0.178614 0.176601 0.568994
v -0.170955 0.134358 0.529469
v -0.184199 0.145141 0.527776
v -0.170955 0.187384 0.529469
v -0.184199 0.176601 0.527776
v -0.157803 0.134358 0.497377
v -0.168426 0.145141 0.489289
v -0.157803 0.187384 0.497377
v -0.168426 0.176601 0.489289
v -0.130367 0.134358 0.476160
v -0.135523 0.145141 0.463844
v -0.130367 0.187384 0.476160
v -0.135523 0.176601 0.463844
v -0.095999 0.134358 0.471503
v -0.094306 0.145141 0.458260
v -0.095999 0.187384 0.471503
v -0.094306 0.176601 0.458260
v -0.181875 0.185198 0.518818
v -0.194584 0.195981 0.514723
v -0.181875 0.225779 0.518818
v -0.194584 0.214997 0.514723
v -0.163057 0.185198 0.489684
v -0.172015 0.195981 0.479784
v -0.163057 0.225779 0.489684
v -0.172015 0.214997 0.479784
v -0.132192 0.185198 0.473864
v -0.135000 0.195981 0.460811
v -0.132192 0.225779 0.473864
v -0.135000 0.214997 0.460811
v -0.097553 0.185198 0.475595
v -0.093458 0.195981 0.462886
v -0.097553 0.225779 0.475595
v -0.093458 0.214997 0.462886
v -0.068420 0.185198 0.494413
v -0.058520 0.195981 0.485456
v -0.068420 0.225779 0.494413
v -0.058520 0.214997 0.485456
v -0.052600 0.185198 0.525277
v -0.039546 0.195981 0.522470
v -0.052600 0.225779 0.525277
v -0.039546 0.214997 0.522470
v -0.054331 0.185198 0.559917
v -0.041622 0.195981 0.564012
v -0.054331 0.225779 0.559917
v -0.041622 0.214997 0.564012
v -0.073150 0.185198 0.589050
v -0.064190 0.195981 0.598951
v -0.073150 0.225779 0.589050
v -0.064190 0.214997 0.598951
v -0.104013 0.185198 0.604871
v -0.101205 0.195981 0.617924
v -0.104013 0.225779 0.604871
v -0.101205 0.214997 0.617924
v -0.138652 0.185198 0.603140
v -0.142748 0.195981 0.615848
v -0.138652 0.225779 0.603140
v -0.142748 0.214997 0.615848
v -0.167786 0.185198 0.584321
v -0.177686 0.195981 0.593279
v -0.167786 0.225779 0.584321
v -0.177686 0.214997 0.593279
v -0.183607 0.185198 0.553457
v -0.196660 0.195981 0.556265
v -0.183607 0.225779 0.553457
v -0.196660 0.214997 0.556265
v -0.144626 0.219577 0.457640
v -0.150461 0.230359 0.445631
v -0.144626 0.260158 0.457640
v -0.150461 0.249375 0.445631
v -0.110570 0.219577 0.451074
v -0.109619 0.230359 0.437756
v -0.110570 0.260158 0.451074
v -0.109619 0.249375 0.437756
v -0.077795 0.219577 0.462415
v -0.070312 0.230359 0.451357
v -0.077795 0.260158 0.462415
v -0.070312 0.249375 0.451357
v -0.055080 0.219577 0.488625
v -0.043071 0.230359 0.482790
v -0.055080 0.260158 0.488625
v -0.043071 0.249375 0.482790
v -0.048514 0.219577 0.522680
v -0.035196 0.230359 0.523632
v -0.048514 0.260158 0.522680
v -0.035196 0.249375 0.523632
v -0.059855 0.219577 0.555456
v -0.048798 0.230359 0.562939
v -0.059855 0.260158 0.555456
v -0.048798 0.249375 0.562939
v -0.086065 0.219577 0.578170
v -0.080230 0.230359 0.590179
v -0.086065 0.260158 0.578170
v -0.080230 0.249375 0.590179
v -0.120120 0.219577 0.584736
v -0.121071 0.230359 0.598054
v -0.120120 0.260158 0.584736
v -0.121071 0.249375 0.598054
v -0.152896 0.219577 0.573396
v -0.160379 0.230359 0.584453
v -0.152896 0.260158 0.573396
v -0.160379 0.249375 0.584453
v -0.175610 0.219577 0.547185
v -0.187619 0.230359 0.553021
v -0.175610 0.260158 0.547185
v -0.187619 0.249375 0.553021
v -0.182176 0.219577 0.513130
v -0.195494 0.230359 0.512179
v -0.182176 0.260158 0.513130
v -0.195494 0.249375 0.512179
v -0.170835 0.219577 0.480354
v -0.181893 0.230359 0.472871
v -0.170835 0.260158 0.480354
v -0.181893 0.249375 0.472871
v -0.161013 0.259651 0.508496
v -0.166849 0.270433 0.496487
v -0.161013 0.307002 0.508496
v -0.166849 0.296220 0.496487
v -0.126958 0.259651 0.501931
v -0.126006 0.270433 0.488613
v -0.126958 0.307002 0.501931
v -0.126006 0.296220 0.488613
v -0.094182 0.259651 0.513271
v -0.086699 0.270433 0.502213
v -0.094182 0.307002 0.513271
v -0.086699 0.296220 0.502213
v -0.071468 0.259651 0.539481
v -0.059459 0.270433 0.533646
v -0.071468 0.307002 0.539481
v -0.059459 0.296220 0.533646
v -0.064902 0.259651 0.573536
v -0.051584 0.270433 0.574488
v -0.064902 0.307002 0.573536
v -0.051584 0.296220 0.574488
v -0.076243 0.259651 0.606313
v -0.065184 0.270433 0.613795
v -0.076243 0.307002 0.606313
v -0.065184 0.296220 0.613795
v -0.102453 0.259651 0.629027
v -0.096618 0.270433 0.641036
v -0.102453 0.307002 0.629027
v -0.096618 0.296220 0.641036
v -0.136507 0.259651 0.635593
v -0.137459 0.270433 0.648911
v -0.136507 0.307002 0.635593
v -0.137459 0.296220 0.648911
v -0.169284 0.259651 0.624252
v -0.176767 0.270433 0.635309
v -0.169284 0.307002 0.624252
v -0.176767 0.296220 0.635309
v -0.191998 0.259651 0.598042
v -0.204008 0.270433 0.603877
v -0.191998 0.307002 0.598042
v -0.204008 0.296220 0.603877
v -0.198564 0.259651 0.563987
v -0.211882 0.270433 0.563036
v -0.198564 0.307002 0.563987
v -0.211882 0.296220 0.563036
v -0.187223 0.259651 0.531211
v -0.198281 0.270433 0.523728
v -0.187223 0.307002 0.531211
v -0.198281 0.296220 0.523728
v 0.156307 0.501967 -0.099142
v 0.228141 0.592858 -0.169071
v 0.124030 0.399056 -0.180266
v 0.161560 0.440024 -0.280287
v 0.160457 0.340074 -0.199721
v 0.267624 0.599426 -0.136024
v 0.183654 0.394545 -0.304424
v 0.220612 0.515765 -0.062703
v 0.213378 0.368001 -0.303420
v 0.186769 0.315051 -0.205329
v 0.309524 0.588406 -0.116327
v 0.240595 0.586358 -0.242611
v 0.199988 0.490197 -0.321682
v 0.279269 0.596877 -0.241065
v 0.267545 0.445677 -0.353812
v 0.326370 0.592694 -0.234168
v 0.225022 0.471650 -0.342396
v 0.117273 0.432632 -0.178461
v 0.138745 0.500798 -0.124055
v 0.174895 0.549798 -0.183302
v 0.149434 0.462075 -0.254249
v 0.172764 0.534474 -0.132088
v 0.133952 0.401661 -0.233415
v 0.163520 0.361762 -0.262222
v 0.293374 0.541259 -0.100090
v 0.199522 0.338263 -0.266766
v 0.155976 0.520714 -0.146621
v 0.128111 0.438694 -0.212595
v 0.138825 0.362467 -0.162651
v 0.195251 0.494787 -0.048230
v 0.165436 0.341250 -0.165554
v 0.271685 0.494814 -0.020383
v 0.188580 0.321738 -0.168052
v 0.224109 0.496573 -0.026374
v 0.199048 0.565531 -0.158178
v 0.173545 0.544057 -0.177236
v 0.152040 0.414549 -0.277677
v 0.173512 0.376840 -0.285936
v 0.254685 0.567173 -0.135224
v 0.303396 0.549185 -0.111121
v 0.203839 0.348406 -0.280469
v 0.142216 0.454544 -0.246812
v 0.125377 0.399450 -0.214465
v 0.159750 0.347156 -0.230913
v 0.223124 0.527396 -0.078832
v 0.272251 0.532498 -0.078524
v 0.187782 0.320300 -0.236283
v 0.119857 0.434607 -0.198308
v 0.177294 0.516576 -0.115549
v 0.146498 0.512705 -0.135091
v 0.136431 0.365369 -0.193042
v 0.246545 0.596526 -0.150696
v 0.171049 0.415280 -0.301340
v 0.188672 0.512368 -0.077680
v 0.262386 0.592970 -0.241354
v 0.211544 0.480632 -0.333155
v 0.146161 0.383213 -0.254712
v 0.161900 0.393780 -0.284649
v 0.226691 0.572292 -0.149873
v 0.193127 0.523077 -0.097738
v 0.139998 0.372891 -0.223911
v 0.189210 0.497784 -0.133115
v 0.184028 0.512264 -0.146655
v 0.249506 0.532043 -0.149639
v 0.240980 0.515146 -0.132955
v 0.282317 0.522355 -0.131731
v 0.277165 0.516637 -0.122614
v 0.212222 0.514325 -0.145029
v 0.200478 0.536278 -0.169130
v 0.224153 0.536905 -0.162127
v 0.225622 0.505564 -0.106073
v 0.263845 0.511003 -0.106190
v 0.199712 0.502833 -0.122229
v 0.274267 0.603598 -0.174646
v 0.323894 0.593551 -0.159136
v 0.233100 0.589503 -0.200943
v 0.180150 0.467308 -0.304854
v 0.201096 0.424733 -0.325325
v 0.231208 0.399666 -0.327607
v 0.187126 0.441846 -0.319780
v 0.253432 0.600469 -0.184983
v 0.183864 0.394937 -0.114319
v 0.204303 0.383884 -0.112366
v 0.197621 0.481477 -0.022562
v 0.265728 0.487102 0.008738
v 0.190378 0.391098 -0.096932
v 0.216839 0.490810 -0.007257
v 0.173613 0.327562 -0.202525
v 0.285400 0.596673 -0.126860
v 0.198513 0.381267 -0.303926
v 0.250337 0.521350 -0.046329
v 0.303470 0.595640 -0.237127
v 0.246651 0.458074 -0.348782
v 0.181521 0.350013 -0.264494
v 0.177008 0.331494 -0.166803
v 0.248992 0.500708 -0.020817
v 0.188676 0.362623 -0.283202
v 0.271837 0.563204 -0.124696
v 0.246567 0.528505 -0.074965
v 0.173766 0.333728 -0.233598
v 0.260268 0.515677 -0.127886
v 0.263296 0.529649 -0.141923
v 0.243543 0.506488 -0.102675
v 0.298235 0.600370 -0.166095
v 0.216152 0.412199 -0.326466
v 0.194596 0.390416 -0.113877
v 0.242532 0.486392 -0.001556
v 0.205890 0.471329 0.002622
v 0.214139 0.474531 0.004713
v 0.228580 0.473352 0.010483
v 0.258794 0.473431 0.026941
v 0.266164 0.459707 0.025543
v 0.244235 0.464795 0.022861
v 0.319786 0.545599 -0.091121
v 0.277823 0.532065 -0.065715
v 0.274632 0.508647 -0.026736
v 0.291984 0.505632 -0.063823
v 0.290385 0.509977 -0.070563
v 0.267368 0.530576 -0.043938
v 0.282234 0.536834 -0.053833
v 0.316880 0.547863 -0.075872
v 0.286964 0.538215 -0.057759
v 0.284689 0.521519 -0.029970
v 0.277787 0.527508 -0.048373
v 0.288757 0.532126 -0.055675
v 0.314325 0.540265 -0.071939
v 0.292248 0.533145 -0.058573
v 0.290569 0.520824 -0.038065
v 0.283578 0.507111 -0.066032
v 0.306249 0.515027 -0.080655
v 0.292550 0.510609 -0.072361
v 0.291509 0.502964 -0.059636
v 0.206128 0.469844 -0.027409
v 0.239006 0.476111 -0.012238
v 0.202802 0.459866 0.001019
v 0.223908 0.462846 0.007178
v 0.258345 0.451013 0.021249
v 0.238705 0.455059 0.019141
v 0.132482 0.443221 -0.143087
v 0.143788 0.476592 -0.116918
v 0.173183 0.497619 -0.244365
v 0.186779 0.530769 -0.219872
v 0.204727 0.524330 -0.312801
v 0.217575 0.555978 -0.287645
v 0.247962 0.552618 -0.301060
v 0.234454 0.519967 -0.326752
v 0.281648 0.502790 -0.328468
v 0.294662 0.535770 -0.302217
v 0.121458 0.459554 -0.158379
v 0.132776 0.492738 -0.131841
v 0.163212 0.529380 -0.203186
v 0.152702 0.496339 -0.229873
v 0.134016 0.472497 -0.187878
v 0.145903 0.505478 -0.161280
v 0.171441 0.451233 -0.087015
v 0.176578 0.414989 -0.101477
v 0.159954 0.522367 -0.194482
v 0.147810 0.489106 -0.220487
v 0.136709 0.500837 -0.148364
v 0.124724 0.468136 -0.175030
v 0.221491 0.522254 -0.321028
v 0.235188 0.554245 -0.295755
v 0.198686 0.539631 -0.249206
v 0.185471 0.507408 -0.275912
v 0.175192 0.434082 -0.062839
v 0.181115 0.408869 -0.089503
v 0.189091 0.428098 -0.061422
v 0.257978 0.511666 -0.327818
v 0.271175 0.544539 -0.301793
v 0.207337 0.420133 -0.059456
v 0.406293 0.386058 -0.077698
v 0.439361 0.494922 -0.150953
v 0.360140 0.289580 -0.160013
v 0.381382 0.338101 -0.261431
v 0.223141 0.297893 -0.200236
v 0.251555 0.341023 -0.298350
v 0.305116 0.505263 -0.034987
v 0.342216 0.571438 -0.109784
v 0.294949 0.277715 -0.188184
v 0.414586 0.531284 -0.123418
v 0.336211 0.323810 -0.291338
v 0.370735 0.446158 -0.049825
v 0.297022 0.329218 -0.296245
v 0.260013 0.281091 -0.199047
v 0.376805 0.557210 -0.110556
v 0.436828 0.495372 -0.225778
v 0.400807 0.397085 -0.304456
v 0.419986 0.531631 -0.228994
v 0.328562 0.417386 -0.348578
v 0.297886 0.430023 -0.357395
v 0.358138 0.583107 -0.232329
v 0.385879 0.565101 -0.229063
v 0.373717 0.402705 -0.329642
v 0.389658 0.306337 -0.155097
v 0.420076 0.370355 -0.099922
v 0.442566 0.425689 -0.160342
v 0.402171 0.344890 -0.232570
v 0.425108 0.417471 -0.110442
v 0.363264 0.295337 -0.213745
v 0.327918 0.544409 -0.089209
v 0.236309 0.314882 -0.261914
v 0.318226 0.290030 -0.248952
v 0.349032 0.515452 -0.095316
v 0.278132 0.301815 -0.260022
v 0.427390 0.394869 -0.123340
v 0.392153 0.316267 -0.189946
v 0.320497 0.278232 -0.147067
v 0.368924 0.414260 -0.033333
v 0.287879 0.284478 -0.155051
v 0.316409 0.474078 -0.016546
v 0.294807 0.486014 -0.018843
v 0.224579 0.307525 -0.164932
v 0.258701 0.289225 -0.162037
v 0.348851 0.438734 -0.015674
v 0.435610 0.455846 -0.137886
v 0.438218 0.421337 -0.154533
v 0.367746 0.314534 -0.259174
v 0.329982 0.546678 -0.101008
v 0.240966 0.322691 -0.274000
v 0.326636 0.305842 -0.272801
v 0.398237 0.500613 -0.122910
v 0.350218 0.527476 -0.107104
v 0.285003 0.310773 -0.273506
v 0.400006 0.335016 -0.224699
v 0.364381 0.288632 -0.193963
v 0.227195 0.299714 -0.237659
v 0.305149 0.279739 -0.218440
v 0.380224 0.454554 -0.065356
v 0.352798 0.495151 -0.071614
v 0.267695 0.283247 -0.229428
v 0.392298 0.308286 -0.174938
v 0.406327 0.410382 -0.095903
v 0.425725 0.383237 -0.111139
v 0.328487 0.276319 -0.176568
v 0.427856 0.512458 -0.135143
v 0.359527 0.327889 -0.285172
v 0.390581 0.418750 -0.060361
v 0.427804 0.516271 -0.227165
v 0.387809 0.398904 -0.318035
v 0.344489 0.291255 -0.237700
v 0.346695 0.308098 -0.268798
v 0.421986 0.481740 -0.133121
v 0.398686 0.427767 -0.080105
v 0.336257 0.281892 -0.207076
v 0.386954 0.406096 -0.116153
v 0.403137 0.410671 -0.127860
v 0.376904 0.472974 -0.138711
v 0.367168 0.456638 -0.122130
v 0.346166 0.492751 -0.126254
v 0.343827 0.485729 -0.116896
v 0.386535 0.433502 -0.130076
v 0.414045 0.437255 -0.150811
v 0.398474 0.456078 -0.147174
v 0.365896 0.440524 -0.094041
v 0.345721 0.473040 -0.099167
v 0.382576 0.418046 -0.106544
v 0.269218 0.374113 -0.325403
v 0.418945 0.536515 -0.162236
v 0.377574 0.568661 -0.154532
v 0.438134 0.494436 -0.183355
v 0.393702 0.368292 -0.286536
v 0.350950 0.355251 -0.312471
v 0.313095 0.361698 -0.320583
v 0.351169 0.582525 -0.154241
v 0.372041 0.356107 -0.303918
v 0.431278 0.518008 -0.169728
v 0.246683 0.365303 -0.110317
v 0.309693 0.336595 -0.103525
v 0.288031 0.345063 -0.105184
v 0.353716 0.409102 -0.009172
v 0.310261 0.466454 0.012558
v 0.285304 0.469897 0.004815
v 0.244697 0.364142 -0.093429
v 0.300196 0.340179 -0.087511
v 0.346422 0.430727 0.003858
v 0.277481 0.279403 -0.193616
v 0.399902 0.543582 -0.117038
v 0.316614 0.326508 -0.293796
v 0.353764 0.473395 -0.037457
v 0.403099 0.549446 -0.228581
v 0.350553 0.409898 -0.339869
v 0.298179 0.295922 -0.254487
v 0.273290 0.286851 -0.158544
v 0.335378 0.460654 -0.013407
v 0.305820 0.308307 -0.273154
v 0.382837 0.511737 -0.115175
v 0.365609 0.473309 -0.064754
v 0.286422 0.281493 -0.223934
v 0.354588 0.471944 -0.119795
v 0.365232 0.482385 -0.133179
v 0.354719 0.454940 -0.093138
v 0.400048 0.553163 -0.157362
v 0.332022 0.358474 -0.316527
v 0.299374 0.341834 -0.104889
v 0.325924 0.447727 0.005597
v 0.337222 0.410435 0.013888
v 0.334109 0.418904 0.015004
v 0.323219 0.429472 0.018601
v 0.301746 0.453516 0.030625
v 0.286841 0.450120 0.027317
v 0.305029 0.436607 0.028076
v 0.334263 0.538886 -0.089879
v 0.347127 0.499931 -0.059770
v 0.325920 0.484867 -0.022337
v 0.317798 0.493663 -0.061609
v 0.310666 0.517139 -0.035488
v 0.323058 0.494828 -0.067761
v 0.349592 0.492452 -0.036885
v 0.346271 0.507143 -0.048340
v 0.326922 0.545048 -0.074144
v 0.335689 0.539142 -0.074258
v 0.344860 0.511370 -0.052793
v 0.329741 0.500630 -0.026105
v 0.311136 0.516944 -0.042017
v 0.341258 0.498078 -0.042929
v 0.338807 0.508920 -0.051382
v 0.323132 0.537540 -0.070545
v 0.330998 0.532534 -0.070509
v 0.337766 0.512039 -0.054668
v 0.326609 0.504114 -0.034973
v 0.324579 0.488101 -0.062515
v 0.307785 0.504723 -0.069019
v 0.305079 0.500182 -0.062019
v 0.312523 0.512961 -0.079720
v 0.318213 0.509480 -0.079628
v 0.322412 0.496763 -0.069800
v 0.315489 0.491845 -0.057579
v 0.340159 0.407699 -0.015912
v 0.281931 0.460621 -0.006006
v 0.321867 0.437692 -0.005130
v 0.330715 0.400557 0.011991
v 0.318684 0.418902 0.015307
v 0.285823 0.438272 0.023606
v 0.301683 0.425858 0.024544
v 0.383051 0.327041 -0.121594
v 0.397502 0.358954 -0.095155
v 0.412640 0.386591 -0.223825
v 0.425702 0.419989 -0.199378
v 0.422441 0.423383 -0.294126
v 0.434746 0.455283 -0.269016
v 0.321356 0.486037 -0.328229
v 0.334378 0.519015 -0.301780
v 0.414748 0.475286 -0.286753
v 0.402176 0.442200 -0.312365
v 0.359361 0.466757 -0.321802
v 0.372417 0.499717 -0.295548
v 0.404601 0.328271 -0.134091
v 0.418852 0.360095 -0.107302
v 0.437300 0.402295 -0.179675
v 0.422665 0.371167 -0.206716
v 0.410571 0.344268 -0.164155
v 0.424296 0.376396 -0.137400
v 0.356473 0.365440 -0.071143
v 0.327739 0.344901 -0.088510
v 0.432830 0.395844 -0.171075
v 0.418973 0.363378 -0.197227
v 0.424812 0.367254 -0.123651
v 0.411371 0.335228 -0.150442
v 0.411356 0.434221 -0.304742
v 0.423364 0.466994 -0.279613
v 0.428966 0.432858 -0.229453
v 0.416676 0.400206 -0.256080
v 0.337682 0.358741 -0.048901
v 0.318528 0.345155 -0.077716
v 0.324101 0.365499 -0.049841
v 0.381063 0.454596 -0.317260
v 0.393953 0.487611 -0.291261
v 0.257290 0.398540 -0.054303
v 0.306174 0.374305 -0.050978
v 0.198749 0.326930 0.296212
v 0.183943 0.326865 0.282101
v 0.170012 0.300775 0.257239
v 0.174388 0.281309 0.252738
v 0.228749 0.281551 0.304546
v 0.224372 0.301017 0.309048
v 0.200012 0.255395 0.265574
v 0.214818 0.255461 0.279685
v 0.405259 0.421553 0.079087
v 0.390453 0.421487 0.064976
v 0.381878 0.377766 0.037361
v 0.377501 0.397232 0.041862
v 0.405700 0.353674 0.049294
v 0.420506 0.353739 0.063405
v 0.429081 0.397461 0.091020
v 0.433458 0.377995 0.086519
v 0.414392 0.446621 0.069386
v 0.399587 0.446555 0.055275
v 0.376555 0.403422 0.014173
v 0.380931 0.383956 0.009671
v 0.423294 0.341114 0.030892
v 0.438100 0.341180 0.045003
v 0.461131 0.384313 0.086106
v 0.456755 0.403778 0.090607
v 0.471453 0.440444 0.009544
v 0.456647 0.440378 -0.004567
v 0.449554 0.427095 -0.017225
v 0.453931 0.407629 -0.021726
v 0.466976 0.394436 -0.015191
v 0.481782 0.394502 -0.001080
v 0.488875 0.407785 0.011578
v 0.484499 0.427251 0.016079
v 0.498557 0.474858 -0.019056
v 0.483751 0.474792 -0.033167
v 0.466125 0.441782 -0.064624
v 0.470501 0.422316 -0.069125
v 0.502922 0.389528 -0.052884
v 0.517728 0.389594 -0.038774
v 0.535354 0.422604 -0.007317
v 0.530978 0.442070 -0.002816
v 0.497491 0.485604 -0.017988
v 0.482685 0.485538 -0.032099
v 0.459607 0.442319 -0.073283
v 0.463984 0.422853 -0.077784
v 0.506431 0.379926 -0.056521
v 0.521237 0.379991 -0.042410
v 0.544314 0.423210 -0.001226
v 0.539938 0.442676 0.003275
v 0.505638 0.481940 -0.056162
v 0.520440 0.482005 -0.042054
v 0.493886 0.432275 -0.089444
v 0.489510 0.451736 -0.084944
v 0.523550 0.402275 -0.074584
v 0.538352 0.402341 -0.060477
v 0.554480 0.432544 -0.031695
v 0.550104 0.452005 -0.027195
v 0.412784 0.335026 0.071595
v 0.397978 0.334960 0.057484
v 0.433055 0.372990 0.107772
v 0.428679 0.392456 0.112273
v 0.376588 0.430098 0.079485
v 0.391393 0.430164 0.093596
v 0.356316 0.392134 0.043308
v 0.360692 0.372668 0.038806
v 0.476022 0.427503 -0.086187
v 0.471646 0.446969 -0.081685
v 0.515718 0.387357 -0.066301
v 0.530524 0.387423 -0.052190
v 0.552106 0.427841 -0.013674
v 0.547730 0.447307 -0.009173
v 0.493228 0.487387 -0.043169
v 0.508034 0.487453 -0.029059
v 0.479438 0.451599 -0.094134
v 0.483815 0.432134 -0.098635
v 0.526261 0.389206 -0.077372
v 0.541067 0.389272 -0.063261
v 0.564145 0.432490 -0.022077
v 0.559768 0.451956 -0.017575
v 0.517322 0.494884 -0.038838
v 0.502515 0.494818 -0.052949
v 0.511856 0.440685 -0.108339
v 0.507480 0.460146 -0.103838
v 0.556322 0.410751 -0.079372
v 0.541520 0.410685 -0.093479
v 0.568074 0.460415 -0.046089
v 0.572450 0.440954 -0.050590
v 0.523608 0.490349 -0.075057
v 0.538411 0.490415 -0.060949
v 0.356793 0.455538 0.129782
v 0.374251 0.452020 0.111480
v 0.359445 0.451954 0.097369
v 0.341988 0.455472 0.115671
v 0.301565 0.379772 0.043534
v 0.324690 0.386865 0.035344
v 0.329066 0.367399 0.030843
v 0.305942 0.360306 0.039032
v 0.435518 0.360882 0.162524
v 0.442554 0.367904 0.139002
v 0.438177 0.387369 0.143503
v 0.431141 0.380348 0.167026
v 0.380290 0.285116 0.076276
v 0.392992 0.302748 0.062866
v 0.407798 0.302814 0.076977
v 0.395096 0.285182 0.090387
v -0.269945 0.344709 -0.163023
v -0.293569 0.334359 -0.162342
v -0.320235 0.307301 -0.192877
v -0.316572 0.297394 -0.216418
v -0.229834 0.335394 -0.218916
v -0.233496 0.345301 -0.195376
v -0.280124 0.297985 -0.248771
v -0.256499 0.308335 -0.249451
v -0.328363 0.479983 -0.222729
v -0.356289 0.467749 -0.221925
v -0.381263 0.426303 -0.283307
v -0.385592 0.438013 -0.255481
v -0.341208 0.426953 -0.318862
v -0.313283 0.439187 -0.319666
v -0.288308 0.480633 -0.258284
v -0.283979 0.468923 -0.286110
v -0.340884 0.503146 -0.216061
v -0.364508 0.492796 -0.215380
v -0.408592 0.448062 -0.265863
v -0.404930 0.438155 -0.289403
v -0.344671 0.439133 -0.342891
v -0.321047 0.449483 -0.343572
v -0.276963 0.494217 -0.293089
v -0.280625 0.504124 -0.269549
v -0.351041 0.522840 -0.269148
v -0.374665 0.512490 -0.268468
v -0.388241 0.498714 -0.284014
v -0.384579 0.488807 -0.307554
v -0.366022 0.489108 -0.324026
v -0.342398 0.499458 -0.324707
v -0.328822 0.513234 -0.309160
v -0.332484 0.523141 -0.285620
v -0.363149 0.544417 -0.263887
v -0.382067 0.536129 -0.263342
v -0.409085 0.508713 -0.294281
v -0.406152 0.500780 -0.313132
v -0.369222 0.501379 -0.345913
v -0.350303 0.509667 -0.346458
v -0.323286 0.537083 -0.315519
v -0.326218 0.545017 -0.296668
v -0.365266 0.549857 -0.254670
v -0.384185 0.541569 -0.254125
v -0.419558 0.505674 -0.294632
v -0.416625 0.497741 -0.313483
v -0.368274 0.498526 -0.356401
v -0.349355 0.506814 -0.356946
v -0.313983 0.542708 -0.316439
v -0.316915 0.550642 -0.297588
v -0.391822 0.557497 -0.277110
v -0.372908 0.565783 -0.277655
v -0.413611 0.524480 -0.324264
v -0.416543 0.532412 -0.305418
v -0.379820 0.525029 -0.354258
v -0.360906 0.533315 -0.354803
v -0.336186 0.558400 -0.326495
v -0.339118 0.566332 -0.307648
v -0.307569 0.420160 -0.321650
v -0.331194 0.409810 -0.320970
v -0.268768 0.459533 -0.277218
v -0.272430 0.469440 -0.253677
v -0.349092 0.458230 -0.205918
v -0.325468 0.468580 -0.206599
v -0.387893 0.418856 -0.250351
v -0.384231 0.408949 -0.273892
v -0.418661 0.509429 -0.318718
v -0.421593 0.517362 -0.299867
v -0.373443 0.510163 -0.358856
v -0.354524 0.518451 -0.359401
v -0.321443 0.552020 -0.321519
v -0.324376 0.559953 -0.302668
v -0.388513 0.550931 -0.261985
v -0.369594 0.559219 -0.262530
v -0.429054 0.526673 -0.304947
v -0.426122 0.518740 -0.323797
v -0.377771 0.519525 -0.366716
v -0.358852 0.527813 -0.367261
v -0.323479 0.563707 -0.326754
v -0.326412 0.571641 -0.307903
v -0.374763 0.570856 -0.264985
v -0.393682 0.562568 -0.264440
v -0.422216 0.543510 -0.333612
v -0.425148 0.551441 -0.314765
v -0.369512 0.552344 -0.364150
v -0.388426 0.544058 -0.363605
v -0.347724 0.585361 -0.316995
v -0.344792 0.577429 -0.335842
v -0.400428 0.576526 -0.286457
v -0.381514 0.584812 -0.287002
v -0.305435 0.432914 -0.124057
v -0.315282 0.453978 -0.145546
v -0.342310 0.442136 -0.144767
v -0.332464 0.421073 -0.123278
v -0.415298 0.337017 -0.218135
v -0.417314 0.366026 -0.230657
v -0.413124 0.354692 -0.257590
v -0.411108 0.325682 -0.245067
v -0.188018 0.423418 -0.251493
v -0.208569 0.444307 -0.263482
v -0.212758 0.455642 -0.236550
v -0.192208 0.434752 -0.224561
v -0.297881 0.327520 -0.345572
v -0.310601 0.356356 -0.348593
v -0.283573 0.368197 -0.349372
v -0.270853 0.339361 -0.346350
v -0.632943 0.945595 -0.466598
v -0.632943 0.680876 -0.464833
v -0.128767 0.425809 -0.375971
v -0.632943 0.681333 -0.396286
v -0.181874 1.214563 -0.381230
v -0.632943 0.946052 -0.398051
v -0.128767 0.398908 -0.511935
v -0.567886 0.644685 -0.396042
v -0.128767 1.239650 -0.517540
v -0.567886 0.644006 -0.497971
v -0.125123 0.376372 -0.392746
v -0.125123 0.375692 -0.494676
v -0.028028 1.263744 -0.402997
v -0.028028 1.263361 -0.460526
v -0.567886 0.982699 -0.398295
v -0.567886 0.982020 -0.500225
v -0.527851 1.127381 -0.380648
v -0.181874 1.101387 -0.380475
v -0.553846 1.126473 -0.516785
v -0.128767 1.126473 -0.516785
v -0.568772 1.143636 -0.499795
v -0.568772 1.144315 -0.397866
v -0.080946 1.241327 -0.265995
v -0.080946 1.128150 -0.265240
v -0.028028 1.264216 -0.332253
v -0.514592 1.214563 -0.381230
v -0.527851 1.200475 -0.381136
v -0.527851 0.439897 -0.376065
v -0.514592 0.425809 -0.375971
v -0.553846 1.209876 -0.517341
v -0.525824 1.239650 -0.517540
v -0.525824 0.398908 -0.511935
v -0.553846 0.428681 -0.512133
v -0.568772 0.405466 -0.494874
v -0.540750 0.375692 -0.494676
v -0.540750 0.376372 -0.392746
v -0.568772 0.406145 -0.392945
v -0.540750 1.263094 -0.500592
v -0.568772 1.233320 -0.500393
v -0.568772 1.234000 -0.398464
v -0.540750 1.263773 -0.398662
v 0.632943 0.945595 -0.466598
v -0.000000 0.425809 -0.375971
v 0.632943 0.680876 -0.464833
v 0.128767 0.425809 -0.375971
v 0.632943 0.681333 -0.396286
v 0.181874 1.214563 -0.381230
v 0.632943 0.946052 -0.398051
v 0.128767 0.398908 -0.511935
v 0.567886 0.644685 -0.396042
v 0.128767 1.239650 -0.517540
v 0.000000 1.239650 -0.517540
v 0.000000 0.398908 -0.511935
v 0.567886 0.644006 -0.497971
v 0.125123 0.376372 -0.392746
v 0.125123 0.375692 -0.494676
v 0.028028 1.263744 -0.402997
v 0.028028 1.263361 -0.460526
v 0.000000 1.263094 -0.500592
v 0.567886 0.982699 -0.398295
v 0.567886 0.982020 -0.500225
v -0.000000 0.376372 -0.392746
v 0.000000 0.375692 -0.494676
v 0.527851 1.127381 -0.380648
v 0.000000 1.127381 -0.380648
v 0.181874 1.101387 -0.380475
v 0.553846 1.126473 -0.516785
v 0.000000 1.126473 -0.516785
v 0.128767 1.126473 -0.516785
v 0.568772 1.143636 -0.499795
v 0.568772 1.144315 -0.397866
v 0.080946 1.241327 -0.265995
v 0.000000 1.241327 -0.265995
v 0.000000 1.128150 -0.265240
v 0.080946 1.128150 -0.265240
v 0.028028 1.264216 -0.332253
v 0.000000 1.264491 -0.291059
v 0.514592 1.214563 -0.381230
v 0.527851 1.200475 -0.381136
v 0.527851 0.439897 -0.376065
v 0.514592 0.425809 -0.375971
v 0.553846 1.209876 -0.517341
v 0.525824 1.239650 -0.517540
v 0.525824 0.398908 -0.511935
v 0.553846 0.428681 -0.512133
v 0.568772 0.405466 -0.494874
v 0.540750 0.375692 -0.494676
v 0.540750 0.376372 -0.392746
v 0.568772 0.406145 -0.392945
v 0.540750 1.263094 -0.500592
v 0.568772 1.233320 -0.500393
v 0.568772 1.234000 -0.398464
v 0.540750 1.263773 -0.398662
v -0.476066 1.198671 -0.486017
v -0.456351 0.989003 -0.800503
v -0.464292 1.135011 -0.668061
v -0.476066 0.440304 -0.480962
v -0.456351 0.645760 -0.798215
v -0.464292 0.501531 -0.663837
v -0.454969 0.817204 -0.825984
v -0.330270 1.198632 -0.491770
v -0.310564 0.988758 -0.837254
v -0.317996 1.134857 -0.691167
v -0.330270 0.440265 -0.486714
v -0.310563 0.645515 -0.834966
v -0.317996 0.501377 -0.686944
v -0.309261 0.816942 -0.865262
v -0.443956 1.156176 -0.696201
v -0.435815 1.000308 -0.839749
v -0.456742 1.224156 -0.498209
v -0.435815 0.633933 -0.837306
v -0.434452 0.816929 -0.867229
v -0.456742 0.414659 -0.492812
v -0.443956 0.479992 -0.691693
v -0.334368 1.156047 -0.715566
v -0.326586 1.000107 -0.869895
v -0.347454 1.224122 -0.503194
v -0.326586 0.633732 -0.867452
v -0.325278 0.816715 -0.899280
v -0.347454 0.414625 -0.497798
v -0.334368 0.479863 -0.711058
v -0.257919 1.198611 -0.494971
v -0.242311 0.988678 -0.849264
v -0.248749 1.134803 -0.699267
v -0.257919 0.440244 -0.489916
v -0.242311 0.645435 -0.846976
v -0.248749 0.501323 -0.695044
v -0.241180 0.816857 -0.877998
v -0.106889 1.198574 -0.500540
v -0.098761 0.988587 -0.862852
v -0.101684 1.134736 -0.709352
v -0.106889 0.440207 -0.495484
v -0.098761 0.645344 -0.860564
v -0.101684 0.501255 -0.705129
v -0.098246 0.816762 -0.892232
v -0.230278 1.155958 -0.728895
v -0.224015 0.999977 -0.889414
v -0.239773 1.224088 -0.508327
v -0.224015 0.633602 -0.886972
v -0.222959 0.816578 -0.919895
v -0.239773 0.414591 -0.502930
v -0.230278 0.479774 -0.724387
v -0.117706 1.155903 -0.737120
v -0.114225 0.999903 -0.900390
v -0.123759 1.224058 -0.512835
v -0.114225 0.633529 -0.897948
v -0.113637 0.816501 -0.931356
v -0.123759 0.414561 -0.507439
v -0.117706 0.479720 -0.732612
v 0.472870 1.198675 -0.485307
v 0.450968 0.989009 -0.799582
v 0.459755 1.135017 -0.667223
v 0.472870 0.440308 -0.480251
v 0.450968 0.645766 -0.797293
v 0.459755 0.501536 -0.663000
v 0.449438 0.817210 -0.825049
v 0.327568 1.198641 -0.490496
v 0.305846 0.988768 -0.835780
v 0.314071 1.134866 -0.689771
v 0.327568 0.440274 -0.485440
v 0.305846 0.645525 -0.833491
v 0.314071 0.501386 -0.685547
v 0.304405 0.816952 -0.863775
v 0.439290 1.156183 -0.695238
v 0.430281 1.000315 -0.838701
v 0.453498 1.224161 -0.497383
v 0.430281 0.633940 -0.836258
v 0.428773 0.816936 -0.866167
v 0.453498 0.414664 -0.491987
v 0.439290 0.479999 -0.690730
v 0.330164 1.156056 -0.714178
v 0.321553 1.000117 -0.868424
v 0.344585 1.224130 -0.501939
v 0.321553 0.633741 -0.865982
v 0.320105 0.816725 -0.897796
v 0.344585 0.414634 -0.496542
v 0.330164 0.479872 -0.709670
v 0.255634 1.198619 -0.493723
v 0.238261 0.988687 -0.847843
v 0.245392 1.134812 -0.697913
v 0.255634 0.440253 -0.488668
v 0.238261 0.645444 -0.845555
v 0.245392 0.501332 -0.693690
v 0.237009 0.816867 -0.876565
v 0.105487 1.198578 -0.499883
v 0.096251 0.988592 -0.862119
v 0.099614 1.134740 -0.708651
v 0.105487 0.440211 -0.494827
v 0.096251 0.645349 -0.859831
v 0.099614 0.501260 -0.704427
v 0.095660 0.816767 -0.891495
v 0.226949 1.155967 -0.727570
v 0.220007 0.999986 -0.888023
v 0.237535 1.224096 -0.507108
v 0.220007 0.633611 -0.885580
v 0.218836 0.816587 -0.918492
v 0.237535 0.414599 -0.501712
v 0.226949 0.479783 -0.723062
v 0.115424 1.155908 -0.736309
v 0.111466 0.999909 -0.899542
v 0.122231 1.224063 -0.512080
v 0.111466 0.633534 -0.897099
v 0.110798 0.816507 -0.930502
v 0.122231 0.414566 -0.506684
v 0.115424 0.479725 -0.731801
v -0.540278 1.173097 -0.480761
v -0.522033 0.977775 -0.746719
v -0.529535 1.113876 -0.630085
v -0.520773 0.822197 -0.767715
v -0.284579 1.173034 -0.490210
v -0.268769 0.977398 -0.803166
v -0.275408 1.113646 -0.664514
v -0.267640 0.821794 -0.828136
v -0.522427 0.985516 -0.740052
v -0.529035 1.105340 -0.637352
v -0.269122 0.985148 -0.795268
v -0.274971 1.105101 -0.673147
v -0.282266 1.194058 -0.533506
v -0.537512 1.194157 -0.518553
v -0.266953 0.963095 -0.845405
v -0.520008 0.963514 -0.782538
v -0.529255 1.145382 -0.634385
v -0.275164 1.145148 -0.669576
v -0.519173 0.845532 -0.797415
v -0.266201 0.845095 -0.862980
v -0.268087 1.011855 -0.819003
v -0.521271 1.012247 -0.760161
v -0.526099 1.109805 -0.681633
v -0.272387 1.109510 -0.725768
v 0.537015 1.173099 -0.480462
v 0.516826 0.977778 -0.746228
v 0.525127 1.113878 -0.629673
v 0.515432 0.822200 -0.767211
v -0.000562 1.172981 -0.498164
v -0.000972 0.977279 -0.821156
v -0.000799 1.113557 -0.677817
v -0.001001 0.821669 -0.846971
v 0.282152 1.173043 -0.488931
v 0.264652 0.977408 -0.801720
v 0.272001 1.113655 -0.663138
v 0.263402 0.821804 -0.826679
v 0.517263 0.985519 -0.739565
v 0.524575 1.105343 -0.636935
v -0.000962 0.985030 -0.812997
v -0.000810 1.105011 -0.686742
v 0.265043 0.985157 -0.793826
v 0.271517 1.105110 -0.671767
v 0.279592 1.194067 -0.532203
v 0.533955 1.194160 -0.518225
v 0.262641 0.963105 -0.843940
v 0.514586 0.963517 -0.782026
v 0.524818 1.145385 -0.633970
v 0.271731 1.145157 -0.668198
v 0.513662 0.845536 -0.796895
v 0.261809 0.845105 -0.861508
v -0.001039 0.844963 -0.882908
v -0.000621 1.193997 -0.542645
v -0.000805 1.145058 -0.683042
v -0.001019 0.962966 -0.864759
v 0.263896 1.011865 -0.817550
v 0.515983 1.012251 -0.759663
v 0.521326 1.109808 -0.681186
v 0.268657 1.109520 -0.724360
v -0.000877 1.109408 -0.741139
v -0.000989 1.011732 -0.837502
v -0.540278 0.465945 -0.476047
v -0.522033 0.657704 -0.744585
v -0.529535 0.523170 -0.626147
v -0.520773 0.812988 -0.767654
v -0.284579 0.465882 -0.485496
v -0.268769 0.657328 -0.801032
v -0.275408 0.522941 -0.660576
v -0.267640 0.812585 -0.828074
v -0.522427 0.650052 -0.737816
v -0.529035 0.531608 -0.633527
v -0.269122 0.649684 -0.793032
v -0.274971 0.531370 -0.669322
v -0.282266 0.444283 -0.528508
v -0.537512 0.444383 -0.513554
v -0.266953 0.671067 -0.843458
v -0.520008 0.671486 -0.780591
v -0.529255 0.491609 -0.630027
v -0.275164 0.491375 -0.665218
v -0.519173 0.789259 -0.797040
v -0.266201 0.788821 -0.862605
v -0.268087 0.622663 -0.816408
v -0.521271 0.623055 -0.757567
v -0.526099 0.526554 -0.677745
v -0.272387 0.526260 -0.721879
v 0.537015 0.465947 -0.475748
v 0.516826 0.657707 -0.744095
v 0.525127 0.523173 -0.625735
v 0.515432 0.812991 -0.767150
v -0.000562 0.465829 -0.493450
v -0.000972 0.657208 -0.819022
v -0.000799 0.522852 -0.673879
v -0.001001 0.812460 -0.846909
v 0.282152 0.465890 -0.484216
v 0.264652 0.657337 -0.799586
v 0.272001 0.522950 -0.659200
v 0.263402 0.812595 -0.826617
v 0.517263 0.650056 -0.737329
v 0.524575 0.531611 -0.633110
v -0.000962 0.649566 -0.810761
v -0.000810 0.531279 -0.682917
v 0.265042 0.649694 -0.791590
v 0.271517 0.531379 -0.667942
v 0.279592 0.444292 -0.527204
v 0.533955 0.444385 -0.513227
v 0.262641 0.671077 -0.841993
v 0.514586 0.671489 -0.780079
v 0.524818 0.491612 -0.629612
v 0.271731 0.491384 -0.663839
v 0.513662 0.789262 -0.796520
v 0.261809 0.788831 -0.861133
v -0.001039 0.788689 -0.882533
v -0.000621 0.444222 -0.537646
v -0.000805 0.491285 -0.678684
v -0.001019 0.670938 -0.862812
v 0.263896 0.622673 -0.814956
v 0.515983 0.623059 -0.757068
v 0.521326 0.526557 -0.677297
v 0.268657 0.526269 -0.720472
v -0.000877 0.526157 -0.737250
v -0.000989 0.622540 -0.834907
v -0.653141 0.761115 -0.474892
v -0.684172 0.772239 -0.448534
v -0.678164 0.781023 -0.427723
v -0.628118 0.781023 -0.427723
v -0.622110 0.772239 -0.448534
v -0.653141 0.711803 -0.441466
v -0.684172 0.732168 -0.421371
v -0.678164 0.748247 -0.405505
v -0.628118 0.748247 -0.405505
v -0.622110 0.732168 -0.421371
v -0.653141 0.679037 -0.391713
v -0.684172 0.705542 -0.380941
v -0.678164 0.726469 -0.372436
v -0.628118 0.726469 -0.372436
v -0.622110 0.705542 -0.380941
v -0.653141 0.667805 -0.333209
v -0.684172 0.696414 -0.333400
v -0.678164 0.719003 -0.333550
v -0.628118 0.719003 -0.333550
v -0.622110 0.696414 -0.333400
v -0.653141 0.679816 -0.274859
v -0.684172 0.706175 -0.285984
v -0.678164 0.726986 -0.294767
v -0.628118 0.726986 -0.294767
v -0.622110 0.706175 -0.285984
v -0.653141 0.713243 -0.225548
v -0.684172 0.733338 -0.245912
v -0.678164 0.749204 -0.261991
v -0.628118 0.749204 -0.261991
v -0.622110 0.733338 -0.245912
v -0.653141 0.762995 -0.192782
v -0.684172 0.773768 -0.219286
v -0.678164 0.782273 -0.240213
v -0.628118 0.782273 -0.240213
v -0.622110 0.773768 -0.219286
v -0.653141 0.821500 -0.181549
v -0.684172 0.821309 -0.210159
v -0.678164 0.821159 -0.232747
v -0.628118 0.821159 -0.232747
v -0.622110 0.821309 -0.210159
v -0.653141 0.879850 -0.193561
v -0.684172 0.868725 -0.219919
v -0.678164 0.859942 -0.240731
v -0.628118 0.859942 -0.240731
v -0.622110 0.868725 -0.219919
v -0.653141 0.929161 -0.226987
v -0.684172 0.908796 -0.247082
v -0.678164 0.892718 -0.262948
v -0.628118 0.892718 -0.262948
v -0.622110 0.908796 -0.247082
v -0.653141 0.961927 -0.276740
v -0.684172 0.935422 -0.287512
v -0.678164 0.914496 -0.296017
v -0.628118 0.914496 -0.296017
v -0.622110 0.935422 -0.287512
v -0.653141 0.973160 -0.335244
v -0.684172 0.944550 -0.335054
v -0.678164 0.921962 -0.334903
v -0.628118 0.921962 -0.334903
v -0.622110 0.944550 -0.335054
v -0.653141 0.961148 -0.393594
v -0.684172 0.934789 -0.382469
v -0.678164 0.913978 -0.373686
v -0.628118 0.913978 -0.373686
v -0.622110 0.934789 -0.382469
v -0.653141 0.927722 -0.442905
v -0.684172 0.907627 -0.422541
v -0.678164 0.891761 -0.406462
v -0.628118 0.891761 -0.406462
v -0.622110 0.907627 -0.422541
v -0.653141 0.877969 -0.475672
v -0.684172 0.867197 -0.449167
v -0.678164 0.858692 -0.428240
v -0.628118 0.858692 -0.428240
v -0.622110 0.867197 -0.449167
v -0.608888 0.796320 -0.449999
v -0.617456 0.843297 -0.420550
v -0.617456 0.796519 -0.420238
v -0.688825 0.796519 -0.420238
v -0.688825 0.843297 -0.420550
v -0.678164 0.856724 -0.428227
v -0.678164 0.782990 -0.427736
v -0.653141 0.856409 -0.475528
v -0.653141 0.782675 -0.475036
v -0.684172 0.856585 -0.449096
v -0.684172 0.782851 -0.448605
v -0.622110 0.782851 -0.448605
v -0.622110 0.856585 -0.449096
v -0.628118 0.782990 -0.427736
v -0.628118 0.856724 -0.428227
v -0.608888 0.843099 -0.450311
v -0.697393 0.843099 -0.450311
v -0.697393 0.796320 -0.449999
v -0.653141 0.842847 -0.488004
v -0.653141 0.796069 -0.487692
v 0.653141 0.761115 -0.474892
v 0.684172 0.772239 -0.448534
v 0.678164 0.781023 -0.427723
v 0.628118 0.781023 -0.427723
v 0.622110 0.772239 -0.448534
v 0.653141 0.711803 -0.441466
v 0.684172 0.732168 -0.421371
v 0.678164 0.748247 -0.405505
v 0.628118 0.748247 -0.405505
v 0.622110 0.732168 -0.421371
v 0.653141 0.679037 -0.391713
v 0.684172 0.705542 -0.380941
v 0.678164 0.726469 -0.372436
v 0.628118 0.726469 -0.372436
v 0.622110 0.705542 -0.380941
v 0.653141 0.667805 -0.333209
v 0.684172 0.696414 -0.333400
v 0.678164 0.719003 -0.333550
v 0.628118 0.719003 -0.333550
v 0.622110 0.696414 -0.333400
v 0.653141 0.679816 -0.274859
v 0.684172 0.706175 -0.285984
v 0.678164 0.726986 -0.294767
v 0.628118 0.726986 -0.294767
v 0.622110 0.706175 -0.285984
v 0.653141 0.713243 -0.225548
v 0.684172 0.733338 -0.245912
v 0.678164 0.749204 -0.261991
v 0.628118 0.749204 -0.261991
v 0.622110 0.733338 -0.245912
v 0.653141 0.762995 -0.192782
v 0.684172 0.773768 -0.219286
v 0.678164 0.782273 -0.240213
v 0.628118 0.782273 -0.240213
v 0.622110 0.773768 -0.219286
v 0.653141 0.821500 -0.181549
v 0.684172 0.821309 -0.210159
v 0.678164 0.821159 -0.232747
v 0.628118 0.821159 -0.232747
v 0.622110 0.821309 -0.210159
v 0.653141 0.879850 -0.193561
v 0.684172 0.868725 -0.219919
v 0.678164 0.859942 -0.240731
v 0.628118 0.859942 -0.240731
v 0.622110 0.868725 -0.219919
v 0.653141 0.929161 -0.226987
v 0.684172 0.908796 -0.247082
v 0.678164 0.892718 -0.262948
v 0.628118 0.892718 -0.262948
v 0.622110 0.908796 -0.247082
v 0.653141 0.961927 -0.276740
v 0.684172 0.935422 -0.287512
v 0.678164 0.914496 -0.296017
v 0.628118 0.914496 -0.296017
v 0.622110 0.935422 -0.287512
v 0.653141 0.973160 -0.335244
v 0.684172 0.944550 -0.335054
v 0.678164 0.921962 -0.334903
v 0.628118 0.921962 -0.334903
v 0.622110 0.944550 -0.335054
v 0.653141 0.961148 -0.393594
v 0.684172 0.934789 -0.382469
v 0.678164 0.913978 -0.373686
v 0.628118 0.913978 -0.373686
v 0.622110 0.934789 -0.382469
v 0.653141 0.927722 -0.442905
v 0.684172 0.907627 -0.422541
v 0.678164 0.891761 -0.406462
v 0.628118 0.891761 -0.406462
v 0.622110 0.907627 -0.422541
v 0.653141 0.877969 -0.475672
v 0.684172 0.867197 -0.449167
v 0.678164 0.858692 -0.428240
v 0.628118 0.858692 -0.428240
v 0.622110 0.867197 -0.449167
v 0.608888 0.796320 -0.449999
v 0.617456 0.843297 -0.420550
v 0.617456 0.796519 -0.420238
v 0.688825 0.796519 -0.420238
v 0.688825 0.843297 -0.420550
v 0.678164 0.856724 -0.428227
v 0.678164 0.782990 -0.427736
v 0.653141 0.856409 -0.475528
v 0.653141 0.782675 -0.475036
v 0.684172 0.856585 -0.449096
v 0.684172 0.782851 -0.448605
v 0.622110 0.782851 -0.448605
v 0.622110 0.856585 -0.449096
v 0.628118 0.782990 -0.427736
v 0.628118 0.856724 -0.428227
v 0.608888 0.843099 -0.450311
v 0.697393 0.843099 -0.450311
v 0.697393 0.796320 -0.449999
v 0.653141 0.842847 -0.488004
v 0.653141 0.796069 -0.487692
v -0.125123 1.263773 -0.398662
v -0.125123 1.263094 -0.500592
v 0.000000 1.263361 -0.460526
v -0.050190 1.264491 -0.291059
v 0.000000 1.264216 -0.332253
v 0.125123 1.263773 -0.398662
v 0.125123 1.263094 -0.500592
v 0.050190 1.264491 -0.291059
v 0.000000 1.208460 -0.331881
v 0.000000 1.208019 -0.398141
v 0.000000 1.207605 -0.460154
v -0.028028 1.207989 -0.402625
v 0.028028 1.207989 -0.402625
v -0.028028 1.207605 -0.460154
v -0.028028 1.208460 -0.331881
v 0.028028 1.207605 -0.460154
v 0.028028 1.208460 -0.331881
v -0.512813 1.184311 -0.481564
v -0.512813 0.454772 -0.476849
v -0.494346 0.982763 -0.753698
v -0.494346 0.652559 -0.751564
v -0.501963 1.123192 -0.634169
v -0.501963 0.513786 -0.630231
v -0.512813 0.819542 -0.479206
v -0.492975 0.817495 -0.776784
v -0.501963 0.818489 -0.632200
v -0.241965 1.184239 -0.492048
v -0.227850 0.982384 -0.808829
v -0.233787 1.122957 -0.668387
v -0.241965 0.454699 -0.487334
v -0.227850 0.652180 -0.806695
v -0.233787 0.513551 -0.664449
v -0.226769 0.817088 -0.835951
v 0.509582 1.184315 -0.481083
v 0.509582 0.454775 -0.476369
v 0.489146 0.982767 -0.753024
v 0.489146 0.652564 -0.750890
v 0.497576 1.123196 -0.633575
v 0.497576 0.513790 -0.629637
v 0.509582 0.819545 -0.478726
v 0.487630 0.817500 -0.776094
v 0.497576 0.818493 -0.631606
v -0.000562 0.454657 -0.493450
v -0.000562 1.184197 -0.498164
v -0.000972 0.652095 -0.819022
v -0.000972 0.982299 -0.821156
v -0.000799 0.513486 -0.673879
v -0.000799 1.122892 -0.677817
v -0.001003 0.816999 -0.848837
v 0.239799 1.184247 -0.490834
v 0.224153 0.982393 -0.807466
v 0.230734 1.122966 -0.667087
v 0.239799 0.454708 -0.486119
v 0.224153 0.652189 -0.805332
v 0.230734 0.513560 -0.663149
v 0.222955 0.817097 -0.834577
v -0.517131 1.184718 -0.422359
v -0.517131 0.455179 -0.417645
v -0.517130 0.819949 -0.420002
v -0.000476 1.184637 -0.434218
v -0.000476 0.455097 -0.429504
v -0.244975 0.455135 -0.423992
v -0.244975 1.184675 -0.428706
v 0.514359 1.184721 -0.421924
v 0.514360 0.455182 -0.417209
v 0.514359 0.819952 -0.419567
v 0.243135 0.455143 -0.422809
v 0.243135 1.184683 -0.427523
v -0.000000 0.399815 -0.375798
v -0.128767 0.399815 -0.375798
v -0.155879 1.127381 -0.380648
v -0.155879 1.240558 -0.381403
v 0.000000 1.101386 -0.380475
v -0.525824 0.399815 -0.375798
v -0.553846 0.429589 -0.375997
v -0.553846 1.210784 -0.381204
v -0.525824 1.240558 -0.381403
v -0.553846 1.127381 -0.380648
v 0.128767 0.399815 -0.375798
v 0.155879 1.127381 -0.380648
v 0.155879 1.240558 -0.381403
v 0.525824 0.399815 -0.375798
v 0.553846 0.429589 -0.375997
v 0.553846 1.210784 -0.381204
v 0.525824 1.240558 -0.381403
v 0.553846 1.127381 -0.380648
v -0.000000 0.537699 -0.494801
v -0.000000 1.045311 -0.498185
v -0.096753 0.537699 -0.494801
v -0.136655 1.045311 -0.498185
v -0.396614 1.064843 -0.498316
v 0.096753 0.537699 -0.494801
v 0.136655 1.045311 -0.498185
v 0.396614 1.064843 -0.498316
v -0.136655 1.130350 -0.498752
v -0.386652 0.537699 -0.494801
v -0.396614 0.548285 -0.494872
v -0.396614 1.119764 -0.498682
v -0.386652 1.130350 -0.498752
v 0.136655 1.130350 -0.498752
v 0.386652 0.537699 -0.494801
v 0.396614 0.548285 -0.494872
v 0.396614 1.119764 -0.498682
v 0.386652 1.130350 -0.498752
v 0.449773 1.090256 -0.444375
v -0.000000 1.068106 -0.444227
v -0.154972 1.068106 -0.444227
v -0.000000 0.492458 -0.440390
v 0.109721 0.492458 -0.440390
v 0.449773 0.504462 -0.440470
v 0.154972 1.068106 -0.444227
v 0.154972 1.164543 -0.444870
v -0.438476 0.492458 -0.440390
v -0.449773 0.504462 -0.440470
v -0.449773 1.152538 -0.444790
v -0.438476 1.164543 -0.444870
v 0.438476 0.492458 -0.440390
v -0.449773 1.090256 -0.444375
v 0.438476 1.164543 -0.444870
v 0.449773 1.152538 -0.444790
v -0.154972 1.164543 -0.444870
v -0.109721 0.492458 -0.440390
vn -0.0000 -0.0000 -1.0000
vn 0.0012 -1.0000 0.0004
vn 0.0112 -0.9999 0.0003
vn 0.0022 -1.0000 0.0004
vn 0.0033 0.0004 1.0000
vn -0.0000 -0.0000 1.0000
vn 0.0065 0.0007 1.0000
vn 0.0316 0.9995 -0.0000
vn -0.8057 0.5923 -0.0000
vn 0.0042 0.0005 1.0000
vn 0.0057 0.0006 1.0000
vn -0.0302 -0.9995 0.0001
vn -0.0242 -0.9997 0.0002
vn 0.0074 1.0000 -0.0000
vn -0.0103 0.9999 -0.0000
vn -0.0064 0.6520 0.7582
vn -0.2786 0.5310 0.8003
vn -0.2633 0.5395 0.7998
vn -0.5095 0.3751 0.7744
vn -0.9973 0.0739 -0.0000
vn -0.0412 -0.9992 -0.0001
vn -0.0413 -0.9991 -0.0001
vn -0.0411 -0.9992 -0.0000
vn 0.0104 0.6954 0.7185
vn 0.0217 0.7162 0.6975
vn 0.5834 0.1508 0.7980
vn 0.9682 0.2501 -0.0000
vn 0.9890 0.1477 -0.0000
vn 0.9981 -0.0620 -0.0000
vn 0.9955 0.0952 -0.0000
vn -0.0032 -1.0000 0.0004
vn -0.0044 -1.0000 0.0004
vn -0.0157 -0.9999 0.0002
vn -1.0000 -0.0013 -0.0000
vn -0.0033 0.0003 1.0000
vn -0.0065 0.0007 1.0000
vn -0.0356 0.9994 -0.0000
vn 0.8055 0.5926 -0.0000
vn -0.0057 0.0006 1.0000
vn -0.0042 0.0004 1.0000
vn 0.0333 -0.9994 0.0001
vn 0.0266 -0.9996 0.0002
vn -0.0077 1.0000 -0.0000
vn 0.0154 0.9999 -0.0000
vn 0.0097 0.6520 0.7581
vn 0.2661 0.5397 0.7987
vn 0.2802 0.5319 0.7991
vn 0.5108 0.3764 0.7729
vn 0.9966 0.0818 -0.0000
vn 0.0456 -0.9990 -0.0001
vn 0.0456 -0.9990 -0.0002
vn 0.0455 -0.9990 -0.0000
vn -0.0107 0.6972 0.7168
vn -0.0245 0.7168 0.6968
vn -0.5847 0.1469 0.7979
vn -0.9699 0.2434 -0.0000
vn -0.9900 0.1410 -0.0000
vn -0.9976 -0.0686 -0.0000
vn -0.9961 0.0885 -0.0000
vn 0.0012 -1.0000 -0.0004
vn 0.0022 -1.0000 -0.0004
vn 0.0112 -0.9999 -0.0003
vn 0.0033 0.0004 -1.0000
vn 0.0065 0.0007 -1.0000
vn 0.0057 0.0006 -1.0000
vn 0.0042 0.0005 -1.0000
vn -0.0302 -0.9995 -0.0001
vn -0.0242 -0.9997 -0.0002
vn -0.0064 0.6520 -0.7582
vn -0.2633 0.5395 -0.7998
vn -0.2786 0.5310 -0.8003
vn -0.5095 0.3751 -0.7744
vn -0.0412 -0.9992 0.0001
vn -0.0413 -0.9991 0.0001
vn 0.0104 0.6954 -0.7185
vn 0.0217 0.7162 -0.6975
vn 0.5834 0.1508 -0.7980
vn -0.0032 -1.0000 -0.0004
vn -0.0157 -0.9999 -0.0002
vn -0.0044 -1.0000 -0.0004
vn -0.0033 0.0003 -1.0000
vn -0.0065 0.0007 -1.0000
vn -0.0042 0.0004 -1.0000
vn -0.0057 0.0006 -1.0000
vn 0.0333 -0.9994 -0.0001
vn 0.0266 -0.9996 -0.0002
vn 0.0097 0.6520 -0.7581
vn 0.2802 0.5319 -0.7991
vn 0.2661 0.5397 -0.7987
vn 0.5108 0.3764 -0.7729
vn 0.0456 -0.9990 0.0001
vn 0.0456 -0.9990 0.0002
vn -0.0107 0.6972 -0.7168
vn -0.0245 0.7168 -0.6968
vn -0.5847 0.1469 -0.7979
vn -0.0080 -1.0000 -0.0000
vn -0.0019 -1.0000 -0.0000
vn -0.0286 -0.9996 -0.0000
vn -0.9973 0.0729 -0.0000
vn -0.9978 0.0670 -0.0000
vn 0.0076 -1.0000 -0.0000
vn 0.0316 -0.9995 -0.0000
vn 0.9967 0.0807 -0.0000
vn 0.9972 0.0742 -0.0000
vn 0.9976 -0.0695 -0.0000
vn -0.0576 -0.9983 -0.0002
vn -0.0468 0.9989 0.0001
vn -0.7369 0.0542 0.6738
vn -0.9973 0.0735 -0.0000
vn -0.9973 0.0730 -0.0000
vn -0.0094 1.0000 -0.0000
vn 0.0006 1.0000 -0.0000
vn -0.0064 -1.0000 -0.0000
vn -0.0020 -1.0000 -0.0000
vn 0.0020 1.0000 -0.0000
vn 0.0071 1.0000 -0.0000
vn 0.0023 1.0000 -0.0000
vn -0.0321 -0.9995 -0.0000
vn -0.0098 -1.0000 -0.0000
vn -0.0268 -0.9996 -0.0000
vn 0.0279 0.9996 -0.0000
vn -0.9970 -0.0770 -0.0000
vn 0.0637 -0.9980 -0.0003
vn 0.0408 0.9992 0.0002
vn 0.7367 0.0600 0.6735
vn 0.9967 0.0814 -0.0000
vn 0.9967 0.0808 -0.0000
vn 0.0101 0.9999 -0.0000
vn -0.0038 1.0000 -0.0000
vn 0.0060 -1.0000 -0.0000
vn -0.0067 1.0000 -0.0000
vn 0.0354 -0.9994 -0.0000
vn 0.0097 -1.0000 -0.0000
vn 0.0301 -0.9995 -0.0000
vn -0.0313 0.9995 -0.0000
vn -0.0576 -0.9983 0.0002
vn -0.0468 0.9989 -0.0001
vn -0.7369 0.0542 -0.6738
vn 0.0637 -0.9980 0.0003
vn 0.0408 0.9992 -0.0002
vn 0.7367 0.0600 -0.6735
vn 0.9977 0.0677 -0.0000
vn -0.9981 0.0612 -0.0000
vn 0.0227 0.9995 -0.0196
vn 0.0130 0.9999 -0.0069
vn 0.0149 0.9998 -0.0098
vn 0.0254 0.9994 -0.0214
vn -0.0134 0.9999 0.0089
vn -0.0073 1.0000 -0.0000
vn -0.0160 0.9998 0.0126
vn 0.0130 0.9999 0.0069
vn 0.0227 0.9995 0.0196
vn 0.0254 0.9994 0.0214
vn 0.0149 0.9998 0.0098
vn 0.0025 0.9997 0.0228
vn -0.0231 0.9995 0.0232
vn -0.0228 0.9995 0.0229
vn 0.0024 0.9997 0.0228
vn 0.0082 1.0000 -0.0000
vn -0.0134 0.9999 -0.0089
vn -0.0160 0.9998 -0.0126
vn -0.0231 0.9995 -0.0232
vn 0.0025 0.9997 -0.0228
vn 0.0024 0.9997 -0.0228
vn -0.0228 0.9995 -0.0229
vn 0.0126 0.5417 0.8405
vn 0.0013 0.5410 0.8410
vn 0.0134 0.5414 0.8406
vn 0.7215 0.6924 -0.0000
vn -0.0125 0.5409 -0.8410
vn 0.0013 0.5410 -0.8410
vn -0.0124 0.5409 -0.8410
vn -0.7217 0.6922 -0.0000
vn -0.0126 0.5409 -0.8410
vn 0.0126 0.5417 -0.8405
vn 0.0134 0.5414 -0.8406
vn -0.0125 0.5409 0.8410
vn -0.0126 0.5409 0.8410
vn -0.0124 0.5409 0.8410
vn 0.0112 0.5421 -0.8402
vn 0.0112 0.5421 0.8402
vn 0.0602 0.9893 -0.1328
vn -0.0237 0.9947 -0.0999
vn 0.0754 0.9645 -0.2532
vn 0.1634 0.9406 -0.2975
vn -0.0221 0.9996 -0.0163
vn -0.0049 1.0000 -0.0047
vn 0.0004 1.0000 -0.0000
vn -0.0006 1.0000 -0.0008
vn -0.0099 0.9999 -0.0024
vn -0.0126 0.9999 0.0015
vn -0.0632 0.9979 -0.0103
vn -0.0251 0.9992 -0.0321
vn 0.0707 0.9257 -0.3717
vn 0.0916 0.9064 -0.4123
vn -0.0022 0.9358 -0.3526
vn -0.0889 0.9149 -0.3939
vn -0.0611 0.9775 -0.2018
vn -0.1734 0.9519 -0.2527
vn -0.0324 0.9978 -0.0577
vn -0.0542 0.9855 -0.1609
vn -0.0008 0.9999 -0.0115
vn 0.0129 0.9874 -0.1577
vn 0.0470 0.9977 -0.0496
vn 0.0944 0.9716 -0.2170
vn 0.0777 0.9856 -0.1502
vn 0.1334 0.9354 -0.3274
vn -0.0075 0.9811 -0.1935
vn -0.0292 0.9333 -0.3579
vn -0.0712 0.9893 -0.1276
vn -0.1593 0.9600 -0.2301
vn -0.0392 0.9983 -0.0429
vn -0.1046 0.9903 -0.0911
vn -0.0260 0.9970 0.0735
vn -0.1007 0.9804 0.1696
vn -0.0653 0.9955 0.0689
vn -0.0226 0.9993 0.0306
vn -0.2916 0.9413 0.1699
vn -0.1501 0.9869 0.0585
vn -0.4470 0.8945 -0.0096
vn -0.1874 0.9817 -0.0333
vn -0.5044 0.8576 -0.1008
vn -0.1674 0.9844 -0.0535
vn -0.4867 0.8701 -0.0776
vn -0.1334 0.9909 -0.0187
vn -0.4164 0.9034 -0.1025
vn -0.1025 0.9946 -0.0151
vn -0.2643 0.9531 -0.1474
vn -0.0622 0.9978 -0.0238
vn -0.0033 0.9952 0.0977
vn -0.0534 0.9637 0.2615
vn -0.2657 0.8984 0.3496
vn -0.5272 0.8344 0.1610
vn -0.6663 0.7449 -0.0339
vn -0.7091 0.6860 -0.1632
vn -0.5891 0.7385 -0.3279
vn -0.3634 0.8479 -0.3861
vn 0.0213 0.9966 0.0801
vn 0.0388 0.9682 0.2470
vn -0.0444 0.8809 0.4713
vn -0.2732 0.8732 0.4035
vn -0.5534 0.8232 0.1263
vn -0.5467 0.8205 -0.1668
vn -0.3257 0.7605 -0.5618
vn -0.1309 0.7808 -0.6109
vn -0.0010 0.9979 0.0642
vn -0.0180 0.9667 0.2552
vn -0.0112 0.8613 0.5079
vn -0.1113 0.8435 0.5254
vn -0.1761 0.9241 0.3393
vn -0.0610 0.9702 0.2347
vn -0.0264 0.8765 -0.4807
vn 0.1271 0.7821 -0.6100
vn 0.1541 0.7363 -0.6589
vn -0.0826 0.9871 0.1369
vn -0.1596 0.9254 0.3437
vn -0.2185 0.8048 0.5519
vn -0.1114 0.8294 0.5475
vn 0.1085 0.9262 0.3611
vn 0.3377 0.9352 -0.1064
vn 0.2831 0.7671 -0.5756
vn 0.1566 0.8270 -0.5400
vn -0.0833 0.9556 0.2826
vn -0.1370 0.8771 0.4603
vn -0.2138 0.7952 0.5673
vn -0.1552 0.8817 0.4456
vn 0.1092 0.9691 0.2213
vn 0.2514 0.9507 -0.1816
vn 0.1120 0.8608 -0.4965
vn 0.0436 0.8631 -0.5032
vn 0.0409 0.9451 0.3243
vn 0.0560 0.8719 0.4865
vn 0.0116 0.8210 0.5708
vn -0.0253 0.9270 0.3742
vn 0.0052 0.9999 0.0091
vn -0.0461 0.9454 -0.3228
vn 0.0324 0.9240 -0.3811
vn -0.0942 0.8948 -0.4364
vn 0.1012 0.9743 0.2014
vn 0.1720 0.9016 0.3969
vn 0.2218 0.8134 0.5377
vn 0.1308 0.9238 0.3599
vn 0.1097 0.9662 0.2334
vn -0.2738 0.8441 -0.4610
vn -0.1954 0.9235 -0.3301
vn -0.3186 0.8622 -0.3939
vn -0.2940 0.8653 -0.4059
vn 0.0551 0.9962 0.0681
vn 0.1574 0.9554 0.2499
vn 0.3089 0.8250 0.4733
vn 0.3035 0.8759 0.3751
vn 0.2670 0.9379 0.2216
vn -0.3246 0.8397 -0.4354
vn -0.1170 0.9704 -0.2112
vn -0.2235 0.8962 -0.3833
vn -0.2295 0.8612 -0.4534
vn 0.0113 0.9999 0.0122
vn 0.0922 0.9892 0.1138
vn 0.2791 0.9040 0.3240
vn 0.3812 0.8421 0.3815
vn 0.3607 0.9120 0.1954
vn 0.3245 0.9440 -0.0597
vn 0.2315 0.8999 -0.3695
vn 0.1379 0.8593 -0.4925
vn 0.0020 1.0000 0.0014
vn 0.0320 0.9990 0.0301
vn 0.1538 0.9771 0.1470
vn 0.3272 0.8930 0.3089
vn 0.4427 0.8616 0.2484
vn 0.4888 0.8724 0.0030
vn 0.4479 0.8505 -0.2757
vn 0.3199 0.8767 -0.3593
vn 0.0028 1.0000 0.0021
vn 0.0031 1.0000 0.0024
vn 0.0434 0.9983 0.0382
vn 0.0513 0.9976 0.0465
vn 0.1615 0.9746 0.1550
vn 0.1523 0.9852 0.0782
vn 0.3364 0.9205 0.1988
vn 0.2257 0.9742 0.0044
vn 0.4314 0.9021 0.0074
vn 0.1775 0.9816 -0.0709
vn 0.3952 0.9023 -0.1722
vn 0.0692 0.9954 -0.0666
vn 0.2460 0.9491 -0.1966
vn 0.0088 0.9999 0.0073
vn 0.0408 0.9989 0.0218
vn 0.0662 0.9978 0.0014
vn 0.0439 0.9988 -0.0221
vn 0.0063 0.9999 -0.0118
vn -0.0441 0.9985 0.0314
vn -0.0115 0.9999 0.0104
vn -0.1063 0.9940 0.0270
vn -0.1089 0.9937 -0.0258
vn -0.0472 0.9984 -0.0319
vn -0.0085 1.0000 -0.0047
vn -0.0035 1.0000 0.0003
vn -0.0026 1.0000 -0.0010
vn -0.5000 -0.0000 -0.8660
vn 0.8660 -0.0000 -0.5000
vn 1.0000 -0.0000 -0.0000
vn 0.8660 -0.0000 0.5000
vn 0.5000 -0.0000 0.8660
vn -0.5000 -0.0000 0.8660
vn -0.8660 -0.0000 0.5000
vn -1.0000 -0.0000 -0.0000
vn -0.8660 -0.0000 -0.5000
vn 0.5000 -0.0000 -0.8660
vn -0.0000 1.0000 -0.0000
vn -0.0000 -0.7780 -0.6283
vn 0.3141 -0.7780 -0.5441
vn 0.3141 0.7780 -0.5441
vn -0.0000 0.7780 -0.6283
vn 0.5441 -0.7780 -0.3141
vn 0.5441 0.7780 -0.3141
vn 0.6283 -0.7780 -0.0000
vn 0.6283 0.7780 -0.0000
vn 0.5441 -0.7780 0.3141
vn 0.5441 0.7780 0.3141
vn 0.3141 -0.7780 0.5441
vn 0.3141 0.7780 0.5441
vn -0.0000 -0.7780 0.6283
vn -0.0000 0.7780 0.6283
vn -0.3141 -0.7780 0.5441
vn -0.3141 0.7780 0.5441
vn -0.5441 -0.7780 0.3141
vn -0.5441 0.7780 0.3141
vn -0.6283 -0.7780 -0.0000
vn -0.6283 0.7780 -0.0000
vn -0.5441 -0.7780 -0.3141
vn -0.5441 0.7780 -0.3141
vn -0.3141 -0.7780 -0.5441
vn -0.3141 0.7780 -0.5441
vn -0.0000 -1.0000 -0.0000
vn 0.2794 -0.0000 -0.9602
vn 0.7221 -0.0000 -0.6918
vn 0.9602 -0.0000 0.2794
vn 0.6918 -0.0000 0.7221
vn 0.2381 -0.0000 0.9712
vn -0.2794 -0.0000 0.9602
vn -0.7221 -0.0000 0.6918
vn -0.9712 -0.0000 0.2381
vn -0.9602 -0.0000 -0.2794
vn -0.6918 -0.0000 -0.7221
vn -0.2381 -0.0000 -0.9712
vn 0.9712 -0.0000 -0.2381
vn 0.4537 -0.7780 -0.4347
vn 0.6102 -0.7780 -0.1496
vn 0.6102 0.7780 -0.1496
vn 0.4537 0.7780 -0.4347
vn 0.6032 -0.7780 0.1756
vn 0.6033 0.7780 0.1756
vn 0.4346 -0.7780 0.4537
vn 0.4347 -0.7780 0.4537
vn 0.4347 0.7780 0.4537
vn 0.1496 -0.7780 0.6102
vn 0.1496 0.7780 0.6102
vn -0.1756 -0.7780 0.6032
vn -0.1756 0.7780 0.6033
vn -0.4537 -0.7780 0.4346
vn -0.4536 -0.7780 0.4346
vn -0.4537 0.7780 0.4346
vn -0.6102 -0.7780 0.1496
vn -0.6102 0.7780 0.1496
vn -0.6032 -0.7780 -0.1756
vn -0.6033 0.7780 -0.1756
vn -0.4346 -0.7780 -0.4537
vn -0.4347 0.7780 -0.4537
vn -0.1496 -0.7780 -0.6102
vn -0.1496 0.7780 -0.6102
vn 0.1756 -0.7780 -0.6032
vn 0.1756 0.7780 -0.6033
vn 0.4537 -0.7780 -0.4346
vn 0.4537 0.7780 -0.4346
vn 0.6032 0.7780 0.1756
vn 0.4346 0.7780 0.4537
vn -0.1756 0.7780 0.6032
vn -0.4537 -0.7780 0.4347
vn -0.4537 0.7780 0.4347
vn -0.6033 -0.7780 -0.1756
vn -0.4346 0.7780 -0.4537
vn 0.1756 0.7780 -0.6032
vn -0.4347 -0.7780 -0.4537
vn 0.1756 -0.7780 -0.6033
vn -0.9984 -0.0000 0.0558
vn -0.8926 -0.0000 -0.4509
vn -0.0558 -0.0000 -0.9984
vn 0.4509 -0.0000 -0.8926
vn 0.8368 -0.0000 -0.5475
vn 0.9984 -0.0000 -0.0558
vn 0.8926 -0.0000 0.4509
vn 0.5475 -0.0000 0.8368
vn 0.0558 -0.0000 0.9984
vn -0.4509 -0.0000 0.8926
vn -0.8368 -0.0000 0.5475
vn -0.5475 -0.0000 -0.8368
vn -0.5608 -0.7780 -0.2833
vn -0.3440 -0.7780 -0.5257
vn -0.3440 0.7780 -0.5257
vn -0.5608 0.7780 -0.2833
vn -0.0350 -0.7780 -0.6273
vn -0.0350 0.7780 -0.6273
vn 0.2833 -0.7780 -0.5608
vn 0.2833 0.7780 -0.5608
vn 0.5257 -0.7780 -0.3440
vn 0.5257 0.7780 -0.3440
vn 0.6273 -0.7780 -0.0350
vn 0.6273 0.7780 -0.0350
vn 0.5608 -0.7780 0.2833
vn 0.5608 0.7780 0.2833
vn 0.3440 -0.7780 0.5257
vn 0.3440 0.7780 0.5257
vn 0.0350 -0.7780 0.6273
vn 0.0350 0.7780 0.6273
vn -0.2833 -0.7780 0.5608
vn -0.2833 0.7780 0.5608
vn -0.5257 -0.7780 0.3440
vn -0.5257 0.7780 0.3440
vn -0.6273 -0.7780 0.0350
vn -0.6273 0.7780 0.0350
vn -0.7310 -0.0000 -0.6824
vn -0.2919 -0.0000 -0.9564
vn 0.6824 -0.0000 -0.7310
vn 0.9564 -0.0000 -0.2919
vn 0.9743 -0.0000 0.2254
vn 0.7310 -0.0000 0.6824
vn 0.2919 -0.0000 0.9564
vn -0.2254 -0.0000 0.9743
vn -0.6824 -0.0000 0.7310
vn -0.9565 -0.0000 0.2919
vn -0.9743 -0.0000 -0.2254
vn 0.2254 -0.0000 -0.9743
vn -0.1834 -0.7780 -0.6009
vn 0.1416 -0.7780 -0.6121
vn 0.1416 0.7780 -0.6121
vn -0.1834 0.7780 -0.6009
vn 0.4287 -0.7780 -0.4593
vn 0.4287 0.7780 -0.4593
vn 0.6009 -0.7780 -0.1834
vn 0.6009 0.7780 -0.1834
vn 0.6121 -0.7780 0.1416
vn 0.6121 0.7780 0.1416
vn 0.4593 -0.7780 0.4287
vn 0.4593 0.7780 0.4287
vn 0.1834 -0.7780 0.6009
vn 0.1834 0.7780 0.6009
vn -0.1416 -0.7780 0.6121
vn -0.1416 0.7780 0.6121
vn -0.4287 -0.7780 0.4593
vn -0.4287 0.7780 0.4593
vn -0.6009 -0.7780 0.1834
vn -0.6009 0.7780 0.1834
vn -0.6121 -0.7780 -0.1416
vn -0.6121 0.7780 -0.1416
vn -0.4593 -0.7780 -0.4287
vn -0.4593 0.7780 -0.4287
vn 0.9611 -0.0000 -0.2761
vn 0.9704 -0.0000 0.2414
vn 0.2761 -0.0000 0.9611
vn -0.2414 -0.0000 0.9704
vn -0.6943 -0.0000 0.7197
vn -0.9611 -0.0000 0.2761
vn -0.9704 -0.0000 -0.2414
vn -0.7197 -0.0000 -0.6943
vn -0.2761 -0.0000 -0.9611
vn 0.2414 -0.0000 -0.9704
vn 0.6943 -0.0000 -0.7197
vn 0.7197 -0.0000 0.6943
vn 0.6097 0.7780 0.1517
vn 0.4522 0.7780 0.4362
vn 0.4522 -0.7780 0.4362
vn 0.6097 -0.7780 0.1517
vn 0.1735 0.7780 0.6039
vn 0.1735 -0.7780 0.6039
vn -0.1517 0.7780 0.6097
vn -0.1517 -0.7780 0.6097
vn -0.4362 0.7780 0.4522
vn -0.4362 -0.7780 0.4522
vn -0.6039 0.7780 0.1735
vn -0.6039 -0.7780 0.1735
vn -0.6097 0.7780 -0.1517
vn -0.6097 -0.7780 -0.1517
vn -0.4522 0.7780 -0.4362
vn -0.4522 -0.7780 -0.4362
vn -0.1735 0.7780 -0.6039
vn -0.1735 -0.7780 -0.6039
vn 0.1517 0.7780 -0.6097
vn 0.1517 -0.7780 -0.6097
vn 0.4362 0.7780 -0.4522
vn 0.4362 -0.7780 -0.4522
vn 0.6039 0.7780 -0.1735
vn 0.6039 -0.7780 -0.1735
vn 0.8643 -0.0000 0.5030
vn 0.4970 -0.0000 0.8677
vn -0.5030 -0.0000 0.8643
vn -0.8677 -0.0000 0.4970
vn -1.0000 -0.0000 -0.0034
vn -0.8643 -0.0000 -0.5030
vn -0.4970 -0.0000 -0.8677
vn 0.0034 -0.0000 -1.0000
vn 0.5030 -0.0000 -0.8643
vn 0.8677 -0.0000 -0.4970
vn 1.0000 -0.0000 0.0034
vn -0.0034 -0.0000 1.0000
vn 0.3123 0.7780 0.5452
vn -0.0022 0.7780 0.6283
vn -0.0022 -0.7780 0.6283
vn 0.3123 -0.7780 0.5452
vn -0.3160 0.7780 0.5430
vn -0.3160 -0.7780 0.5430
vn -0.5452 0.7780 0.3123
vn -0.5452 -0.7780 0.3123
vn -0.6283 0.7780 -0.0022
vn -0.6283 -0.7780 -0.0022
vn -0.5430 0.7780 -0.3160
vn -0.5430 -0.7780 -0.3160
vn -0.3123 0.7780 -0.5452
vn -0.3123 -0.7780 -0.5452
vn 0.0022 0.7780 -0.6283
vn 0.0022 -0.7780 -0.6283
vn 0.3160 0.7780 -0.5430
vn 0.3160 -0.7780 -0.5430
vn 0.5452 0.7780 -0.3123
vn 0.5452 -0.7780 -0.3123
vn 0.6283 0.7780 0.0022
vn 0.6283 -0.7780 0.0022
vn 0.5430 0.7780 0.3160
vn 0.5430 -0.7780 0.3160
vn 0.1869 -0.0000 -0.9824
vn 0.6531 -0.0000 -0.7573
vn 0.9824 -0.0000 0.1869
vn 0.7573 -0.0000 0.6531
vn 0.3293 -0.0000 0.9442
vn -0.1869 -0.0000 0.9824
vn -0.6531 -0.0000 0.7573
vn -0.9442 -0.0000 0.3293
vn -0.9824 -0.0000 -0.1869
vn -0.7573 -0.0000 -0.6531
vn -0.3293 -0.0000 -0.9442
vn 0.9442 -0.0000 -0.3293
vn 0.4103 0.7780 -0.4758
vn 0.5932 0.7780 -0.2069
vn 0.5932 -0.7780 -0.2069
vn 0.4103 -0.7780 -0.4758
vn 0.6172 0.7780 0.1174
vn 0.6172 -0.7780 0.1174
vn 0.4758 0.7780 0.4103
vn 0.4758 -0.7780 0.4103
vn 0.2069 0.7780 0.5932
vn 0.2069 -0.7780 0.5932
vn -0.1174 0.7780 0.6172
vn -0.1174 -0.7780 0.6172
vn -0.4103 0.7780 0.4758
vn -0.4103 -0.7780 0.4758
vn -0.5932 0.7780 0.2069
vn -0.5932 -0.7780 0.2069
vn -0.6172 0.7780 -0.1174
vn -0.6172 -0.7780 -0.1174
vn -0.4758 0.7780 -0.4103
vn -0.4758 -0.7780 -0.4103
vn -0.2069 0.7780 -0.5932
vn -0.2069 -0.7780 -0.5932
vn 0.1174 0.7780 -0.6172
vn 0.1174 -0.7780 -0.6172
vn 0.8387 -0.0000 -0.5446
vn 0.9986 -0.0000 -0.0523
vn 0.5446 -0.0000 0.8387
vn 0.0523 -0.0000 0.9986
vn -0.4540 -0.0000 0.8910
vn -0.8387 -0.0000 0.5446
vn -0.9986 -0.0000 0.0523
vn -0.8910 -0.0000 -0.4540
vn -0.5446 -0.0000 -0.8387
vn -0.0523 -0.0000 -0.9986
vn 0.4540 -0.0000 -0.8910
vn 0.8910 -0.0000 0.4540
vn 0.6274 0.7780 -0.0329
vn 0.5598 0.7780 0.2852
vn 0.5598 -0.7780 0.2852
vn 0.6274 -0.7780 -0.0329
vn 0.3422 0.7780 0.5269
vn 0.3422 -0.7780 0.5269
vn 0.0329 0.7780 0.6274
vn 0.0329 -0.7780 0.6274
vn -0.2852 0.7780 0.5598
vn -0.2852 -0.7780 0.5598
vn -0.5269 0.7780 0.3422
vn -0.5269 -0.7780 0.3422
vn -0.6274 0.7780 0.0329
vn -0.6274 -0.7780 0.0329
vn -0.5598 0.7780 -0.2852
vn -0.5598 -0.7780 -0.2852
vn -0.3422 0.7780 -0.5269
vn -0.3422 -0.7780 -0.5269
vn -0.0329 0.7780 -0.6274
vn -0.0329 -0.7780 -0.6274
vn 0.2852 0.7780 -0.5598
vn 0.2852 -0.7780 -0.5598
vn 0.5269 0.7780 -0.3422
vn 0.5269 -0.7780 -0.3422
vn 0.8078 -0.0000 0.5895
vn 0.4048 -0.0000 0.9144
vn -0.5895 -0.0000 0.8078
vn -0.9144 -0.0000 0.4048
vn -0.9943 -0.0000 -0.1067
vn -0.8078 -0.0000 -0.5895
vn -0.4048 -0.0000 -0.9144
vn 0.1067 -0.0000 -0.9943
vn 0.5895 -0.0000 -0.8078
vn 0.9144 -0.0000 -0.4048
vn 0.9943 -0.0000 0.1067
vn -0.1067 -0.0000 0.9943
vn 0.2543 -0.7780 0.5745
vn -0.0670 -0.7780 0.6247
vn -0.0670 0.7780 0.6247
vn 0.2543 0.7780 0.5745
vn -0.3704 -0.7780 0.5075
vn -0.3704 0.7780 0.5075
vn -0.5745 -0.7780 0.2543
vn -0.5745 0.7780 0.2543
vn -0.6247 -0.7780 -0.0670
vn -0.6247 0.7780 -0.0670
vn -0.5075 -0.7780 -0.3704
vn -0.5075 0.7780 -0.3704
vn -0.2543 -0.7780 -0.5745
vn -0.2543 0.7780 -0.5745
vn 0.0670 -0.7780 -0.6247
vn 0.0670 0.7780 -0.6247
vn 0.3704 -0.7780 -0.5075
vn 0.3704 0.7780 -0.5075
vn 0.5745 -0.7780 -0.2543
vn 0.5745 0.7780 -0.2543
vn 0.6247 -0.7780 0.0670
vn 0.6247 0.7780 0.0670
vn 0.5075 -0.7780 0.3704
vn 0.5075 0.7780 0.3704
vn 0.1331 -0.0000 0.9911
vn -0.3802 -0.0000 0.9249
vn -0.9911 -0.0000 0.1331
vn -0.9249 -0.0000 -0.3802
vn -0.6109 -0.0000 -0.7917
vn -0.1331 -0.0000 -0.9911
vn 0.3803 -0.0000 -0.9249
vn 0.7918 -0.0000 -0.6108
vn 0.9911 -0.0000 -0.1331
vn 0.9249 -0.0000 0.3802
vn 0.6108 -0.0000 0.7917
vn -0.7917 -0.0000 0.6108
vn -0.2389 -0.7780 0.5811
vn -0.4974 -0.7780 0.3838
vn -0.4975 0.7780 0.3838
vn -0.2389 0.7780 0.5811
vn -0.6227 -0.7780 0.0836
vn -0.6227 0.7780 0.0836
vn -0.5811 -0.7780 -0.2389
vn -0.5811 0.7780 -0.2389
vn -0.3838 -0.7780 -0.4974
vn -0.3838 0.7780 -0.4974
vn -0.0836 -0.7780 -0.6227
vn -0.0836 0.7780 -0.6227
vn 0.2389 -0.7780 -0.5811
vn 0.2389 0.7780 -0.5811
vn 0.4974 -0.7780 -0.3838
vn 0.4974 0.7780 -0.3838
vn 0.6227 -0.7780 -0.0836
vn 0.6227 -0.7780 -0.0837
vn 0.6227 0.7780 -0.0837
vn 0.5811 -0.7780 0.2389
vn 0.5811 0.7780 0.2389
vn 0.3838 -0.7780 0.4974
vn 0.3838 0.7780 0.4974
vn 0.0836 -0.7780 0.6227
vn 0.0836 0.7780 0.6227
vn 0.7917 -0.0000 -0.6108
vn -0.4974 0.7780 0.3838
vn 0.6227 0.7780 -0.0836
vn 0.0837 0.7780 0.6227
vn -0.4457 -0.0000 0.8952
vn -0.8336 -0.0000 0.5524
vn -0.8952 -0.0000 -0.4457
vn -0.5524 -0.0000 -0.8336
vn -0.0616 -0.0000 -0.9981
vn 0.4457 -0.0000 -0.8952
vn 0.8336 -0.0000 -0.5524
vn 0.9981 -0.0000 -0.0616
vn 0.8952 -0.0000 0.4457
vn 0.5524 -0.0000 0.8336
vn 0.0616 -0.0000 0.9981
vn -0.9981 -0.0000 0.0616
vn -0.5237 -0.7780 0.3471
vn -0.6271 -0.7780 0.0387
vn -0.6271 0.7780 0.0387
vn -0.5237 0.7780 0.3471
vn -0.5624 -0.7780 -0.2800
vn -0.5624 0.7780 -0.2800
vn -0.3470 -0.7780 -0.5237
vn -0.3471 0.7780 -0.5237
vn -0.3470 0.7780 -0.5237
vn -0.0387 -0.7780 -0.6271
vn -0.0387 0.7780 -0.6271
vn 0.2800 -0.7780 -0.5624
vn 0.2800 0.7780 -0.5624
vn 0.5237 -0.7780 -0.3470
vn 0.5237 0.7780 -0.3471
vn 0.6271 -0.7780 -0.0387
vn 0.6271 0.7780 -0.0387
vn 0.5624 -0.7780 0.2800
vn 0.5624 0.7780 0.2800
vn 0.3470 -0.7780 0.5237
vn 0.3470 0.7780 0.5237
vn 0.0387 -0.7780 0.6271
vn 0.0387 0.7780 0.6271
vn -0.2800 -0.7780 0.5624
vn -0.2800 0.7780 0.5624
vn -0.5237 -0.7780 0.3470
vn -0.5237 0.7780 0.3470
vn 0.5237 -0.7780 -0.3471
vn -0.3471 -0.7780 -0.5237
vn 0.3471 -0.7780 0.5237
vn 0.9924 -0.0000 0.1227
vn 0.7982 -0.0000 0.6025
vn -0.1227 -0.0000 0.9924
vn -0.6025 -0.0000 0.7982
vn -0.9208 -0.0000 0.3900
vn -0.9924 -0.0000 -0.1227
vn -0.7982 -0.0000 -0.6025
vn -0.3900 -0.0000 -0.9208
vn 0.1227 -0.0000 -0.9924
vn 0.6025 -0.0000 -0.7982
vn 0.9208 -0.0000 -0.3900
vn 0.3900 -0.0000 0.9208
vn 0.5015 -0.7780 0.3785
vn 0.2450 -0.7780 0.5785
vn 0.2450 0.7780 0.5785
vn 0.5015 0.7780 0.3785
vn -0.0771 -0.7780 0.6235
vn -0.0771 0.7780 0.6235
vn -0.3785 -0.7780 0.5015
vn -0.3785 0.7780 0.5015
vn -0.5785 -0.7780 0.2450
vn -0.5785 0.7780 0.2450
vn -0.6235 -0.7780 -0.0771
vn -0.6235 0.7780 -0.0771
vn -0.5015 -0.7780 -0.3785
vn -0.5015 0.7780 -0.3785
vn -0.2450 -0.7780 -0.5785
vn -0.2450 0.7780 -0.5785
vn 0.0771 -0.7780 -0.6235
vn 0.0771 0.7780 -0.6235
vn 0.3785 -0.7780 -0.5015
vn 0.3785 0.7780 -0.5015
vn 0.5785 -0.7780 -0.2450
vn 0.5785 0.7780 -0.2450
vn 0.6235 -0.7780 0.0771
vn 0.6235 0.7780 0.0771
vn 0.5980 -0.0000 0.8015
vn 0.1172 -0.0000 0.9931
vn -0.8015 -0.0000 0.5980
vn -0.9931 -0.0000 0.1172
vn -0.9186 -0.0000 -0.3951
vn -0.5980 -0.0000 -0.8015
vn -0.1172 -0.0000 -0.9931
vn 0.3951 -0.0000 -0.9186
vn 0.8015 -0.0000 -0.5980
vn 0.9931 -0.0000 -0.1172
vn 0.9186 -0.0000 0.3951
vn -0.3951 -0.0000 0.9186
vn 0.0736 -0.7780 0.6240
vn -0.2482 -0.7780 0.5772
vn -0.2482 0.7780 0.5772
vn 0.0736 0.7780 0.6240
vn 0.0736 0.7780 0.6239
vn -0.5036 -0.7780 0.3757
vn -0.5036 0.7780 0.3757
vn -0.6240 -0.7780 0.0736
vn -0.6240 0.7780 0.0736
vn -0.5772 -0.7780 -0.2482
vn -0.5772 0.7780 -0.2482
vn -0.3757 -0.7780 -0.5036
vn -0.3757 0.7780 -0.5036
vn -0.0736 -0.7780 -0.6240
vn -0.0736 0.7780 -0.6240
vn 0.2482 -0.7780 -0.5772
vn 0.2482 0.7780 -0.5772
vn 0.5036 -0.7780 -0.3757
vn 0.5036 0.7780 -0.3757
vn 0.6239 -0.7780 -0.0736
vn 0.6239 0.7780 -0.0736
vn 0.5772 -0.7780 0.2482
vn 0.5772 0.7780 0.2482
vn 0.3757 -0.7780 0.5036
vn 0.3757 -0.7780 0.5035
vn 0.3757 0.7780 0.5035
vn 0.0736 -0.7780 0.6239
vn -0.5035 -0.7780 0.3757
vn -0.5035 0.7780 0.3757
vn -0.6239 0.7780 0.0736
vn -0.3757 -0.7780 -0.5035
vn -0.3757 0.7780 -0.5035
vn -0.0736 0.7780 -0.6239
vn 0.5771 -0.7780 0.2482
vn 0.5771 0.7780 0.2482
vn -0.7611 -0.0000 -0.6487
vn -0.3348 -0.0000 -0.9423
vn 0.6487 -0.0000 -0.7611
vn 0.9423 -0.0000 -0.3348
vn 0.9834 -0.0000 0.1812
vn 0.7611 -0.0000 0.6487
vn 0.3348 -0.0000 0.9423
vn -0.1812 -0.0000 0.9834
vn -0.6487 -0.0000 0.7611
vn -0.9423 -0.0000 0.3348
vn -0.9834 -0.0000 -0.1812
vn 0.1812 -0.0000 -0.9834
vn -0.2103 -0.7780 -0.5920
vn 0.1139 -0.7780 -0.6179
vn 0.1139 0.7780 -0.6179
vn -0.2103 0.7780 -0.5920
vn 0.4075 -0.7780 -0.4782
vn 0.4075 0.7780 -0.4782
vn 0.5920 -0.7780 -0.2103
vn 0.5920 0.7780 -0.2103
vn 0.6179 -0.7780 0.1138
vn 0.6179 0.7780 0.1138
vn 0.6179 0.7780 0.1139
vn 0.4782 -0.7780 0.4075
vn 0.4782 0.7780 0.4075
vn 0.2103 -0.7780 0.5920
vn 0.2103 0.7780 0.5920
vn -0.1138 -0.7780 0.6179
vn -0.1139 -0.7780 0.6179
vn -0.1138 0.7780 0.6179
vn -0.1139 0.7780 0.6179
vn -0.4075 -0.7780 0.4782
vn -0.4075 0.7780 0.4782
vn -0.5920 -0.7780 0.2103
vn -0.5920 0.7780 0.2103
vn -0.6179 -0.7780 -0.1138
vn -0.6179 0.7780 -0.1138
vn -0.4782 -0.7780 -0.4075
vn -0.4782 0.7780 -0.4075
vn 0.6179 -0.7780 0.1139
vn -0.6179 0.7780 -0.1139
vn 0.1138 -0.7780 -0.6179
vn 0.1138 0.7780 -0.6179
vn -0.6179 -0.7780 -0.1139
vn -0.3586 -0.0000 0.9335
vn -0.7773 -0.0000 0.6291
vn -0.9335 -0.0000 -0.3586
vn -0.6291 -0.0000 -0.7773
vn -0.1561 -0.0000 -0.9877
vn 0.3586 -0.0000 -0.9335
vn 0.7773 -0.0000 -0.6291
vn 0.9877 -0.0000 -0.1561
vn 0.9335 -0.0000 0.3586
vn 0.6291 -0.0000 0.7773
vn 0.1561 -0.0000 0.9877
vn -0.9877 -0.0000 0.1561
vn -0.4884 -0.7780 0.3952
vn -0.6206 -0.7780 0.0981
vn -0.6206 0.7780 0.0981
vn -0.4884 0.7780 0.3952
vn -0.5865 -0.7780 -0.2253
vn -0.5865 0.7780 -0.2253
vn -0.3952 -0.7780 -0.4884
vn -0.3952 0.7780 -0.4884
vn -0.0981 -0.7780 -0.6206
vn -0.0981 0.7780 -0.6206
vn 0.2253 -0.7780 -0.5865
vn 0.2253 0.7780 -0.5865
vn 0.4884 -0.7780 -0.3952
vn 0.4884 0.7780 -0.3952
vn 0.6205 -0.7780 -0.0981
vn 0.6206 0.7780 -0.0981
vn 0.5865 -0.7780 0.2253
vn 0.5865 0.7780 0.2253
vn 0.3952 -0.7780 0.4884
vn 0.3952 0.7780 0.4884
vn 0.0981 -0.7780 0.6206
vn 0.0981 0.7780 0.6206
vn -0.2253 -0.7780 0.5865
vn -0.2253 0.7780 0.5865
vn -0.9222 -0.0000 0.3868
vn -0.9920 -0.0000 -0.1261
vn -0.3868 -0.0000 -0.9222
vn 0.1261 -0.0000 -0.9920
vn 0.6052 -0.0000 -0.7961
vn 0.9222 -0.0000 -0.3868
vn 0.9920 -0.0000 0.1261
vn 0.7961 -0.0000 0.6052
vn 0.3868 -0.0000 0.9222
vn -0.1261 -0.0000 0.9920
vn -0.6052 -0.0000 0.7961
vn -0.7961 -0.0000 -0.6052
vn -0.6233 -0.7780 -0.0792
vn -0.5002 -0.7780 -0.3802
vn -0.5002 0.7780 -0.3802
vn -0.6233 0.7780 -0.0792
vn -0.2430 -0.7780 -0.5794
vn -0.2430 0.7780 -0.5794
vn 0.0792 -0.7780 -0.6233
vn 0.0792 0.7780 -0.6233
vn 0.3802 -0.7780 -0.5002
vn 0.3802 0.7780 -0.5002
vn 0.5794 -0.7780 -0.2430
vn 0.5794 0.7780 -0.2430
vn 0.6233 -0.7780 0.0792
vn 0.6233 0.7780 0.0792
vn 0.5002 -0.7780 0.3802
vn 0.5002 0.7780 0.3802
vn 0.2430 -0.7780 0.5794
vn 0.2430 0.7780 0.5794
vn -0.0792 -0.7780 0.6233
vn -0.0792 0.7780 0.6233
vn -0.3802 -0.7780 0.5002
vn -0.3802 0.7780 0.5002
vn -0.5794 -0.7780 0.2430
vn -0.5794 0.7780 0.2430
vn -0.0792 0.7780 0.6232
vn -0.3802 0.7780 0.5001
vn -0.2426 -0.7780 -0.5795
vn 0.0797 -0.7780 -0.6232
vn -0.3806 -0.7780 0.4999
vn -0.5795 -0.7780 0.2426
vn -0.0797 0.7780 0.6232
vn 0.2426 0.7780 0.5795
vn 0.4999 -0.7780 0.3806
vn 0.2426 -0.7780 0.5795
vn 0.6232 0.7780 0.0797
vn 0.5796 0.7780 -0.2426
vn 0.3806 -0.7780 -0.4999
vn 0.5795 -0.7780 -0.2426
vn 0.9224 -0.0000 -0.3862
vn 0.9919 -0.0000 0.1268
vn -0.9919 -0.0000 -0.1268
vn -0.7956 -0.0000 -0.6058
vn -0.1268 -0.0000 0.9919
vn -0.6058 -0.0000 0.7956
vn 0.7956 -0.0000 0.6058
vn -0.6232 0.7780 -0.0797
vn -0.5795 0.7780 0.2426
vn -0.4999 0.7780 -0.3806
vn 0.0797 0.7780 -0.6232
vn -0.2426 0.7780 -0.5795
vn 0.3806 0.7780 -0.4999
vn -0.4999 -0.7780 -0.3806
vn -0.6232 -0.7780 -0.0797
vn -0.3806 0.7780 0.4999
vn -0.0797 -0.7780 0.6232
vn 0.4999 0.7780 0.3806
vn 0.6232 -0.7780 0.0797
vn 0.6058 -0.0000 -0.7956
vn -0.3862 -0.0000 -0.9224
vn 0.1268 -0.0000 -0.9919
vn -0.9224 -0.0000 0.3862
vn 0.3862 -0.0000 0.9224
vn 0.0452 -0.0000 -0.9990
vn 0.5387 -0.0000 -0.8425
vn 0.9990 -0.0000 0.0452
vn 0.8425 -0.0000 0.5387
vn 0.4603 -0.0000 0.8878
vn -0.0452 -0.0000 0.9990
vn -0.5387 -0.0000 0.8425
vn -0.8878 -0.0000 0.4603
vn -0.9990 -0.0000 -0.0452
vn -0.8425 -0.0000 -0.5387
vn -0.4603 -0.0000 -0.8878
vn 0.8878 -0.0000 -0.4603
vn 0.3384 -0.7780 -0.5293
vn 0.5578 -0.7780 -0.2892
vn 0.5578 0.7780 -0.2892
vn 0.3384 0.7780 -0.5294
vn 0.3384 0.7780 -0.5293
vn 0.6276 -0.7780 0.0284
vn 0.6276 0.7780 0.0284
vn 0.5293 -0.7780 0.3384
vn 0.5293 0.7780 0.3384
vn 0.2892 -0.7780 0.5578
vn 0.2892 0.7780 0.5578
vn -0.0284 -0.7780 0.6276
vn -0.0284 0.7780 0.6276
vn -0.3384 -0.7780 0.5293
vn -0.3384 0.7780 0.5293
vn -0.5577 -0.7780 0.2892
vn -0.5578 0.7780 0.2892
vn -0.6276 -0.7780 -0.0284
vn -0.6276 0.7780 -0.0284
vn -0.5293 -0.7780 -0.3384
vn -0.5293 0.7780 -0.3384
vn -0.2892 -0.7780 -0.5577
vn -0.2892 -0.7780 -0.5578
vn -0.2892 0.7780 -0.5578
vn 0.0284 -0.7780 -0.6276
vn 0.0284 0.7780 -0.6276
vn -0.8425 -0.0000 -0.5386
vn 0.5577 -0.7780 -0.2892
vn 0.5577 0.7780 -0.2892
vn 0.2892 -0.7780 0.5577
vn 0.2892 0.7780 0.5577
vn -0.5577 0.7780 0.2892
vn -0.2892 0.7780 -0.5577
vn 0.3384 -0.7780 -0.5294
vn -0.5578 -0.7780 0.2892
vn -0.9572 -0.0000 0.2896
vn -0.9737 -0.0000 -0.2278
vn -0.2896 -0.0000 -0.9572
vn 0.2278 -0.0000 -0.9737
vn 0.6841 -0.0000 -0.7293
vn 0.9572 -0.0000 -0.2895
vn 0.9737 -0.0000 0.2278
vn 0.7293 -0.0000 0.6841
vn 0.2896 -0.0000 0.9572
vn -0.2278 -0.0000 0.9737
vn -0.6841 -0.0000 0.7293
vn -0.7293 -0.0000 -0.6841
vn -0.6118 -0.7780 -0.1431
vn -0.4582 -0.7780 -0.4298
vn -0.4582 0.7780 -0.4298
vn -0.6118 0.7780 -0.1431
vn -0.1819 -0.7780 -0.6014
vn -0.1819 0.7780 -0.6014
vn 0.1431 -0.7780 -0.6117
vn 0.1431 -0.7780 -0.6118
vn 0.1431 0.7780 -0.6117
vn 0.4298 -0.7780 -0.4582
vn 0.4298 0.7780 -0.4582
vn 0.6013 -0.7780 -0.1819
vn 0.6013 0.7780 -0.1819
vn 0.6117 -0.7780 0.1431
vn 0.6117 0.7780 0.1431
vn 0.4582 -0.7780 0.4298
vn 0.4582 0.7780 0.4298
vn 0.1819 -0.7780 0.6014
vn 0.1819 0.7780 0.6014
vn -0.1431 -0.7780 0.6118
vn -0.1431 0.7780 0.6118
vn -0.4298 -0.7780 0.4582
vn -0.4298 0.7780 0.4582
vn -0.6014 -0.7780 0.1819
vn -0.6014 0.7780 0.1819
vn -0.8713 -0.0000 -0.4908
vn -0.5091 -0.0000 -0.8607
vn 0.4908 -0.0000 -0.8713
vn 0.8607 -0.0000 -0.5091
vn 0.9999 -0.0000 -0.0106
vn 0.8713 -0.0000 0.4908
vn 0.5091 -0.0000 0.8607
vn 0.0106 -0.0000 0.9999
vn -0.4908 -0.0000 0.8713
vn -0.8607 -0.0000 0.5091
vn -0.9999 -0.0000 0.0106
vn -0.0106 -0.0000 -0.9999
vn -0.3199 -0.7780 -0.5408
vn -0.0066 -0.7780 -0.6282
vn -0.0066 0.7780 -0.6282
vn -0.3199 0.7780 -0.5408
vn 0.3084 -0.7780 -0.5474
vn 0.3084 0.7780 -0.5474
vn 0.5407 -0.7780 -0.3199
vn 0.5407 0.7780 -0.3199
vn 0.6282 -0.7780 -0.0066
vn 0.6282 0.7780 -0.0066
vn 0.5474 -0.7780 0.3084
vn 0.5474 0.7780 0.3084
vn 0.3199 -0.7780 0.5408
vn 0.3199 0.7780 0.5408
vn 0.0066 -0.7780 0.6282
vn 0.0066 0.7780 0.6282
vn -0.3084 -0.7780 0.5474
vn -0.3084 0.7780 0.5474
vn -0.5407 -0.7780 0.3199
vn -0.5407 0.7780 0.3199
vn -0.6282 -0.7780 0.0066
vn -0.6282 0.7780 0.0066
vn -0.5474 -0.7780 -0.3084
vn -0.5474 0.7780 -0.3084
vn -0.0066 -0.7780 -0.6283
vn -0.3199 0.7780 -0.5407
vn 0.5408 -0.7780 -0.3199
vn 0.5408 0.7780 -0.3199
vn 0.0066 -0.7780 0.6283
vn -0.5408 -0.7780 0.3199
vn -0.5408 0.7780 0.3199
vn 0.5796 -0.7780 -0.2426
vn 0.2426 0.7780 0.5796
vn 0.2426 -0.7780 0.5796
vn -0.2426 0.7780 -0.5796
vn -0.2426 -0.7780 -0.5796
vn -0.9776 -0.0000 0.2103
vn -0.9518 -0.0000 -0.3067
vn -0.2103 -0.0000 -0.9776
vn 0.3067 -0.0000 -0.9518
vn 0.7415 -0.0000 -0.6709
vn 0.9776 -0.0000 -0.2103
vn 0.9518 -0.0000 0.3067
vn 0.6709 -0.0000 0.7415
vn 0.2103 -0.0000 0.9776
vn -0.3067 -0.0000 0.9518
vn -0.7415 -0.0000 0.6709
vn -0.6709 -0.0000 -0.7415
vn -0.5980 0.7780 -0.1927
vn -0.4215 0.7780 -0.4659
vn -0.4215 -0.7780 -0.4659
vn -0.5980 -0.7780 -0.1927
vn -0.1321 0.7780 -0.6142
vn -0.1321 -0.7780 -0.6142
vn 0.1927 0.7780 -0.5980
vn 0.1927 -0.7780 -0.5980
vn 0.4659 0.7780 -0.4215
vn 0.4659 -0.7780 -0.4215
vn 0.6142 0.7780 -0.1321
vn 0.6142 -0.7780 -0.1321
vn 0.5980 0.7780 0.1927
vn 0.5980 -0.7780 0.1927
vn 0.4215 0.7780 0.4659
vn 0.4215 -0.7780 0.4659
vn 0.1321 0.7780 0.6142
vn 0.1321 -0.7780 0.6142
vn -0.1927 0.7780 0.5980
vn -0.1927 -0.7780 0.5980
vn -0.4659 0.7780 0.4215
vn -0.4659 -0.7780 0.4215
vn -0.6142 0.7780 0.1321
vn -0.6142 -0.7780 0.1321
vn -0.8282 -0.0000 -0.5604
vn -0.4370 -0.0000 -0.8995
vn 0.5604 -0.0000 -0.8282
vn 0.8995 -0.0000 -0.4370
vn 0.9975 -0.0000 0.0713
vn 0.8282 -0.0000 0.5604
vn 0.4370 -0.0000 0.8995
vn -0.0713 -0.0000 0.9975
vn -0.5604 -0.0000 0.8282
vn -0.8995 -0.0000 0.4370
vn -0.9975 -0.0000 -0.0713
vn 0.0713 -0.0000 -0.9975
vn -0.2746 0.7780 -0.5651
vn 0.0448 0.7780 -0.6267
vn 0.0448 -0.7780 -0.6267
vn -0.2746 -0.7780 -0.5651
vn 0.3521 0.7780 -0.5203
vn 0.3521 -0.7780 -0.5203
vn 0.5651 0.7780 -0.2746
vn 0.5651 -0.7780 -0.2746
vn 0.6267 0.7780 0.0448
vn 0.6267 -0.7780 0.0448
vn 0.5203 0.7780 0.3521
vn 0.5203 -0.7780 0.3521
vn 0.2746 0.7780 0.5651
vn 0.2746 -0.7780 0.5651
vn -0.0448 0.7780 0.6267
vn -0.0448 -0.7780 0.6267
vn -0.3521 0.7780 0.5203
vn -0.3521 -0.7780 0.5203
vn -0.5651 0.7780 0.2746
vn -0.5651 -0.7780 0.2746
vn -0.6267 0.7780 -0.0448
vn -0.6267 -0.7780 -0.0448
vn -0.5203 0.7780 -0.3521
vn -0.5203 -0.7780 -0.3521
vn -0.2745 -0.7780 -0.5651
vn 0.5795 0.7780 -0.2426
vn -0.5796 -0.7780 0.2426
vn -0.5796 0.7780 0.2426
vn -0.2745 0.7780 -0.5651
vn -0.6465 0.6585 -0.3853
vn -0.4675 0.8724 -0.1431
vn -0.5550 0.8206 -0.1361
vn -0.7980 0.5790 -0.1675
vn -0.4881 0.1763 0.8548
vn -0.4917 0.4050 0.7709
vn -0.5389 0.6426 0.5447
vn -0.6575 0.7073 0.2598
vn -0.3484 -0.3140 -0.8832
vn -0.4427 -0.2177 -0.8698
vn -0.2782 0.1178 -0.9533
vn -0.3283 -0.2232 -0.9178
vn 0.0471 0.2789 0.9592
vn -0.0118 0.5032 0.8641
vn 0.1778 0.7263 0.6640
vn 0.2275 0.6282 0.7440
vn -0.4152 -0.6388 -0.6478
vn -0.3628 -0.5381 -0.7608
vn -0.2295 -0.6320 -0.7402
vn -0.2790 -0.7193 -0.6362
vn -0.7567 -0.2458 -0.6058
vn -0.7188 -0.0889 -0.6895
vn -0.5018 -0.3784 -0.7779
vn -0.5732 -0.4915 -0.6557
vn -0.9465 -0.2547 0.1980
vn -0.8303 -0.1919 0.5232
vn -0.8680 -0.1511 0.4731
vn -0.9903 -0.0490 0.1302
vn 0.3309 0.5752 -0.7481
vn 0.2284 0.6237 -0.7475
vn 0.2464 0.6826 -0.6880
vn 0.3520 0.6314 -0.6910
vn -0.4620 -0.0195 0.8867
vn -0.3843 0.2003 0.9012
vn -0.4601 0.2524 0.8512
vn -0.5031 0.0022 0.8642
vn -0.0012 0.1794 0.9838
vn -0.2690 0.2148 0.9389
vn -0.3337 0.0830 0.9390
vn 0.1618 0.9853 0.0544
vn 0.2890 0.9505 0.1146
vn 0.2634 0.9647 -0.0049
vn 0.1551 0.9866 -0.0516
vn -0.4607 -0.5951 -0.6585
vn -0.4015 -0.4825 -0.7784
vn -0.5586 -0.8293 0.0132
vn -0.4238 -0.9042 0.0529
vn -0.4259 -0.8786 0.2161
vn -0.5369 -0.8227 0.1871
vn -0.5001 0.1988 -0.8429
vn -0.6952 0.2797 -0.6621
vn -0.6390 0.4995 -0.5849
vn -0.3228 0.5077 -0.7988
vn -0.1050 0.4920 -0.8642
vn 0.2392 0.3482 -0.9064
vn 0.1070 0.3850 -0.9167
vn 0.1570 0.4726 -0.8672
vn 0.2751 0.4346 -0.8576
vn -0.2397 0.9686 -0.0655
vn -0.0304 0.9995 0.0030
vn 0.0294 0.9241 -0.3810
vn -0.2035 0.9205 -0.3336
vn -0.6691 0.0037 -0.7432
vn -0.8402 0.2366 -0.4879
vn 0.4048 0.9015 0.1533
vn 0.4186 0.9078 0.0263
vn -0.1538 -0.4903 -0.8579
vn -0.3052 -0.3818 -0.8724
vn -0.2766 -0.3127 -0.9087
vn -0.1187 -0.4223 -0.8986
vn -0.7816 0.6154 0.1020
vn -0.7786 0.6072 0.1581
vn -0.9070 0.4210 0.0041
vn -0.8845 0.4634 -0.0546
vn -0.7313 -0.5379 0.4193
vn -0.8522 -0.3527 0.3865
vn -0.9485 -0.1806 -0.2603
vn -0.9547 0.1344 -0.2656
vn -0.5018 0.7914 0.3491
vn -0.6583 0.6882 0.3049
vn -0.7275 0.6751 0.1223
vn -0.6574 0.7294 0.1893
vn -0.8517 0.0174 -0.5237
vn -0.9158 -0.1088 -0.3866
vn -0.9075 0.2147 -0.3610
vn -0.8963 0.2304 -0.3789
vn -0.7994 0.5719 -0.1842
vn -0.6528 -0.6862 -0.3209
vn -0.5360 -0.6402 -0.5503
vn -0.4517 -0.6706 -0.5885
vn -0.5440 -0.7598 -0.3562
vn -0.3229 0.9464 0.0049
vn -0.4442 0.8780 -0.1782
vn -0.4169 0.8854 -0.2054
vn 0.2760 0.7673 -0.5788
vn 0.1510 0.7794 -0.6081
vn 0.1844 0.7779 -0.6008
vn 0.2844 0.7648 -0.5781
vn -0.8538 -0.4576 -0.2481
vn -0.8360 -0.3430 -0.4284
vn -0.6627 -0.5665 -0.4899
vn -0.7196 -0.6349 -0.2811
vn -0.2967 -0.7494 -0.5919
vn -0.3640 -0.8539 -0.3719
vn 0.2949 0.7615 -0.5771
vn -0.1060 0.7767 0.6209
vn -0.3090 0.8534 0.4199
vn -0.1423 0.8354 0.5309
vn -0.3318 -0.6199 0.7111
vn -0.3566 -0.6034 0.7133
vn -0.2910 -0.5274 0.7982
vn -0.2958 -0.5309 0.7941
vn -0.6811 -0.7322 0.0011
vn -0.6492 -0.7470 0.1431
vn -0.3001 0.8296 0.4709
vn -0.3291 0.8262 0.4573
vn -0.4555 0.7757 0.4368
vn -0.4696 0.8129 0.3446
vn -0.4034 0.7731 0.4895
vn -0.8419 -0.5371 -0.0527
vn -0.7053 -0.7081 -0.0340
vn -0.6608 -0.7445 0.0949
vn -0.8155 0.2274 -0.5321
vn -0.7200 0.4056 -0.5631
vn -0.8241 0.5527 -0.1239
vn 0.4081 0.9039 0.1286
vn -0.1077 0.9562 0.2721
vn -0.1828 0.9630 0.1982
vn -0.0893 0.9906 0.1031
vn -0.3461 -0.3001 0.8889
vn -0.5006 -0.2653 0.8240
vn -0.0985 0.7932 -0.6009
vn -0.4536 0.7636 -0.4594
vn -0.4561 0.7631 -0.4579
vn -0.0660 0.7924 -0.6065
vn -0.4348 0.8398 0.3249
vn -0.2187 0.9270 0.3046
vn -0.3048 0.8573 0.4150
vn 0.2269 0.9718 -0.0638
vn 0.4236 0.9045 -0.0488
vn -0.9033 0.3767 -0.2053
vn -0.7371 0.5088 -0.4448
vn -0.6453 0.7303 0.2243
vn -0.5168 -0.2675 0.8133
vn -0.2269 -0.3256 0.9179
vn -0.4554 0.8459 -0.2776
vn 0.0406 0.3599 -0.9321
vn 0.1071 0.4645 -0.8791
vn -0.1160 0.9566 0.2674
vn -0.1544 0.8766 0.4557
vn -0.1937 0.8575 0.4767
vn -0.1601 0.9460 0.2820
vn -0.2594 0.8816 0.3944
vn -0.2237 0.7983 0.5592
vn -0.2427 0.7593 0.6038
vn -0.3122 0.8016 0.5099
vn -0.1799 0.7477 0.6392
vn -0.2324 0.7138 0.6606
vn -0.2058 0.6980 0.6859
vn -0.1532 0.6923 0.7052
vn -0.7058 0.6741 -0.2177
vn -0.7503 0.6490 -0.1256
vn -0.7015 0.6760 -0.2257
vn 0.7992 -0.0970 0.5932
vn 0.9050 0.4017 0.1402
vn -0.2306 0.9725 0.0330
vn 0.2993 0.9278 0.2229
vn 0.3867 0.8831 0.2657
vn -0.0147 0.9943 0.1052
vn 0.1654 0.9742 0.1535
vn -0.8710 0.4137 -0.2650
vn -0.4544 0.6892 -0.5644
vn -0.4394 0.7304 -0.5229
vn 0.1913 0.6458 -0.7392
vn 0.2052 0.7142 -0.6692
vn -0.9554 0.2898 -0.0573
vn -0.8916 0.3944 -0.2226
vn -0.9109 0.1407 0.3880
vn -0.8944 -0.1008 0.4358
vn -0.9821 0.0328 0.1855
vn -0.9329 0.2447 0.2641
vn -0.3913 -0.5538 0.7350
vn -0.3506 -0.5718 0.7417
vn -0.3654 -0.5652 0.7396
vn -0.3796 -0.5594 0.7368
vn -0.8672 -0.4691 0.1673
vn -0.9290 -0.3491 0.1226
vn -0.3321 -0.5783 0.7452
vn -0.8531 0.4373 -0.2845
vn -0.7126 0.5299 -0.4598
vn -0.0074 0.7161 -0.6980
vn -0.2057 0.7589 -0.6178
vn -0.7959 0.5807 -0.1713
vn -0.2271 0.7657 -0.6018
vn -0.8117 -0.1200 0.5716
vn -0.7938 -0.0631 0.6048
vn -0.8121 0.0029 0.5836
vn -0.8371 -0.0565 0.5441
vn -0.4590 -0.8866 -0.0571
vn -0.4176 -0.9078 -0.0387
vn -0.4463 -0.8927 -0.0629
vn -0.4748 -0.8762 -0.0829
vn -0.4941 0.7776 0.3889
vn -0.3516 -0.5774 0.7369
vn -0.3568 -0.5778 0.7340
vn 0.3077 0.7677 0.5621
vn -0.3855 -0.9208 -0.0589
vn -0.8781 0.4778 0.0267
vn -0.1409 0.8700 0.4726
vn -0.1281 0.7774 0.6158
vn -0.1524 0.9607 0.2321
vn -0.5003 -0.2700 0.8226
vn -0.4615 0.8722 -0.1619
vn -0.4131 0.8861 -0.2103
vn -0.3047 0.8374 0.4538
vn 0.6531 0.5606 0.5091
vn -0.2804 0.8642 0.4177
vn -0.3826 0.6589 0.6476
vn -0.1169 0.6681 0.7348
vn -0.6046 0.6035 0.5199
vn -0.3932 0.7315 0.5571
vn 0.6139 0.4199 0.6685
vn 0.4800 0.3729 0.7940
vn 0.4657 0.3229 0.8239
vn 0.4909 0.3719 0.7878
vn 0.4531 0.3400 0.8241
vn -0.1994 0.9623 0.1848
vn -0.3764 0.4914 0.7854
vn 0.6126 -0.4065 0.6779
vn 0.6344 -0.3986 0.6623
vn 0.6374 -0.3970 0.6603
vn 0.6072 -0.4087 0.6813
vn 0.4452 0.2847 0.8489
vn 0.1395 0.4093 0.9017
vn 0.2485 0.3726 0.8941
vn 0.3447 0.9230 0.1711
vn 0.2929 0.9483 0.1225
vn 0.2464 0.9659 0.0794
vn 0.1068 0.3988 0.9108
vn -0.0273 0.1246 0.9918
vn 0.2366 -0.0026 0.9716
vn 0.6187 -0.4065 0.6723
vn 0.5652 -0.4250 0.7071
vn 0.6722 0.5844 -0.4546
vn -0.2032 -0.2638 0.9430
vn -0.2257 -0.2532 0.9407
vn 0.4177 0.9078 0.0381
vn 0.2917 0.7410 0.6048
vn 0.2686 0.7015 0.6601
vn 0.1491 0.7500 0.6445
vn 0.1988 0.7936 0.5750
vn 0.3121 0.7748 0.5498
vn 0.1476 0.8263 0.5435
vn 0.1329 0.8289 0.5433
vn 0.0063 0.8417 0.5399
vn 0.1634 0.8235 0.5432
vn 0.0304 0.7662 -0.6418
vn 0.7989 -0.5193 0.3035
vn 0.6654 -0.6777 0.3129
vn -0.9383 0.2630 0.2246
vn -0.9733 -0.2294 0.0036
vn -0.1922 -0.8353 -0.5151
vn 0.2840 -0.9009 -0.3283
vn -0.2991 -0.0657 0.9520
vn -0.1680 -0.2494 0.9537
vn -0.3044 -0.5073 0.8062
vn -0.2972 -0.5132 0.8052
vn -0.3504 -0.5807 0.7348
vn -0.3322 -0.5786 0.7449
vn -0.4444 -0.6388 0.6280
vn -0.3967 -0.6390 0.6590
vn -0.3577 -0.6468 0.6736
vn 0.9649 -0.0886 -0.2471
vn 0.9704 -0.2410 -0.0158
vn 0.9948 0.1020 -0.0031
vn 0.9793 0.2016 -0.0190
vn 0.3243 -0.2004 0.9245
vn 0.9184 -0.0234 0.3950
vn 0.7539 0.0431 0.6556
vn 0.5119 -0.0603 0.8570
vn 0.1074 -0.5253 -0.8441
vn 0.1684 -0.4535 -0.8752
vn 0.4001 -0.1967 -0.8951
vn 0.2385 -0.5336 -0.8114
vn 0.3447 0.6489 0.6783
vn 0.2680 0.3735 0.8881
vn -0.1295 -0.7712 -0.6233
vn -0.0706 -0.6735 -0.7358
vn 0.3800 -0.7728 -0.5083
vn 0.0838 -0.7961 -0.5993
vn 0.1413 -0.6766 -0.7227
vn 0.4867 -0.6478 -0.5861
vn 0.3812 -0.8703 0.3119
vn 0.5746 -0.7746 0.2644
vn 0.3712 -0.7257 0.5793
vn 0.3092 -0.7203 0.6210
vn 0.4577 0.5846 -0.6699
vn 0.4328 0.5290 -0.7300
vn 0.1546 -0.3054 0.9396
vn 0.2004 -0.3240 0.9246
vn 0.3647 -0.1301 0.9220
vn 0.2699 -0.1030 0.9574
vn 0.1434 -0.1382 0.9800
vn 0.2024 -0.0037 0.9793
vn 0.6370 0.7650 0.0952
vn 0.6570 0.7538 -0.0085
vn 0.5650 0.8249 0.0209
vn 0.5211 0.8428 0.1345
vn -0.0660 -0.7781 -0.6247
vn -0.0014 -0.6681 -0.7441
vn -0.2757 -0.9605 0.0375
vn -0.3088 -0.9284 0.2067
vn 0.5873 -0.3053 -0.7496
vn 0.7026 0.0322 -0.7108
vn 0.8676 -0.1990 -0.4557
vn 0.7474 -0.3892 -0.5384
vn 0.5614 0.1830 -0.8071
vn 0.3803 0.3690 -0.8480
vn 0.3527 0.2711 -0.8956
vn 0.8965 0.4418 0.0320
vn 0.8746 0.4206 -0.2411
vn 0.7359 0.5966 -0.3204
vn 0.7772 0.6250 0.0723
vn 0.5328 -0.5535 -0.6401
vn 0.7825 -0.5158 -0.3487
vn 0.0663 -0.4717 -0.8793
vn 0.0270 -0.5358 -0.8439
vn 0.9498 -0.1874 0.2505
vn 0.9219 -0.3741 0.1003
vn 0.8959 -0.4149 0.1588
vn 0.9338 -0.1868 0.3050
vn 0.2203 -0.8500 0.4785
vn -0.0017 -0.8762 0.4819
vn 0.5030 -0.8536 -0.1358
vn 0.7466 -0.6544 -0.1197
vn 0.8706 0.1550 0.4669
vn 0.9450 -0.0136 0.3267
vn 0.9579 -0.1063 0.2668
vn 0.8981 -0.0334 0.4384
vn 0.6286 -0.6690 -0.3967
vn 0.7982 -0.5553 -0.2335
vn 0.7909 -0.5728 -0.2153
vn 0.5544 -0.7904 -0.2605
vn 0.9683 -0.2478 -0.0325
vn -0.0602 -0.9609 -0.2701
vn -0.1803 -0.9284 -0.3250
vn -0.1388 -0.8156 -0.5617
vn -0.0675 -0.8574 -0.5102
vn 0.9228 0.3688 0.1117
vn 0.9658 0.2443 -0.0868
vn 0.9737 0.2206 -0.0565
vn 0.4878 0.6691 -0.5607
vn 0.4804 0.6739 -0.5613
vn 0.5571 0.6051 -0.5688
vn 0.5806 0.5802 -0.5712
vn 0.2308 -0.9605 -0.1551
vn 0.0156 -0.9758 -0.2181
vn 0.0606 -0.9018 -0.4278
vn 0.3317 -0.8844 -0.3282
vn 0.4711 0.6798 -0.5620
vn 0.5696 0.4635 0.6788
vn 0.6498 0.4681 0.5988
vn 0.7850 0.3461 0.5137
vn -0.3590 -0.6072 0.7088
vn -0.3260 -0.5169 0.7916
vn -0.3270 -0.5107 0.7951
vn -0.3310 -0.6152 0.7155
vn -0.1223 -0.9913 0.0490
vn -0.1738 -0.9675 0.1839
vn 0.7542 0.3407 0.5614
vn 0.7720 0.3157 0.5518
vn 0.8170 0.1858 0.5459
vn 0.7744 0.2269 0.5906
vn 0.8671 0.1931 0.4592
vn 0.1355 -0.9903 0.0311
vn -0.1577 -0.9778 0.1380
vn -0.0837 -0.9963 0.0193
vn 0.7661 -0.5059 -0.3965
vn 0.8448 -0.3200 -0.4288
vn 0.9610 -0.2750 0.0292
vn 0.7939 0.5811 0.1789
vn 0.8191 0.4984 0.2841
vn 0.7558 0.5559 0.3461
vn 0.0016 -0.4981 0.8671
vn -0.1322 -0.3993 0.9073
vn 0.7488 0.4004 -0.5283
vn 0.7283 0.4241 -0.5383
vn 0.9334 0.1188 -0.3387
vn 0.9324 0.1210 -0.3405
vn 0.8682 0.2357 0.4367
vn 0.7861 0.3514 0.5085
vn 0.7997 0.4548 0.3919
vn 0.6018 0.7980 -0.0317
vn 0.8893 -0.4545 -0.0515
vn 0.9174 -0.2583 -0.3028
vn 0.9331 -0.0015 0.3597
vn 0.0117 -0.5125 0.8586
vn -0.2315 -0.3235 0.9175
vn 0.9704 0.1848 -0.1553
vn 0.3780 0.2035 -0.9032
vn 0.4076 0.3251 -0.8533
vn 0.7620 0.5495 0.3427
vn 0.7799 0.5101 0.3626
vn 0.7069 0.4399 0.5539
vn 0.6994 0.4808 0.5289
vn 0.7785 0.4003 0.4834
vn 0.7351 0.3160 0.5998
vn 0.6457 0.3474 0.6800
vn 0.6695 0.3841 0.6358
vn 0.5967 0.3294 0.7318
vn 0.5919 0.3898 0.7055
vn 0.5237 0.3784 0.7633
vn 0.5642 0.3410 0.7520
vn 0.9910 -0.1126 -0.0722
vn 0.9908 -0.1087 -0.0805
vn 0.9874 -0.1567 0.0235
vn -0.6653 0.5820 0.4676
vn -0.2907 0.9561 0.0377
vn 0.8799 0.4576 0.1282
vn 0.4822 0.8430 0.2386
vn 0.7490 0.6402 0.1707
vn 0.6123 0.7670 0.1918
vn 0.9052 -0.4098 -0.1126
vn 0.9071 0.1061 -0.4074
vn 0.8912 0.0653 -0.4489
vn 0.5052 0.5751 -0.6435
vn 0.4719 0.5156 -0.7151
vn 0.8357 -0.5407 0.0964
vn 0.8977 -0.4352 -0.0691
vn 0.6318 -0.5746 0.5203
vn 0.7421 -0.5320 0.4078
vn 0.6237 -0.7117 0.3233
vn 0.4313 -0.7155 0.5495
vn -0.2744 -0.6080 0.7450
vn -0.2863 -0.6027 0.7448
vn -0.3001 -0.5955 0.7452
vn -0.3148 -0.5884 0.7448
vn 0.3090 -0.9231 0.2288
vn 0.1724 -0.9511 0.2564
vn 0.9144 -0.3823 -0.1329
vn 0.9199 -0.2271 -0.3198
vn 0.6459 0.4131 -0.6420
vn 0.7933 0.2957 -0.5321
vn 0.9709 -0.2385 -0.0197
vn 0.8098 0.2849 -0.5129
vn 0.3452 -0.6563 0.6709
vn 0.4133 -0.6363 0.6514
vn 0.4369 -0.5762 0.6907
vn 0.3723 -0.6038 0.7049
vn -0.3726 -0.9267 -0.0497
vn -0.3845 -0.9213 -0.0576
vn -0.3510 -0.9336 -0.0723
vn 0.8497 0.1545 0.5042
vn -0.3144 -0.5975 0.7377
vn -0.3178 -0.5931 0.7398
vn -0.4451 -0.8932 -0.0640
vn 0.9173 -0.3547 0.1807
vn 0.6833 0.4878 0.5433
vn 0.5848 0.4469 0.6770
vn 0.7932 0.5223 0.3132
vn -0.0020 -0.5011 0.8654
vn 0.9781 0.2048 -0.0384
vn 0.9645 0.2473 -0.0921
vn 0.7654 0.3412 0.5456
vn -0.0616 0.8920 0.4478
vn 0.7754 0.3747 0.5083
vn 0.4781 0.3923 0.7859
vn 0.6524 0.1791 0.7364
vn 0.7695 -0.0337 0.6377
vn 0.7269 0.2122 0.6531
vn -0.1659 0.7814 0.6016
vn -0.1339 0.6576 0.7414
vn -0.1460 0.6178 0.7727
vn -0.1407 0.6648 0.7336
vn -0.1670 0.6162 0.7697
vn 0.8310 0.4846 0.2732
vn 0.5021 0.0841 0.8607
vn -0.7933 0.2453 0.5573
vn -0.7920 0.2401 0.5613
vn -0.7994 0.2692 0.5371
vn -0.7989 0.2660 0.5394
vn -0.1864 0.5776 0.7948
vn 0.0952 0.4299 0.8979
vn -0.0009 0.4882 0.8727
vn 0.4570 0.8709 0.1807
vn 0.5649 0.8182 0.1068
vn 0.5158 0.8449 0.1416
vn -0.2888 0.2411 0.9265
vn -0.7963 0.2496 0.5510
vn -0.7812 0.1992 0.5916
vn 0.0795 0.8592 -0.5054
vn -0.1805 -0.2741 0.9446
vn 0.3949 0.7027 0.5918
vn 0.3836 0.6412 0.6646
vn 0.4681 0.6735 0.5721
vn 0.4567 0.6830 0.5701
vn 0.5588 0.5855 0.5873
vn 0.4446 0.6932 0.5674
vn 0.6520 0.4780 -0.5885
vn -0.9448 0.2892 0.1540
vn -0.9814 0.0859 0.1717
vn 0.7649 -0.5268 0.3707
vn 0.4447 -0.8869 0.1253
vn -0.4392 -0.7208 -0.5363
vn -0.8181 -0.3899 -0.4228
vn 0.0069 -0.2075 0.9782
vn -0.2162 -0.2271 0.9496
vn -0.3208 -0.5945 0.7374
vn -0.3133 -0.5057 0.8038
vn -0.2901 -0.7104 0.6413
vn -0.3248 -0.6723 0.6652
vn 0.5801 -0.0575 0.8125
vn 0.2645 0.6252 0.7343
vn 0.4109 0.6972 0.5874
vn 0.4464 0.7107 0.5438
vn 0.3606 0.6752 0.6435
vn -0.7490 0.6207 -0.2316
vn -0.6097 0.6927 -0.3853
vn 0.0272 0.8753 -0.4828
vn 0.1736 0.7969 -0.5786
vn 0.0089 0.4885 -0.8725
vn -0.1821 0.4834 -0.8562
vn -0.0737 0.3832 0.9207
vn -0.9179 0.3794 0.1162
vn 0.5279 0.7338 0.4276
vn 0.3550 0.6726 0.6493
vn 0.4278 -0.3336 -0.8401
vn 0.1249 -0.0273 -0.9918
vn 0.0375 -0.4136 -0.9097
vn -0.6058 -0.1380 0.7835
vn -0.5410 -0.2036 0.8160
vn -0.5333 -0.2468 0.8091
vn -0.6403 -0.1387 0.7555
vn -0.6632 0.6707 -0.3322
vn 0.5659 0.7987 -0.2047
vn 0.8688 0.4923 -0.0530
vn 0.6512 0.7358 0.1856
vn 0.3357 -0.4970 -0.8002
vn 0.8201 -0.3319 -0.4662
vn 0.7854 -0.4950 -0.3716
vn 0.1758 -0.7267 0.6641
vn -0.6684 -0.7304 -0.1405
vn 0.6576 -0.6733 0.3380
vn 0.4438 -0.7310 0.5184
vn 0.8187 -0.5596 0.1285
vn -0.2681 -0.6273 -0.7312
vn -0.3606 -0.6752 -0.6435
vn -0.4559 0.7294 -0.5100
vn -0.6687 0.6681 -0.3264
vn -0.1651 -0.5640 -0.8091
vn -0.3661 -0.6778 -0.6376
vn 0.1543 0.5568 0.8162
vn -0.5357 -0.7353 -0.4151
vn -0.4464 -0.7107 -0.5438
vn -0.8252 0.5525 -0.1173
vn -0.5328 -0.4630 0.7084
vn -0.5670 -0.4648 0.6801
vn -0.5088 -0.3558 0.7839
vn -0.4975 -0.3969 0.7713
vn 0.6704 0.2852 -0.6850
vn 0.6751 0.2939 -0.6767
vn 0.6738 0.2997 -0.6754
vn 0.6661 0.2852 -0.6892
vn -0.7529 -0.1387 0.6434
vn -0.7232 -0.1390 0.6765
vn -0.7814 -0.2479 0.5727
vn -0.7881 -0.2047 0.5805
vn 0.6559 0.3069 -0.6896
vn 0.6632 -0.6707 0.3322
vn 0.5679 -0.7062 0.4229
vn 0.9848 -0.0235 -0.1723
vn 0.9088 -0.4097 -0.0793
vn -0.2201 0.7320 -0.6448
vn -0.0491 -0.1078 -0.9930
vn -0.6559 -0.3069 0.6896
vn 0.8617 0.4881 0.1385
vn 0.9947 -0.1031 0.0018
vn -0.7462 0.6228 -0.2354
vn -0.7447 -0.3980 0.5358
vn -0.7569 -0.3569 0.5475
vn -0.6499 -0.4651 0.6011
vn -0.6798 -0.4636 0.5683
vn -0.5679 0.7062 -0.4229
vn 0.6409 0.3285 -0.6938
vn 0.6363 0.3198 -0.7021
vn 0.6376 0.3140 -0.7035
vn 0.6453 0.3285 -0.6897
vn 0.7462 -0.6228 0.2354
vn 0.6421 0.2938 -0.7081
vn 0.6506 0.2851 -0.7038
vn 0.6551 0.2852 -0.6997
vn 0.6408 0.2996 -0.7068
vn 0.6607 0.3285 -0.6750
vn 0.6563 0.3285 -0.6792
vn 0.6706 0.3142 -0.6721
vn 0.6692 0.3199 -0.6707
vn 0.4769 0.8773 -0.0543
vn -0.4494 -0.7118 -0.5398
vn -0.3080 -0.6491 -0.6956
vn 0.5641 -0.7073 0.4261
vn 0.7126 -0.6446 0.2771
vn 0.5924 -0.5154 -0.6192
vn 0.2699 0.9190 -0.2875
vn -0.8392 -0.0638 -0.5401
vn -0.6103 0.4693 0.6382
vn -0.9763 -0.2160 -0.0149
vn 0.0628 -0.2114 0.9754
vn -0.3031 -0.8968 0.3223
vn 0.9177 0.1187 0.3790
vn 0.0491 0.9972 -0.0561
vn -0.4232 0.1127 -0.8990
vn 0.4455 -0.7658 -0.4638
vn -0.0624 -0.9956 0.0701
vn 0.4061 -0.1183 0.9062
vn -0.4556 0.7532 0.4745
vn -0.9241 -0.1242 -0.3615
vn -0.7239 -0.0032 -0.6899
vn -0.8356 -0.0616 -0.5459
vn 0.2140 -0.9517 -0.2201
vn 0.3350 -0.8758 -0.3474
vn 0.7239 0.0032 0.6899
vn 0.8356 0.0616 0.5459
vn -0.2140 0.9517 0.2201
vn -0.3350 0.8758 0.3474
vn 0.0803 -0.9936 -0.0796
vn 0.9767 0.2042 0.0666
vn -0.1144 0.1993 -0.9732
vn -0.5857 0.0553 -0.8086
vn 0.0852 -0.9928 -0.0847
vn 0.5857 -0.0553 0.8086
vn -0.0852 0.9928 0.0847
vn 0.2681 0.6273 0.7312
vn 0.0928 0.9905 -0.1019
vn -0.3664 0.1307 -0.9213
vn 0.4781 -0.7233 -0.4982
vn 0.9372 0.1365 0.3211
vn -0.3393 0.8724 0.3519
vn 0.8425 -0.2299 0.4872
vn 0.8016 -0.1845 0.5687
vn 0.8965 -0.4411 -0.0412
vn 0.9097 -0.4116 0.0554
vn 0.3880 -0.2373 0.8906
vn 0.4730 -0.1898 0.8604
vn 0.4781 0.6838 0.5512
vn 0.5471 0.5552 0.6265
vn -0.1391 -0.4579 0.8780
vn -0.0453 -0.4271 0.9031
vn -0.3778 -0.7645 0.5223
vn -0.3795 -0.7019 0.6027
vn -0.6087 0.5990 0.5203
vn -0.6196 0.6700 0.4089
vn -0.9360 0.3489 0.0466
vn -0.9648 0.2375 0.1125
vn 0.6559 0.1411 0.7415
vn -0.5117 -0.3705 0.7752
vn 0.2470 0.9230 0.2951
vn -0.4157 0.1184 -0.9018
vn -0.8482 0.1113 -0.5179
vn -0.6343 -0.2821 -0.7198
vn 0.4283 -0.7317 0.5302
vn 0.4889 -0.7307 0.4764
vn 0.4955 -0.7469 0.4435
vn 0.3952 -0.7485 0.5325
vn -0.7478 -0.0121 0.6638
vn -0.0531 0.9182 0.3926
vn 0.3794 0.9252 0.0087
vn 0.4101 0.7778 0.4763
vn -0.3841 -0.0086 -0.9233
vn 0.1508 0.3666 -0.9181
vn 0.2217 0.2568 -0.9407
vn 0.8369 -0.3486 -0.4220
vn -0.3307 -0.8601 -0.3883
vn 0.8354 -0.3142 -0.4511
vn 0.4141 0.4709 -0.7789
vn -0.6013 -0.4115 -0.6849
vn -0.5471 -0.5552 -0.6265
vn -0.8309 0.4507 0.3262
vn -0.6638 -0.0013 -0.7479
vn 0.6506 0.1856 0.7364
vn -0.3563 -0.8363 -0.4167
vn -0.4781 -0.6838 -0.5512
vn -0.5411 -0.3365 0.7707
vn 0.4687 -0.8408 0.2711
vn 0.4356 -0.8578 0.2727
vn 0.5090 -0.7834 0.3568
vn 0.5130 -0.7958 0.3219
vn -0.3630 0.8288 -0.4259
vn -0.3572 0.8347 -0.4192
vn -0.3579 0.8366 -0.4147
vn -0.3676 0.8268 -0.4258
vn 0.2732 -0.7997 0.5347
vn 0.3081 -0.7866 0.5350
vn 0.2348 -0.8611 0.4510
vn 0.2289 -0.8446 0.4839
vn -0.3761 0.8317 -0.4085
vn 0.7478 0.0121 -0.6638
vn 0.7993 -0.1242 -0.5880
vn 0.4672 0.6876 -0.5558
vn 0.6017 0.2595 -0.7554
vn -0.8259 0.2363 0.5119
vn -0.8709 -0.0165 -0.4911
vn 0.3761 -0.8317 0.4085
vn 0.4839 0.8722 0.0708
vn 0.5778 0.6182 -0.5328
vn -0.6762 -0.1481 0.7217
vn 0.2529 -0.9097 0.3293
vn 0.2483 -0.8976 0.3643
vn 0.3485 -0.8960 0.2753
vn 0.3135 -0.9087 0.2756
vn -0.7993 0.1242 0.5880
vn -0.3890 0.8342 -0.3909
vn -0.3949 0.8282 -0.3976
vn -0.3942 0.8264 -0.4022
vn -0.3845 0.8362 -0.3911
vn 0.6762 0.1481 -0.7217
vn -0.3917 0.8196 -0.4182
vn -0.3837 0.8197 -0.4253
vn -0.3791 0.8217 -0.4254
vn -0.3924 0.8215 -0.4137
vn -0.3684 0.8432 -0.3915
vn -0.3730 0.8412 -0.3914
vn -0.3597 0.8415 -0.4032
vn -0.3604 0.8433 -0.3986
vn -0.0029 0.8643 0.5029
vn -0.2847 -0.9586 -0.0072
vn -0.3106 -0.9462 0.0905
vn 0.1439 -0.9388 -0.3128
vn 0.0440 -0.9533 -0.2989
vn 0.6561 -0.6851 -0.3165
vn 0.5772 -0.7490 -0.3253
vn -0.0655 0.0840 -0.9943
vn -0.3112 0.7488 0.5852
vn 0.1214 -0.2134 0.9694
vn -0.4861 -0.8299 0.2737
vn 0.9519 -0.2000 0.2322
vn 0.3443 -0.8165 -0.4635
vn 0.4089 0.8621 -0.2992
vn -0.3612 0.8496 0.3843
vn -0.9245 0.2780 -0.2608
vn -0.1545 0.2905 -0.9443
vn 0.3360 -0.7997 -0.4975
vn 0.9617 -0.1648 0.2190
vn 0.1065 -0.1787 0.9781
vn -0.5192 -0.8136 0.2616
vn -0.9156 -0.4011 0.0264
vn -0.8055 -0.5805 0.1190
vn 0.1419 -0.3840 -0.9124
vn 0.0523 -0.1838 -0.9816
vn 0.9156 0.4011 -0.0264
vn 0.8055 0.5805 -0.1190
vn -0.1419 0.3840 0.9124
vn -0.0523 0.1838 0.9816
vn 0.6043 0.7636 -0.2274
vn -0.9809 0.0692 -0.1817
vn -0.9773 -0.2005 -0.0676
vn 0.2241 -0.5638 -0.7949
vn 0.9773 0.2005 0.0676
vn -0.2241 0.5638 0.7949
vn 0.6013 0.4115 0.6849
vn -0.2547 0.6297 0.7339
vn -0.9878 -0.1142 -0.1056
vn 0.0143 -0.0980 -0.9951
vn 0.7474 0.6459 -0.1556
vn -0.8147 0.1812 0.5509
vn 0.4449 0.7330 0.5146
vn 0.6401 0.2048 -0.7405
vn -0.6194 -0.3470 -0.7042
vn -0.0000 -0.0067 -1.0000
vn -0.1194 -0.3263 -0.9377
vn -0.4126 -0.0953 -0.9059
vn -0.0000 -1.0000 0.0067
vn -0.0000 0.5966 0.8025
vn -0.2225 0.4855 0.8455
vn -0.1194 0.3263 0.9377
vn -0.7534 -0.0044 -0.6575
vn -0.5174 -0.2708 -0.8117
vn -0.0000 0.5859 -0.8104
vn -0.1194 0.3138 -0.9419
vn -0.2225 0.4741 -0.8519
vn -0.5174 0.2599 -0.8153
vn -0.4126 0.0832 -0.9071
vn -0.0000 0.0067 1.0000
vn -0.2225 -0.4855 -0.8455
vn -0.0000 -0.5966 -0.8025
vn -0.0000 -0.9010 0.4339
vn -0.0000 -0.9046 0.4263
vn -0.0000 -0.9212 0.3892
vn -0.7534 0.0044 0.6575
vn -0.5174 -0.2599 0.8153
vn -0.4126 -0.0832 0.9071
vn -0.1194 -0.3138 0.9419
vn -0.2225 -0.4741 0.8519
vn -0.0000 -0.5859 0.8104
vn -0.4908 -0.8712 0.0058
vn -0.0000 1.0000 -0.0067
vn -0.1308 0.9881 0.0813
vn 0.5558 0.2066 0.8052
vn 0.2161 0.5821 0.7838
vn 0.1933 0.6560 0.7296
vn 0.6181 0.1954 0.7614
vn -0.4908 0.8712 -0.0058
vn -0.4565 -0.0059 -0.8897
vn -0.0000 0.7344 0.6787
vn -0.1267 0.9258 0.3563
vn -0.2938 0.8435 0.4497
vn -0.4406 0.8494 0.2904
vn -0.8387 0.0036 0.5445
vn -0.7282 0.6853 -0.0046
vn -0.7282 -0.6853 0.0046
vn -0.5174 0.2708 0.8117
vn -0.4126 0.0953 0.9059
vn 0.9305 -0.0024 -0.3663
vn 0.9384 -0.0023 -0.3454
vn 0.9472 -0.0021 -0.3206
vn 0.4126 -0.0953 -0.9059
vn 0.1194 -0.3263 -0.9377
vn 0.1194 0.3263 0.9377
vn 0.2225 0.4855 0.8455
vn 0.7534 -0.0044 -0.6575
vn 0.5174 -0.2708 -0.8117
vn 0.2225 0.4741 -0.8519
vn 0.1194 0.3138 -0.9419
vn 0.5174 0.2599 -0.8153
vn 0.4126 0.0832 -0.9071
vn 0.2225 -0.4855 -0.8455
vn -0.5558 0.2066 0.8052
vn -0.6745 0.0049 0.7382
vn -0.7133 0.0047 0.7008
vn -0.6181 0.1954 0.7614
vn 0.7534 0.0044 0.6575
vn 0.4126 -0.0832 0.9071
vn 0.5174 -0.2599 0.8153
vn 0.1194 -0.3138 0.9419
vn 0.2225 -0.4741 0.8519
vn 0.4908 -0.8712 0.0058
vn 0.1308 0.9881 0.0813
vn 0.4908 0.8712 -0.0058
vn 0.4565 -0.0059 -0.8897
vn 0.2938 0.8435 0.4497
vn 0.1267 0.9258 0.3563
vn 0.4406 0.8494 0.2904
vn 0.8387 0.0036 0.5445
vn 0.7282 0.6853 -0.0046
vn 0.7282 -0.6853 0.0046
vn 0.5174 0.2708 0.8117
vn 0.4126 0.0953 0.9059
vn -0.0000 0.7330 0.6802
vn -0.0000 0.7689 0.6393
vn 0.0849 -0.8543 0.5128
vn 0.0984 -0.8230 0.5595
vn 0.0308 -0.9474 0.3185
vn 0.2031 0.4647 0.8619
vn 0.0849 0.8611 0.5013
vn 0.0984 0.8303 0.5485
vn 0.2118 0.4197 0.8826
vn 0.2031 -0.4531 0.8680
vn 0.2524 0.0065 0.9676
vn 0.2118 -0.4078 0.8881
vn 0.0308 0.9516 0.3058
vn -0.0933 0.8557 -0.5091
vn -0.0345 0.9480 -0.3165
vn -0.1093 0.8215 -0.5597
vn -0.2214 -0.4646 -0.8574
vn -0.2314 -0.4165 -0.8792
vn -0.1093 -0.8289 -0.5487
vn -0.0933 -0.8624 -0.4976
vn -0.2214 0.4531 -0.8635
vn -0.2314 0.4048 -0.8847
vn -0.2739 -0.0064 -0.9617
vn -0.0345 -0.9521 -0.3038
vn -0.8305 -0.5106 -0.2227
vn -0.8547 -0.4311 -0.2892
vn -0.8633 -0.3886 -0.3220
vn 0.9045 0.2224 -0.3638
vn 0.9063 -0.0028 -0.4226
vn 0.9058 0.2019 -0.3725
vn -0.8887 -0.1990 -0.4130
vn -0.8908 -0.1738 -0.4199
vn -0.8943 -0.0030 -0.4475
vn -0.8887 0.1934 -0.4156
vn -0.8908 0.1682 -0.4222
vn 0.0383 0.4187 0.9073
vn 0.8708 0.4500 -0.1980
vn 0.8772 0.4221 -0.2288
vn 0.0383 -0.4066 0.9128
vn 0.8462 0.5204 -0.1145
vn -0.8547 0.4272 -0.2950
vn -0.8633 0.3843 -0.3271
vn 0.9045 -0.2272 -0.3608
vn 0.9058 -0.2068 -0.3698
vn -0.8305 0.5076 -0.2295
vn 0.8708 -0.4526 -0.1920
vn 0.8462 -0.5219 -0.1076
vn 0.8772 -0.4251 -0.2231
vn 0.0354 -0.8674 0.4963
vn 0.0377 -0.8543 0.5185
vn 0.0152 -0.9552 0.2957
vn 0.0561 0.7275 0.6838
vn 0.0354 0.8740 0.4847
vn 0.0377 0.8611 0.5071
vn 0.0952 -0.1655 0.9816
vn 0.0967 0.0066 0.9953
vn 0.0952 0.1786 0.9793
vn 0.0561 -0.7183 0.6935
vn 0.0152 0.9590 0.2829
vn -0.0375 0.8680 -0.4951
vn -0.0160 0.9559 -0.2934
vn -0.0400 0.8542 -0.5183
vn -0.0595 -0.7271 -0.6839
vn -0.0400 -0.8611 -0.5069
vn -0.0375 -0.8746 -0.4835
vn -0.1004 0.1639 -0.9813
vn -0.1019 -0.0066 -0.9948
vn -0.1004 -0.1770 -0.9791
vn -0.0595 0.7179 -0.6936
vn -0.0160 -0.9597 -0.2806
vn -0.8496 -0.4944 -0.1835
vn -0.8731 -0.4236 -0.2413
vn -0.8840 -0.3766 -0.2770
vn 0.9249 0.2030 -0.3216
vn 0.9310 -0.0024 -0.3649
vn 0.9274 0.1737 -0.3314
vn -0.9106 -0.2006 -0.3614
vn -0.9132 -0.1693 -0.3707
vn -0.9168 -0.0027 -0.3994
vn -0.9106 0.1958 -0.3641
vn -0.9132 0.1643 -0.3729
vn 0.0338 0.4487 0.8931
vn 0.8847 0.4251 -0.1915
vn 0.8951 0.3846 -0.2255
vn 0.0338 -0.4367 0.8990
vn 0.8591 0.4953 -0.1286
vn -0.8731 0.4203 -0.2470
vn -0.8840 0.3729 -0.2820
vn 0.9249 -0.2073 -0.3189
vn 0.9274 -0.1781 -0.3291
vn -0.8496 0.4919 -0.1901
vn 0.8847 -0.4276 -0.1858
vn 0.8591 -0.4970 -0.1220
vn 0.8951 -0.3875 -0.2203
vn -0.0833 -0.8544 0.5129
vn -0.0298 -0.9474 0.3188
vn -0.0969 -0.8225 0.5604
vn -0.2008 0.4646 0.8625
vn -0.2096 0.4191 0.8834
vn -0.0969 0.8299 0.5494
vn -0.0833 0.8611 0.5015
vn -0.2008 -0.4531 0.8686
vn -0.2096 -0.4073 0.8889
vn -0.2500 0.0065 0.9682
vn -0.0298 0.9515 0.3061
vn 0.0917 0.8557 -0.5093
vn 0.1078 0.8210 -0.5606
vn 0.0335 0.9479 -0.3168
vn 0.2192 -0.4645 -0.8580
vn 0.0917 -0.8624 -0.4978
vn 0.1078 -0.8284 -0.5496
vn 0.2292 -0.4160 -0.8800
vn 0.2192 0.4530 -0.8641
vn 0.2716 -0.0064 -0.9624
vn 0.2292 0.4042 -0.8855
vn 0.0335 -0.9520 -0.3041
vn 0.8296 -0.5094 -0.2284
vn 0.8619 -0.3875 -0.3270
vn 0.8534 -0.4300 -0.2945
vn -0.9076 0.2211 -0.3569
vn -0.9089 0.2008 -0.3656
vn -0.9096 -0.0028 -0.4155
vn 0.8889 -0.1733 -0.4240
vn 0.8869 -0.1984 -0.4172
vn 0.8924 -0.0030 -0.4513
vn 0.8889 0.1677 -0.4263
vn 0.8869 0.1928 -0.4198
vn -0.0349 0.4174 0.9081
vn -0.8732 0.4480 -0.1918
vn -0.8798 0.4202 -0.2223
vn -0.0349 -0.4052 0.9136
vn -0.8483 0.5183 -0.1085
vn 0.8619 0.3831 -0.3321
vn 0.8534 0.4260 -0.3002
vn -0.9089 -0.2057 -0.3629
vn -0.9076 -0.2259 -0.3539
vn 0.8296 0.5063 -0.2352
vn -0.8732 -0.4505 -0.1858
vn -0.8798 -0.4232 -0.2167
vn -0.8483 -0.5197 -0.1016
vn -0.0378 -0.8678 0.4954
vn -0.0165 -0.9551 0.2959
vn -0.0405 -0.8535 0.5196
vn -0.0599 0.7270 0.6840
vn -0.0405 0.8603 0.5082
vn -0.0378 0.8744 0.4838
vn -0.1010 -0.1653 0.9811
vn -0.1025 0.0066 0.9947
vn -0.1010 0.1784 0.9788
vn -0.0599 -0.7179 0.6936
vn -0.0165 0.9589 0.2831
vn 0.0400 0.8684 -0.4942
vn 0.0429 0.8534 -0.5195
vn 0.0174 0.9558 -0.2936
vn 0.0634 -0.7267 -0.6840
vn 0.0400 -0.8749 -0.4826
vn 0.0429 -0.8603 -0.5080
vn 0.1064 0.1637 -0.9807
vn 0.1080 -0.0066 -0.9941
vn 0.1064 -0.1768 -0.9785
vn 0.0634 0.7175 -0.6937
vn 0.0174 -0.9596 -0.2808
vn 0.8510 -0.4908 -0.1869
vn 0.8850 -0.3729 -0.2789
vn 0.8741 -0.4201 -0.2436
vn -0.9265 0.2020 -0.3175
vn -0.9290 0.1730 -0.3272
vn -0.9327 -0.0024 -0.3606
vn 0.9137 -0.1672 -0.3705
vn 0.9111 -0.1984 -0.3614
vn 0.9172 -0.0027 -0.3984
vn 0.9137 0.1623 -0.3727
vn 0.9111 0.1936 -0.3640
vn -0.0376 0.4475 0.8935
vn -0.8863 0.4234 -0.1880
vn -0.8967 0.3831 -0.2216
vn -0.0376 -0.4356 0.8994
vn -0.8607 0.4935 -0.1252
vn 0.8850 0.3691 -0.2838
vn 0.8741 0.4168 -0.2492
vn -0.9290 -0.1773 -0.3248
vn -0.9265 -0.2062 -0.3148
vn 0.8510 0.4883 -0.1934
vn -0.8863 -0.4258 -0.1823
vn -0.8967 -0.3861 -0.2165
vn -0.8607 -0.4952 -0.1187
vn 0.1440 -0.1513 0.9780
vn 0.1470 -0.1509 0.9776
vn 0.2224 -0.1408 0.9647
vn 0.0210 -0.9428 0.3327
vn 0.0198 -0.9435 0.3308
vn -0.0008 -0.9479 0.3186
vn 0.0292 -0.9379 0.3456
vn -0.0029 -0.1608 0.9870
vn -0.0030 -0.1608 0.9870
vn 0.0877 -0.6960 0.7127
vn 0.0808 -0.6993 0.7102
vn -0.0019 -0.7187 0.6954
vn -0.0020 -0.7187 0.6954
vn 0.1295 -0.6746 0.7267
vn -0.1572 0.1405 -0.9775
vn -0.2437 0.1305 -0.9610
vn -0.1605 0.1401 -0.9770
vn -0.0249 0.9366 -0.3495
vn 0.0009 0.9426 -0.3340
vn 0.0008 0.9426 -0.3340
vn -0.0233 0.9375 -0.3473
vn -0.0351 0.9310 -0.3632
vn 0.0030 0.1494 -0.9888
vn 0.0031 0.1494 -0.9888
vn -0.1015 0.6718 -0.7338
vn 0.0022 0.6959 -0.7181
vn 0.0020 0.6959 -0.7181
vn -0.0932 0.6754 -0.7315
vn -0.1506 0.6491 -0.7457
vn -0.9980 0.0003 -0.0633
vn 0.0155 0.9956 0.0921
vn 0.0106 0.9961 0.0875
vn 0.0095 0.9962 0.0866
vn 0.0180 0.8940 0.4477
vn -0.0011 0.9017 0.4323
vn -0.0010 0.9017 0.4323
vn 0.0175 0.8948 0.4461
vn -0.0541 0.9414 -0.3331
vn 0.0010 0.9485 -0.3167
vn 0.0009 0.9485 -0.3167
vn -0.0472 0.9429 -0.3296
vn 0.0223 0.8868 0.4616
vn 0.0027 -0.1609 -0.9870
vn -0.0920 -0.1527 -0.9840
vn -0.0908 -0.1529 -0.9841
vn 0.0026 -0.1609 -0.9870
vn -0.0801 0.9348 -0.3460
vn -0.9974 0.0004 -0.0716
vn -0.0989 -0.8160 -0.5695
vn -0.1467 -0.7985 -0.5839
vn -0.0877 -0.8198 -0.5659
vn -0.1344 -0.1446 -0.9803
vn -0.9985 -0.0004 -0.0553
vn 0.0023 -0.6696 -0.7427
vn -0.1167 -0.6443 -0.7558
vn -0.1070 -0.6481 -0.7540
vn 0.0021 -0.6696 -0.7427
vn -0.0003 0.9966 0.0822
vn -0.0002 0.9966 0.0822
vn 0.0018 -0.8348 -0.5505
vn 0.0016 -0.8348 -0.5505
vn -0.1732 -0.6204 -0.7649
vn -0.1456 -0.1511 0.9777
vn -0.2199 -0.1407 0.9653
vn -0.1487 -0.1507 0.9773
vn -0.0211 -0.9427 0.3330
vn -0.0201 -0.9434 0.3310
vn -0.0280 -0.9379 0.3459
vn -0.0885 -0.6955 0.7131
vn -0.0819 -0.6989 0.7105
vn -0.1275 -0.6743 0.7274
vn 0.1590 0.1403 -0.9773
vn 0.1623 0.1399 -0.9768
vn 0.2413 0.1304 -0.9617
vn 0.0251 0.9365 -0.3498
vn 0.0236 0.9374 -0.3475
vn 0.0339 0.9310 -0.3635
vn 0.1025 0.6712 -0.7341
vn 0.0944 0.6750 -0.7317
vn 0.1486 0.6487 -0.7464
vn 0.9975 0.0003 -0.0701
vn -0.0152 0.9956 0.0922
vn -0.0097 0.9962 0.0866
vn -0.0107 0.9961 0.0877
vn -0.0181 0.8939 0.4480
vn -0.0178 0.8947 0.4463
vn 0.0546 0.9412 -0.3335
vn 0.0478 0.9428 -0.3298
vn -0.0206 0.8867 0.4619
vn 0.0919 -0.1528 -0.9840
vn 0.0930 -0.1526 -0.9839
vn 0.0793 0.9347 -0.3465
vn 0.9969 0.0005 -0.0793
vn 0.0999 -0.8156 -0.5700
vn 0.0888 -0.8194 -0.5662
vn 0.1453 -0.7982 -0.5846
vn 0.1313 -0.1444 -0.9808
vn 0.9981 -0.0004 -0.0612
vn 0.1083 -0.6477 -0.7542
vn 0.1178 -0.6437 -0.7561
vn 0.1712 -0.6201 -0.7656
vn 0.1440 0.1643 0.9758
vn 0.2224 0.1536 0.9628
vn 0.1470 0.1639 0.9755
vn 0.0210 0.9471 0.3202
vn -0.0008 0.9521 0.3059
vn 0.0198 0.9478 0.3182
vn 0.0292 0.9425 0.3330
vn -0.0029 0.1739 0.9848
vn -0.0030 0.1739 0.9848
vn 0.0877 0.7054 0.7033
vn -0.0020 0.7279 0.6857
vn -0.0019 0.7279 0.6857
vn 0.0808 0.7087 0.7009
vn 0.1295 0.6843 0.7176
vn -0.1572 -0.1535 -0.9756
vn -0.1605 -0.1532 -0.9751
vn -0.2437 -0.1433 -0.9592
vn -0.0249 -0.9412 -0.3370
vn -0.0233 -0.9420 -0.3348
vn 0.0008 -0.9469 -0.3214
vn 0.0009 -0.9469 -0.3214
vn -0.0351 -0.9358 -0.3508
vn 0.0030 -0.1626 -0.9867
vn 0.0031 -0.1626 -0.9867
vn -0.1015 -0.6815 -0.7247
vn -0.0932 -0.6851 -0.7225
vn 0.0020 -0.7054 -0.7088
vn 0.0022 -0.7054 -0.7088
vn -0.1506 -0.6589 -0.7370
vn -0.9980 -0.0011 -0.0633
vn 0.0155 -0.9943 0.1053
vn 0.0095 -0.9950 0.0998
vn 0.0106 -0.9948 0.1008
vn 0.0180 -0.8880 0.4596
vn 0.0175 -0.8888 0.4580
vn -0.0010 -0.8959 0.4443
vn -0.0011 -0.8959 0.4443
vn -0.0541 -0.9457 -0.3205
vn -0.0472 -0.9473 -0.3170
vn 0.0009 -0.9527 -0.3041
vn 0.0010 -0.9527 -0.3041
vn 0.0223 -0.8806 0.4734
vn 0.0027 0.1478 -0.9890
vn 0.0026 0.1478 -0.9890
vn -0.0908 0.1398 -0.9860
vn -0.0920 0.1396 -0.9859
vn -0.0801 -0.9393 -0.3335
vn -0.9974 -0.0014 -0.0716
vn -0.0989 0.8083 -0.5804
vn -0.0877 0.8121 -0.5768
vn -0.1467 0.7906 -0.5945
vn -0.1344 0.1315 -0.9822
vn -0.9985 -0.0003 -0.0553
vn 0.0023 0.6597 -0.7515
vn 0.0021 0.6597 -0.7515
vn -0.1070 0.6380 -0.7626
vn -0.1167 0.6342 -0.7643
vn -0.0002 -0.9954 0.0954
vn -0.0003 -0.9954 0.0954
vn 0.0018 0.8274 -0.5616
vn 0.0016 0.8274 -0.5616
vn -0.1732 0.6102 -0.7731
vn -0.1456 0.1641 0.9756
vn -0.1487 0.1637 0.9752
vn -0.2199 0.1535 0.9634
vn -0.0211 0.9470 0.3204
vn -0.0201 0.9477 0.3184
vn -0.0280 0.9424 0.3333
vn -0.0885 0.7049 0.7037
vn -0.0819 0.7083 0.7011
vn -0.1275 0.6839 0.7183
vn 0.1590 -0.1533 -0.9753
vn 0.2413 -0.1432 -0.9598
vn 0.1623 -0.1529 -0.9748
vn 0.0251 -0.9411 -0.3373
vn 0.0236 -0.9419 -0.3350
vn 0.0339 -0.9357 -0.3511
vn 0.1025 -0.6810 -0.7251
vn 0.0944 -0.6847 -0.7227
vn 0.1486 -0.6586 -0.7377
vn 0.9975 -0.0012 -0.0701
vn -0.0152 -0.9943 0.1055
vn -0.0107 -0.9948 0.1009
vn -0.0097 -0.9950 0.0999
vn -0.0181 -0.8878 0.4599
vn -0.0178 -0.8887 0.4582
vn 0.0546 -0.9455 -0.3209
vn 0.0478 -0.9471 -0.3172
vn -0.0206 -0.8804 0.4737
vn 0.0930 0.1394 -0.9859
vn 0.0919 0.1397 -0.9859
vn 0.0793 -0.9392 -0.3340
vn 0.9969 -0.0015 -0.0793
vn 0.0999 0.8079 -0.5808
vn 0.1453 0.7903 -0.5952
vn 0.0888 0.8118 -0.5771
vn 0.1313 0.1314 -0.9826
vn 0.1178 0.6336 -0.7646
vn 0.1083 0.6376 -0.7627
vn 0.1712 0.6098 -0.7738
vn 0.9659 -0.0675 0.2499
vn 0.9610 0.0018 0.2766
vn 0.9662 -0.0767 0.2462
vn -0.6764 0.2164 -0.7040
vn -0.6093 0.3374 -0.7176
vn -0.6085 0.3410 -0.7166
vn -0.6755 0.1987 -0.7101
vn 0.6755 0.1987 -0.7101
vn 0.6085 0.3410 -0.7166
vn 0.6093 0.3374 -0.7176
vn 0.6764 0.2164 -0.7040
vn -0.0000 -0.1864 0.9825
vn -0.0000 0.1994 0.9799
vn -0.6764 -0.2258 -0.7010
vn -0.6778 -0.5233 -0.5164
vn -0.6755 -0.2081 -0.7074
vn -0.9662 0.0799 0.2452
vn -0.9664 0.1830 0.1805
vn -0.9659 0.0709 0.2489
vn -0.0000 0.2967 0.9550
vn -0.0000 0.7118 0.7024
vn 0.9659 0.0709 0.2489
vn 0.9664 0.1830 0.1805
vn 0.9662 0.0799 0.2452
vn 0.6755 -0.2081 -0.7074
vn 0.6778 -0.5233 -0.5164
vn 0.6764 -0.2258 -0.7010
vn -0.6778 -0.6811 -0.2768
vn -0.9664 0.2381 0.0968
vn -0.0000 0.9264 0.3765
vn 0.9664 0.2381 0.0968
vn 0.6778 -0.6811 -0.2768
vn -0.6778 -0.7352 0.0049
vn -0.9664 0.2570 -0.0017
vn 0.9664 0.2570 -0.0017
vn 0.6778 -0.7352 0.0049
vn -0.6778 -0.6773 0.2859
vn -0.9664 0.2368 -0.0999
vn -0.0000 0.9213 -0.3888
vn 0.9664 0.2368 -0.0999
vn 0.6778 -0.6773 0.2859
vn -0.6778 -0.5164 0.5233
vn -0.9664 0.1805 -0.1830
vn -0.0000 0.7024 -0.7118
vn 0.9664 0.1805 -0.1830
vn 0.6778 -0.5164 0.5233
vn -0.6778 -0.2768 0.6811
vn -0.9664 0.0968 -0.2381
vn -0.0000 0.3765 -0.9264
vn 0.9664 0.0968 -0.2381
vn 0.6778 -0.2768 0.6811
vn -0.6778 0.0049 0.7352
vn -0.9664 -0.0017 -0.2570
vn 0.9664 -0.0017 -0.2570
vn 0.6778 0.0049 0.7352
vn -0.6778 0.2859 0.6773
vn -0.9664 -0.0999 -0.2368
vn -0.0000 -0.3888 -0.9213
vn 0.9664 -0.0999 -0.2368
vn 0.6778 0.2859 0.6773
vn -0.6778 0.5233 0.5164
vn -0.9664 -0.1830 -0.1805
vn -0.0000 -0.7118 -0.7024
vn 0.9664 -0.1830 -0.1805
vn 0.6778 0.5233 0.5164
vn -0.6778 0.6811 0.2768
vn -0.9664 -0.2381 -0.0968
vn -0.0000 -0.9264 -0.3765
vn 0.9664 -0.2381 -0.0968
vn 0.6778 0.6811 0.2768
vn -0.6778 0.7352 -0.0049
vn -0.9664 -0.2570 0.0017
vn 0.9664 -0.2570 0.0017
vn 0.6778 0.7352 -0.0049
vn -0.6778 0.6773 -0.2859
vn -0.9664 -0.2368 0.0999
vn -0.0000 -0.9213 0.3888
vn 0.9664 -0.2368 0.0999
vn 0.6778 0.6773 -0.2859
vn -0.6778 0.5164 -0.5233
vn -0.9664 -0.1805 0.1830
vn -0.0000 -0.7024 0.7118
vn 0.9664 -0.1805 0.1830
vn 0.6778 0.5164 -0.5233
vn -0.9662 -0.0767 0.2462
vn -0.9659 -0.0675 0.2499
vn -0.0000 -0.2839 0.9589
vn -0.0000 0.3005 0.9538
vn -0.9610 0.0018 0.2766
vn 0.9610 0.0018 0.2767
vn -0.0000 -0.2878 0.9577
vn 0.6085 -0.3505 -0.7120
vn 0.6093 -0.3469 -0.7130
vn -0.6093 -0.3469 -0.7130
vn -0.6085 -0.3505 -0.7120
vn 0.6276 -0.2564 -0.7351
vn 0.6288 -0.2495 -0.7365
vn 0.7086 0.6768 0.1995
vn -0.7086 0.6768 0.1995
vn -0.6276 0.2466 -0.7384
vn -0.6288 0.2397 -0.7398
vn -0.6276 -0.2564 -0.7351
vn -0.6288 -0.2495 -0.7365
vn 0.6276 0.2466 -0.7384
vn 0.6288 0.2397 -0.7398
vn 0.7086 -0.6741 0.2085
vn -0.7086 -0.6741 0.2085
vn -0.9610 0.0018 0.2767
vn -0.9974 -0.0005 -0.0727
vn -0.9974 -0.0005 -0.0717
vn -0.9974 -0.0005 -0.0719
vn -0.0000 1.0000 -0.0069
vn -0.0101 0.9844 -0.1759
vn -0.0135 0.9854 -0.1695
vn -0.9978 -0.0004 -0.0667
vn -0.9976 -0.0004 -0.0686
vn -0.9980 -0.0001 -0.0627
vn -0.9980 -0.0004 -0.0627
vn -0.1318 -0.0064 -0.9913
vn -0.2098 -0.0063 -0.9777
vn -0.1689 0.4442 -0.8798
vn -0.1090 0.4385 -0.8921
vn -0.0514 -0.8427 -0.5359
vn -0.0726 -0.8472 -0.5262
vn -0.1690 -0.4557 -0.8739
vn -0.1090 -0.4502 -0.8863
vn -0.0101 -0.9867 -0.1624
vn -0.0135 -0.9877 -0.1559
vn -0.9976 -0.0005 -0.0686
vn -0.9980 -0.0007 -0.0627
vn 0.0005 0.9852 -0.1714
vn 0.0016 0.8463 -0.5328
vn -0.0514 0.8354 -0.5472
vn 0.0021 0.7099 -0.7043
vn -0.0000 -1.0000 0.0069
vn 0.0005 -0.9875 -0.1579
vn -0.0726 0.8401 -0.5376
vn 0.0032 -0.1761 -0.9844
vn 0.0032 -0.0065 -1.0000
vn 0.0016 -0.8534 -0.5213
vn 0.0021 -0.7193 -0.6947
vn 0.0032 0.1633 -0.9866
vn 0.9968 -0.0005 -0.0805
vn 0.9968 -0.0005 -0.0795
vn 0.9968 -0.0005 -0.0794
vn 0.0131 0.9855 -0.1691
vn 0.0104 0.9844 -0.1756
vn 0.9973 -0.0005 -0.0738
vn 0.9976 -0.0004 -0.0694
vn 0.9976 -0.0001 -0.0694
vn 0.9971 -0.0004 -0.0759
vn 0.1344 -0.0064 -0.9909
vn 0.1111 0.4384 -0.8919
vn 0.1676 0.4442 -0.8801
vn 0.2085 -0.0063 -0.9780
vn 0.0524 -0.8428 -0.5357
vn 0.1112 -0.4501 -0.8860
vn 0.1677 -0.4557 -0.8742
vn 0.0715 -0.8474 -0.5262
vn 0.0104 -0.9867 -0.1621
vn 0.0131 -0.9877 -0.1555
vn 0.9971 -0.0006 -0.0759
vn 0.9976 -0.0008 -0.0694
vn 0.0524 0.8355 -0.5471
vn 0.0715 0.8402 -0.5376
vn 0.1018 0.2023 0.9740
vn 0.2004 0.0975 0.9748
vn -0.2004 0.0975 0.9748
vn -0.1018 0.2023 0.9740
vn 0.4569 -0.4248 0.7815
vn 0.5744 -0.2126 0.7905
vn 0.6269 -0.2146 0.7489
vn 0.4836 -0.4501 0.7507
vn -0.2161 0.5821 0.7838
vn -0.1933 0.6560 0.7296
vn 0.6745 0.0049 0.7382
vn 0.7133 0.0047 0.7008
vn -0.5744 -0.2126 0.7905
vn -0.4569 -0.4248 0.7815
vn -0.4836 -0.4501 0.7507
vn -0.6269 -0.2146 0.7489
vn -0.0000 -0.8219 0.5696
vn -0.0000 -0.8031 0.5958
vn -0.0000 -0.8443 0.5358
vn -0.9384 -0.0023 -0.3454
vn -0.9305 -0.0024 -0.3663
vn -0.9472 -0.0021 -0.3206
vn -0.0000 0.6950 0.7190
vn -0.9218 -0.0026 -0.3876
vn 0.6338 0.0052 0.7735
vn -0.0000 -0.7862 0.6180
vn -0.6338 0.0052 0.7735
vn -0.5312 -0.2210 0.8179
vn -0.4237 -0.3933 0.8159
vn 0.5312 -0.2210 0.8179
vn 0.4237 -0.3933 0.8159
vn -0.0000 -0.8865 0.4628
vn 0.9218 -0.0026 -0.3876
vt 0.108644 0.985731
vt 0.015134 0.956202
vt 0.047739 0.983271
vt 0.011443 0.980195
vt 0.141864 0.982655
vt 0.050815 0.953126
vt 0.080345 0.982040
s 1
usemtl Atlas
f 28/1/1 6/1/1 14/1/1 44/1/1
f 7/1/2 30/1/3 32/1/3 9/1/4
f 11/1/1 36/1/1 30/1/1 7/1/1
f 20/1/5 4/1/6 3/1/6 19/1/7
f 22/1/8 21/1/8 94/1/8 95/1/8
f 6/1/1 28/1/1 36/1/1 11/1/1
f 15/1/1 6/1/1 11/1/1 17/1/1
f 6/1/9 8/1/9 12/1/9 14/1/9
f 35/1/6 10/1/10 9/1/11 32/1/6
f 17/1/1 11/1/1 7/1/1 16/1/1
f 16/1/12 7/1/2 9/1/4 19/1/13
f 15/1/14 18/1/14 8/1/14 6/1/14
f 14/1/15 12/1/15 45/1/15 44/1/15
f 45/1/16 12/1/17 13/1/18 46/1/16
f 8/1/19 10/1/19 13/1/18 12/1/17
f 10/1/10 35/1/6 46/1/6 13/1/6
f 3/1/20 4/1/20 1/1/20 5/1/20 2/1/20
f 2/1/21 16/1/12 19/1/13 3/1/22
f 2/1/20 5/1/20 92/1/20 91/1/20
f 16/1/12 2/1/21 91/1/23 90/1/23
f 8/1/24 18/1/24 20/1/24 10/1/24
f 10/1/10 20/1/5 19/1/7 9/1/11
f 25/1/25 23/1/25 24/1/25 26/1/25
f 22/1/8 23/1/8 25/1/8 21/1/8
f 4/1/6 20/1/5 26/1/6 24/1/6
f 20/1/26 18/1/26 25/1/26 26/1/26
f 18/1/27 15/1/28 21/1/27 25/1/27
f 4/1/20 24/1/20 23/1/20 22/1/20 1/1/20
f 1/1/20 22/1/20 95/1/20 89/1/20
f 17/1/29 16/1/29 90/1/29 93/1/29
f 5/1/20 1/1/20 89/1/20 92/1/20
f 21/1/27 15/1/28 88/1/30 94/1/27
f 15/1/28 17/1/29 93/1/29 88/1/30
f 28/1/1 44/1/1 49/1/1 38/1/1
f 39/1/31 41/1/32 32/1/33 30/1/33
f 43/1/1 39/1/1 30/1/1 36/1/1
f 36/1/34 30/1/34 32/1/34 35/1/34
f 55/1/35 54/1/36 33/1/6 34/1/6
f 57/1/37 138/1/37 137/1/37 56/1/37
f 28/1/34 36/1/34 35/1/34 29/1/34
f 38/1/1 43/1/1 36/1/1 28/1/1
f 50/1/1 52/1/1 43/1/1 38/1/1
f 38/1/38 49/1/38 47/1/38 40/1/38
f 35/1/6 32/1/6 41/1/39 42/1/40
f 52/1/1 51/1/1 39/1/1 43/1/1
f 51/1/41 54/1/42 41/1/32 39/1/31
f 50/1/43 38/1/43 40/1/43 53/1/43
f 49/1/44 44/1/44 45/1/44 47/1/44
f 45/1/45 46/1/45 48/1/46 47/1/47
f 40/1/48 47/1/47 48/1/46 42/1/48
f 35/1/34 46/1/34 45/1/34 29/1/34
f 29/1/34 45/1/34 44/1/34 28/1/34
f 42/1/40 48/1/6 46/1/6 35/1/6
f 33/1/49 31/1/49 37/1/49 27/1/49 34/1/49
f 31/1/50 33/1/51 54/1/42 51/1/41
f 31/1/49 134/1/49 135/1/49 37/1/49
f 51/1/41 133/1/52 134/1/52 31/1/50
f 40/1/53 42/1/53 55/1/53 53/1/53
f 42/1/40 41/1/39 54/1/36 55/1/35
f 60/1/54 61/1/54 59/1/54 58/1/54
f 57/1/37 56/1/37 60/1/37 58/1/37
f 34/1/6 59/1/6 61/1/6 55/1/35
f 55/1/55 61/1/55 60/1/55 53/1/55
f 53/1/56 60/1/56 56/1/56 50/1/57
f 34/1/49 27/1/49 57/1/49 58/1/49 59/1/49
f 27/1/49 132/1/49 138/1/49 57/1/49
f 52/1/58 136/1/58 133/1/58 51/1/58
f 37/1/49 135/1/49 132/1/49 27/1/49
f 56/1/56 137/1/56 131/1/59 50/1/57
f 50/1/57 131/1/59 136/1/58 52/1/58
f 97/1/6 113/1/6 75/1/6 67/1/6
f 68/1/60 70/1/61 101/1/62 99/1/62
f 72/1/6 68/1/6 99/1/6 105/1/6
f 81/1/63 80/1/64 64/1/1 65/1/1
f 83/1/8 95/1/8 94/1/8 82/1/8
f 67/1/6 72/1/6 105/1/6 97/1/6
f 76/1/6 78/1/6 72/1/6 67/1/6
f 67/1/9 75/1/9 73/1/9 69/1/9
f 104/1/1 101/1/1 70/1/65 71/1/66
f 78/1/6 77/1/6 68/1/6 72/1/6
f 77/1/67 80/1/68 70/1/61 68/1/60
f 76/1/14 67/1/14 69/1/14 79/1/14
f 75/1/15 113/1/15 114/1/15 73/1/15
f 114/1/69 115/1/69 74/1/70 73/1/71
f 69/1/72 73/1/71 74/1/70 71/1/72
f 71/1/66 74/1/1 115/1/1 104/1/1
f 64/1/20 63/1/20 66/1/20 62/1/20 65/1/20
f 63/1/73 64/1/74 80/1/68 77/1/67
f 63/1/20 91/1/20 92/1/20 66/1/20
f 77/1/67 90/1/23 91/1/23 63/1/73
f 69/1/75 71/1/75 81/1/75 79/1/75
f 71/1/66 70/1/65 80/1/64 81/1/63
f 86/1/76 87/1/76 85/1/76 84/1/76
f 83/1/8 82/1/8 86/1/8 84/1/8
f 65/1/1 85/1/1 87/1/1 81/1/63
f 81/1/77 87/1/77 86/1/77 79/1/77
f 79/1/27 86/1/27 82/1/27 76/1/28
f 65/1/20 62/1/20 83/1/20 84/1/20 85/1/20
f 62/1/20 89/1/20 95/1/20 83/1/20
f 78/1/29 93/1/29 90/1/29 77/1/29
f 66/1/20 92/1/20 89/1/20 62/1/20
f 82/1/27 94/1/27 88/1/30 76/1/28
f 76/1/28 88/1/30 93/1/29 78/1/29
f 97/1/6 107/1/6 118/1/6 113/1/6
f 108/1/78 99/1/79 101/1/79 110/1/80
f 112/1/6 105/1/6 99/1/6 108/1/6
f 105/1/34 104/1/34 101/1/34 99/1/34
f 124/1/81 103/1/1 102/1/1 123/1/82
f 126/1/37 125/1/37 137/1/37 138/1/37
f 97/1/34 98/1/34 104/1/34 105/1/34
f 107/1/6 97/1/6 105/1/6 112/1/6
f 119/1/6 107/1/6 112/1/6 121/1/6
f 107/1/38 109/1/38 116/1/38 118/1/38
f 104/1/1 111/1/83 110/1/84 101/1/1
f 121/1/6 112/1/6 108/1/6 120/1/6
f 120/1/85 108/1/78 110/1/80 123/1/86
f 119/1/43 122/1/43 109/1/43 107/1/43
f 118/1/44 116/1/44 114/1/44 113/1/44
f 114/1/87 116/1/88 117/1/89 115/1/87
f 109/1/90 111/1/90 117/1/89 116/1/88
f 104/1/34 98/1/34 114/1/34 115/1/34
f 98/1/34 97/1/34 113/1/34 114/1/34
f 111/1/83 104/1/1 115/1/1 117/1/1
f 102/1/49 103/1/49 96/1/49 106/1/49 100/1/49
f 100/1/91 120/1/85 123/1/86 102/1/92
f 100/1/49 106/1/49 135/1/49 134/1/49
f 120/1/85 100/1/91 134/1/52 133/1/52
f 109/1/93 122/1/93 124/1/93 111/1/93
f 111/1/83 124/1/81 123/1/82 110/1/84
f 129/1/94 127/1/94 128/1/94 130/1/94
f 126/1/37 127/1/37 129/1/37 125/1/37
f 103/1/1 124/1/81 130/1/1 128/1/1
f 124/1/95 122/1/95 129/1/95 130/1/95
f 122/1/56 119/1/57 125/1/56 129/1/56
f 103/1/49 128/1/49 127/1/49 126/1/49 96/1/49
f 96/1/49 126/1/49 138/1/49 132/1/49
f 121/1/58 120/1/58 133/1/58 136/1/58
f 106/1/49 96/1/49 132/1/49 135/1/49
f 125/1/56 119/1/57 131/1/59 137/1/56
f 119/1/57 121/1/58 136/1/58 131/1/59
f 142/2/96 153/2/97 155/2/97 143/2/96
f 143/2/96 155/2/97 154/2/97 144/2/96
f 141/2/98 143/2/96 144/2/96 139/2/98
f 140/2/98 142/2/96 143/2/96 141/2/98
f 154/2/6 162/2/6 149/2/6 144/2/6
f 140/2/1 146/2/1 148/2/1 142/2/1
f 142/2/1 148/2/1 163/2/1 153/2/1
f 139/2/99 145/2/100 147/2/100 141/2/99
f 144/2/6 149/2/6 145/2/6 139/2/6
f 141/2/99 147/2/100 146/2/100 140/2/99
f 156/2/101 157/2/101 155/2/97 153/2/97
f 157/2/101 158/2/101 154/2/97 155/2/97
f 152/2/102 150/2/102 158/2/101 157/2/101
f 151/2/102 152/2/102 157/2/101 156/2/101
f 154/2/6 158/2/6 165/2/6 162/2/6
f 151/2/1 156/2/1 164/2/1 160/2/1
f 156/2/1 153/2/1 163/2/1 164/2/1
f 150/2/103 152/2/103 161/2/104 159/2/104
f 158/2/6 150/2/6 159/2/6 165/2/6
f 152/2/103 151/2/103 160/2/104 161/2/104
f 168/1/6 173/1/6 174/1/6 171/1/6
f 167/1/105 168/1/105 171/1/105 170/1/105
f 166/1/1 167/1/1 170/1/1 169/1/1
f 169/1/106 170/1/106 171/1/106 174/1/106 175/1/106
f 166/1/107 172/1/107 173/1/107 168/1/107 167/1/107
f 172/1/108 175/1/108 174/1/108 173/1/108
f 172/1/109 166/1/109 169/1/109 175/1/109
f 179/2/1 178/2/1 176/2/1 177/2/1
f 206/2/1 179/2/1 177/2/1 203/2/1
f 209/2/1 181/2/1 183/2/1 212/2/1
f 181/2/1 180/2/1 182/2/1 183/2/1
f 187/2/6 186/2/6 185/2/6 184/2/6
f 218/2/6 217/2/6 186/2/6 187/2/6
f 221/2/6 222/2/6 190/2/6 188/2/6
f 188/2/6 190/2/6 191/2/6 189/2/6
f 182/2/110 180/2/110 189/2/110 191/2/110
f 177/2/111 176/2/112 185/2/112 186/2/111
f 179/2/113 206/2/114 218/2/114 187/2/113
f 212/2/115 183/2/116 190/2/116 222/2/115
f 203/2/117 177/2/111 186/2/111 217/2/117
f 180/2/118 181/2/119 188/2/119 189/2/118
f 178/2/120 179/2/113 187/2/113 184/2/120
f 183/2/116 182/2/121 191/2/121 190/2/116
f 176/2/99 178/2/99 184/2/99 185/2/99
f 181/2/119 209/2/97 221/2/97 188/2/119
f 194/1/6 197/1/6 200/1/6 199/1/6
f 193/1/122 196/1/122 197/1/122 194/1/122
f 192/1/1 195/1/1 196/1/1 193/1/1
f 195/1/123 201/1/123 200/1/123 197/1/123 196/1/123
f 192/1/124 193/1/124 194/1/124 199/1/124 198/1/124
f 198/1/125 199/1/125 200/1/125 201/1/125
f 198/1/126 201/1/126 195/1/126 192/1/126
f 207/2/1 204/2/1 202/2/1 205/2/1
f 206/2/1 203/2/1 204/2/1 207/2/1
f 209/2/1 212/2/1 213/2/1 210/2/1
f 210/2/1 213/2/1 211/2/1 208/2/1
f 219/2/6 214/2/6 215/2/6 216/2/6
f 218/2/6 219/2/6 216/2/6 217/2/6
f 221/2/6 220/2/6 224/2/6 222/2/6
f 220/2/6 223/2/6 225/2/6 224/2/6
f 211/2/127 225/2/127 223/2/127 208/2/127
f 204/2/128 216/2/128 215/2/129 202/2/129
f 207/2/130 219/2/130 218/2/114 206/2/114
f 212/2/115 222/2/115 224/2/131 213/2/131
f 203/2/117 217/2/117 216/2/128 204/2/128
f 208/2/132 223/2/132 220/2/133 210/2/133
f 205/2/134 214/2/134 219/2/130 207/2/130
f 213/2/131 224/2/131 225/2/135 211/2/135
f 202/2/103 215/2/103 214/2/103 205/2/103
f 210/2/133 220/2/133 221/2/97 209/2/97
f 228/1/1 231/1/1 234/1/1 233/1/1
f 227/1/105 230/1/105 231/1/105 228/1/105
f 226/1/6 229/1/6 230/1/6 227/1/6
f 229/1/136 235/1/136 234/1/136 231/1/136 230/1/136
f 226/1/137 227/1/137 228/1/137 233/1/137 232/1/137
f 232/1/138 233/1/138 234/1/138 235/1/138
f 232/1/109 235/1/109 229/1/109 226/1/109
f 239/2/6 237/2/6 236/2/6 238/2/6
f 266/2/6 263/2/6 237/2/6 239/2/6
f 269/2/6 272/2/6 243/2/6 241/2/6
f 241/2/6 243/2/6 242/2/6 240/2/6
f 247/2/1 244/2/1 245/2/1 246/2/1
f 278/2/1 247/2/1 246/2/1 277/2/1
f 281/2/1 248/2/1 250/2/1 282/2/1
f 248/2/1 249/2/1 251/2/1 250/2/1
f 242/2/110 251/2/110 249/2/110 240/2/110
f 237/2/111 246/2/111 245/2/112 236/2/112
f 239/2/113 247/2/113 278/2/114 266/2/114
f 272/2/115 282/2/115 250/2/116 243/2/116
f 263/2/117 277/2/117 246/2/111 237/2/111
f 240/2/118 249/2/118 248/2/119 241/2/119
f 238/2/120 244/2/120 247/2/113 239/2/113
f 243/2/116 250/2/116 251/2/121 242/2/121
f 236/2/99 245/2/99 244/2/99 238/2/99
f 241/2/119 248/2/119 281/2/97 269/2/97
f 254/1/1 259/1/1 260/1/1 257/1/1
f 253/1/122 254/1/122 257/1/122 256/1/122
f 252/1/6 253/1/6 256/1/6 255/1/6
f 255/1/139 256/1/139 257/1/139 260/1/139 261/1/139
f 252/1/140 258/1/140 259/1/140 254/1/140 253/1/140
f 258/1/141 261/1/141 260/1/141 259/1/141
f 258/1/126 252/1/126 255/1/126 261/1/126
f 267/2/6 265/2/6 262/2/6 264/2/6
f 266/2/6 267/2/6 264/2/6 263/2/6
f 269/2/6 270/2/6 273/2/6 272/2/6
f 270/2/6 268/2/6 271/2/6 273/2/6
f 279/2/1 276/2/1 275/2/1 274/2/1
f 278/2/1 277/2/1 276/2/1 279/2/1
f 281/2/1 282/2/1 284/2/1 280/2/1
f 280/2/1 284/2/1 285/2/1 283/2/1
f 271/2/127 268/2/127 283/2/127 285/2/127
f 264/2/128 262/2/129 275/2/129 276/2/128
f 267/2/130 266/2/114 278/2/114 279/2/130
f 272/2/115 273/2/131 284/2/131 282/2/115
f 263/2/117 264/2/128 276/2/128 277/2/117
f 268/2/132 270/2/133 280/2/133 283/2/132
f 265/2/134 267/2/130 279/2/130 274/2/134
f 273/2/131 271/2/135 285/2/135 284/2/131
f 262/2/103 265/2/103 274/2/103 275/2/103
f 270/2/133 269/2/97 281/2/97 280/2/133
f 162/2/6 165/2/6 297/2/6 289/2/6
f 160/2/1 164/2/1 296/2/1 294/2/1
f 164/2/1 163/2/1 290/2/1 296/2/1
f 159/2/104 161/2/104 295/2/142 293/2/142
f 165/2/6 159/2/6 293/2/6 297/2/6
f 161/2/104 160/2/104 294/2/142 295/2/142
f 162/2/6 289/2/6 292/2/6 149/2/6
f 146/2/1 287/2/1 291/2/1 148/2/1
f 148/2/1 291/2/1 290/2/1 163/2/1
f 145/2/100 286/2/143 288/2/143 147/2/100
f 149/2/6 292/2/6 286/2/6 145/2/6
f 147/2/100 288/2/143 287/2/143 146/2/100
f 297/2/144 293/2/145 305/2/146 309/2/147
f 287/2/148 288/2/149 300/2/149 299/2/150
f 294/2/151 296/2/152 308/2/153 306/2/154
f 290/2/155 291/2/156 303/2/157 302/2/158
f 295/2/159 294/2/151 306/2/154 307/2/159
f 296/2/152 290/2/155 302/2/158 308/2/153
f 288/2/149 286/2/160 298/2/161 300/2/149
f 292/2/162 289/2/163 301/2/164 304/2/165
f 293/2/145 295/2/159 307/2/159 305/2/146
f 286/2/160 292/2/162 304/2/165 298/2/161
f 289/2/163 297/2/144 309/2/147 301/2/164
f 291/2/156 287/2/148 299/2/150 303/2/157
f 308/2/166 302/2/167 314/2/167 320/2/168
f 300/2/169 298/2/169 310/2/169 312/2/169
f 304/2/170 301/2/171 313/2/171 316/2/172
f 305/2/173 307/2/173 319/2/173 317/2/173
f 298/2/174 304/2/170 316/2/172 310/2/174
f 301/2/171 309/2/175 321/2/176 313/2/171
f 303/2/177 299/2/178 311/2/178 315/2/179
f 309/2/175 305/2/180 317/2/180 321/2/176
f 299/2/169 300/2/169 312/2/169 311/2/169
f 306/2/181 308/2/166 320/2/168 318/2/181
f 302/2/167 303/2/177 315/2/179 314/2/167
f 307/2/173 306/2/173 318/2/173 319/2/173
f 378/3/182 338/3/183 337/3/184 386/3/185
f 474/3/186 331/3/187 323/3/188 369/3/189
f 354/3/190 330/3/191 339/3/192 370/3/193
f 370/3/193 339/3/192 338/3/183 378/3/182
f 386/3/185 337/3/184 336/3/194 394/3/195
f 394/3/195 336/3/194 335/3/196 402/3/197
f 402/3/197 335/3/196 334/3/198 410/3/199
f 410/3/199 334/3/198 325/3/200 418/3/201
f 418/3/201 325/3/200 326/3/202 426/3/203
f 426/3/203 326/3/202 327/3/204 434/3/205
f 434/3/205 327/3/204 328/3/206 442/3/207
f 442/3/207 328/3/206 332/3/208 450/3/209
f 450/3/209 332/3/208 333/3/210 458/3/211
f 458/3/211 333/3/210 324/3/212 466/3/213
f 466/3/213 324/3/212 331/3/187 474/3/186
f 352/3/214 473/3/215 481/3/216 353/3/217
f 473/3/215 472/3/218 480/3/219 481/3/216
f 472/3/218 471/3/220 479/3/221 480/3/219
f 471/3/220 470/3/222 478/3/223 479/3/221
f 470/3/222 469/3/224 477/3/225 478/3/223
f 469/3/224 468/3/226 476/3/227 477/3/225
f 468/3/226 467/3/228 475/3/229 476/3/227
f 467/3/228 466/3/213 474/3/186 475/3/229
f 351/3/230 465/3/231 473/3/215 352/3/214
f 465/3/231 464/3/232 472/3/218 473/3/215
f 464/3/232 463/3/233 471/3/220 472/3/218
f 463/3/233 462/3/234 470/3/222 471/3/220
f 462/3/234 461/3/235 469/3/224 470/3/222
f 461/3/235 460/3/236 468/3/226 469/3/224
f 460/3/236 459/3/237 467/3/228 468/3/226
f 459/3/237 458/3/211 466/3/213 467/3/228
f 350/3/238 457/3/239 465/3/231 351/3/230
f 457/3/239 456/3/240 464/3/232 465/3/231
f 456/3/240 455/3/241 463/3/233 464/3/232
f 455/3/241 454/3/242 462/3/234 463/3/233
f 454/3/242 453/3/243 461/3/235 462/3/234
f 453/3/243 452/3/244 460/3/236 461/3/235
f 452/3/244 451/3/245 459/3/237 460/3/236
f 451/3/245 450/3/209 458/3/211 459/3/237
f 349/3/246 449/3/247 457/3/239 350/3/238
f 449/3/247 448/3/248 456/3/240 457/3/239
f 448/3/248 447/3/249 455/3/241 456/3/240
f 447/3/249 446/3/250 454/3/242 455/3/241
f 446/3/250 445/3/251 453/3/243 454/3/242
f 445/3/252 444/3/253 452/3/244 453/3/243
f 444/3/253 443/3/254 451/3/245 452/3/244
f 443/3/254 442/3/207 450/3/209 451/3/245
f 348/3/255 441/3/256 449/3/247 349/3/246
f 441/3/256 440/3/257 448/3/248 449/3/247
f 440/3/257 439/3/258 447/3/249 448/3/248
f 439/3/258 438/3/259 446/3/250 447/3/249
f 438/3/259 437/3/260 445/3/251 446/3/250
f 437/3/260 436/3/261 444/3/253 445/3/252
f 436/3/261 435/3/262 443/3/254 444/3/253
f 435/3/262 434/3/205 442/3/207 443/3/254
f 347/3/263 433/3/264 441/3/256 348/3/255
f 433/3/264 432/3/265 440/3/257 441/3/256
f 432/3/265 431/3/266 439/3/258 440/3/257
f 431/3/266 430/3/267 438/3/259 439/3/258
f 430/3/267 429/3/268 437/3/260 438/3/259
f 429/3/268 428/3/269 436/3/261 437/3/260
f 428/3/269 427/3/270 435/3/262 436/3/261
f 427/3/270 426/3/203 434/3/205 435/3/262
f 346/3/271 425/3/272 433/3/264 347/3/263
f 425/3/272 424/3/273 432/3/265 433/3/264
f 424/3/273 423/3/274 431/3/266 432/3/265
f 423/3/274 422/3/275 430/3/267 431/3/266
f 422/3/275 421/3/276 429/3/268 430/3/267
f 421/3/276 420/3/277 428/3/269 429/3/268
f 420/3/277 419/3/278 427/3/270 428/3/269
f 419/3/278 418/3/201 426/3/203 427/3/270
f 345/3/279 417/3/280 425/3/272 346/3/271
f 417/3/280 416/3/281 424/3/273 425/3/272
f 416/3/281 415/3/282 423/3/274 424/3/273
f 415/3/282 414/3/283 422/3/275 423/3/274
f 414/3/284 413/3/285 421/3/276 422/3/275
f 413/3/285 412/3/286 420/3/277 421/3/276
f 412/3/286 411/3/287 419/3/278 420/3/277
f 411/3/287 410/3/199 418/3/201 419/3/278
f 344/3/288 409/3/289 417/3/280 345/3/279
f 409/3/289 408/3/290 416/3/281 417/3/280
f 408/3/290 407/3/291 415/3/282 416/3/281
f 407/3/291 406/3/292 414/3/283 415/3/282
f 406/3/293 405/3/294 413/3/285 414/3/284
f 405/3/294 404/3/295 412/3/286 413/3/285
f 404/3/295 403/3/296 411/3/287 412/3/286
f 403/3/296 402/3/197 410/3/199 411/3/287
f 343/3/297 401/3/298 409/3/289 344/3/288
f 401/3/298 400/3/299 408/3/290 409/3/289
f 400/3/299 399/3/300 407/3/291 408/3/290
f 399/3/300 398/3/301 406/3/292 407/3/291
f 398/3/301 397/3/302 405/3/294 406/3/292
f 397/3/302 396/3/303 404/3/295 405/3/294
f 396/3/303 395/3/304 403/3/296 404/3/295
f 395/3/304 394/3/195 402/3/197 403/3/296
f 342/3/305 393/3/306 401/3/298 343/3/297
f 393/3/306 392/3/307 400/3/299 401/3/298
f 392/3/307 391/3/308 399/3/300 400/3/299
f 391/3/308 390/3/309 398/3/301 399/3/300
f 390/3/309 389/3/310 397/3/302 398/3/301
f 389/3/310 388/3/311 396/3/303 397/3/302
f 388/3/311 387/3/312 395/3/304 396/3/303
f 387/3/312 386/3/185 394/3/195 395/3/304
f 340/3/188 377/3/188 385/3/313 341/3/188
f 377/3/188 376/3/314 384/3/315 385/3/313
f 376/3/314 375/3/316 383/3/317 384/3/315
f 375/3/316 374/3/318 382/3/319 383/3/317
f 374/3/318 373/3/320 381/3/321 382/3/319
f 373/3/320 372/3/322 380/3/323 381/3/321
f 372/3/322 371/3/324 379/3/325 380/3/323
f 371/3/324 370/3/193 378/3/182 379/3/325
f 329/3/188 361/3/188 377/3/188 340/3/188
f 361/3/188 360/3/188 376/3/314 377/3/188
f 360/3/188 359/3/326 375/3/316 376/3/314
f 359/3/326 358/3/327 374/3/318 375/3/316
f 358/3/327 357/3/328 373/3/320 374/3/318
f 357/3/328 356/3/329 372/3/322 373/3/320
f 356/3/329 355/3/330 371/3/324 372/3/322
f 355/3/330 354/3/190 370/3/193 371/3/324
f 353/3/217 481/3/216 362/3/331 322/3/332
f 481/3/216 480/3/219 363/3/333 362/3/331
f 480/3/219 479/3/221 364/3/334 363/3/333
f 479/3/221 478/3/223 365/3/335 364/3/334
f 478/3/223 477/3/225 366/3/336 365/3/335
f 477/3/225 476/3/227 367/3/337 366/3/336
f 476/3/227 475/3/229 368/3/338 367/3/337
f 475/3/229 474/3/186 369/3/189 368/3/338
f 341/3/188 385/3/313 393/3/306 342/3/305
f 385/3/313 384/3/315 392/3/307 393/3/306
f 384/3/315 383/3/317 391/3/308 392/3/307
f 383/3/317 382/3/319 390/3/309 391/3/308
f 382/3/319 381/3/321 389/3/310 390/3/309
f 381/3/321 380/3/323 388/3/311 389/3/310
f 380/3/323 379/3/325 387/3/312 388/3/311
f 379/3/325 378/3/182 386/3/185 387/3/312
f 527/3/339 529/3/339 485/3/1 483/3/1
f 491/3/340 493/3/340 497/3/341 495/3/341
f 495/3/341 497/3/341 501/3/342 499/3/342
f 499/3/342 501/3/342 505/3/343 503/3/343
f 503/3/343 505/3/343 509/3/6 507/3/6
f 507/3/6 509/3/6 513/3/344 511/3/344
f 511/3/344 513/3/344 517/3/345 515/3/345
f 515/3/345 517/3/345 521/3/346 519/3/346
f 519/3/346 521/3/346 525/3/347 523/3/347
f 523/3/347 525/3/347 529/3/339 527/3/339
f 487/3/348 489/3/348 493/3/340 491/3/340
f 488/3/349 484/3/349 528/3/349 524/3/349 520/3/349 516/3/349 512/3/349 508/3/349 504/3/349 500/3/349 496/3/349 492/3/349
f 483/3/1 485/3/1 489/3/348 487/3/348
f 483/3/350 487/3/351 486/3/351 482/3/350
f 489/3/352 485/3/353 484/3/353 488/3/352
f 487/3/351 491/3/354 490/3/354 486/3/351
f 493/3/355 489/3/352 488/3/352 492/3/355
f 491/3/354 495/3/356 494/3/356 490/3/354
f 497/3/357 493/3/355 492/3/355 496/3/357
f 495/3/356 499/3/358 498/3/358 494/3/356
f 501/3/359 497/3/357 496/3/357 500/3/359
f 499/3/358 503/3/360 502/3/360 498/3/358
f 505/3/361 501/3/359 500/3/359 504/3/361
f 503/3/360 507/3/362 506/3/362 502/3/360
f 509/3/363 505/3/361 504/3/361 508/3/363
f 507/3/362 511/3/364 510/3/364 506/3/362
f 513/3/365 509/3/363 508/3/363 512/3/365
f 511/3/364 515/3/366 514/3/366 510/3/364
f 517/3/367 513/3/365 512/3/365 516/3/367
f 515/3/366 519/3/368 518/3/368 514/3/366
f 521/3/369 517/3/367 516/3/367 520/3/369
f 519/3/368 523/3/370 522/3/370 518/3/368
f 525/3/371 521/3/369 520/3/369 524/3/371
f 523/3/370 527/3/372 526/3/372 522/3/370
f 529/3/373 525/3/371 524/3/371 528/3/373
f 527/3/372 483/3/350 482/3/350 526/3/372
f 485/3/353 529/3/373 528/3/373 484/3/353
f 482/3/374 486/3/374 490/3/374 494/3/374 498/3/374 502/3/374 506/3/374 510/3/374 514/3/374 518/3/374 522/3/374 526/3/374
f 575/3/375 577/3/375 533/3/376 531/3/376
f 539/3/377 541/3/377 545/3/378 543/3/378
f 543/3/378 545/3/378 549/3/379 547/3/379
f 547/3/379 549/3/379 553/3/380 551/3/380
f 551/3/380 553/3/380 557/3/381 555/3/381
f 555/3/381 557/3/381 561/3/382 559/3/382
f 559/3/382 561/3/382 565/3/383 563/3/383
f 563/3/383 565/3/383 569/3/384 567/3/384
f 567/3/384 569/3/384 573/3/385 571/3/385
f 571/3/385 573/3/385 577/3/375 575/3/375
f 535/3/386 537/3/386 541/3/377 539/3/377
f 536/3/349 532/3/349 576/3/349 572/3/349 568/3/349 564/3/349 560/3/349 556/3/349 552/3/349 548/3/349 544/3/349 540/3/349
f 531/3/376 533/3/376 537/3/386 535/3/386
f 531/3/387 535/3/388 534/3/388 530/3/387
f 537/3/389 533/3/390 532/3/390 536/3/389
f 535/3/388 539/3/391 538/3/391 534/3/388
f 541/3/392 537/3/389 536/3/389 540/3/392
f 539/3/391 543/3/393 542/3/394 538/3/391
f 545/3/395 541/3/392 540/3/392 544/3/395
f 543/3/393 547/3/396 546/3/396 542/3/394
f 549/3/397 545/3/395 544/3/395 548/3/397
f 547/3/396 551/3/398 550/3/398 546/3/396
f 553/3/399 549/3/397 548/3/397 552/3/399
f 551/3/398 555/3/400 554/3/401 550/3/398
f 557/3/402 553/3/399 552/3/399 556/3/402
f 555/3/400 559/3/403 558/3/403 554/3/401
f 561/3/404 557/3/402 556/3/402 560/3/404
f 559/3/403 563/3/405 562/3/405 558/3/403
f 565/3/406 561/3/404 560/3/404 564/3/406
f 563/3/405 567/3/407 566/3/407 562/3/405
f 569/3/408 565/3/406 564/3/406 568/3/408
f 567/3/407 571/3/409 570/3/409 566/3/407
f 573/3/410 569/3/408 568/3/408 572/3/410
f 571/3/409 575/3/411 574/3/411 570/3/409
f 577/3/412 573/3/410 572/3/410 576/3/412
f 575/3/411 531/3/387 530/3/387 574/3/411
f 533/3/390 577/3/412 576/3/412 532/3/390
f 530/3/374 534/3/374 538/3/374 542/3/374 546/3/374 550/3/374 554/3/374 558/3/374 562/3/374 566/3/374 570/3/374 574/3/374
f 623/3/375 625/3/375 581/3/376 579/3/376
f 587/3/377 589/3/377 593/3/378 591/3/378
f 591/3/378 593/3/378 597/3/379 595/3/379
f 595/3/379 597/3/379 601/3/380 599/3/380
f 599/3/380 601/3/380 605/3/381 603/3/381
f 603/3/381 605/3/381 609/3/382 607/3/382
f 607/3/382 609/3/382 613/3/383 611/3/383
f 611/3/383 613/3/383 617/3/384 615/3/384
f 615/3/384 617/3/384 621/3/385 619/3/385
f 619/3/385 621/3/385 625/3/375 623/3/375
f 583/3/386 585/3/386 589/3/377 587/3/377
f 584/3/349 580/3/349 624/3/349 620/3/349 616/3/349 612/3/349 608/3/349 604/3/349 600/3/349 596/3/349 592/3/349 588/3/349
f 579/3/376 581/3/376 585/3/386 583/3/386
f 579/3/413 583/3/388 582/3/388 578/3/413
f 585/3/389 581/3/414 580/3/414 584/3/389
f 583/3/388 587/3/391 586/3/391 582/3/388
f 589/3/415 585/3/389 584/3/389 588/3/415
f 587/3/391 591/3/393 590/3/393 586/3/391
f 593/3/416 589/3/415 588/3/415 592/3/416
f 591/3/393 595/3/396 594/3/396 590/3/393
f 597/3/397 593/3/416 592/3/416 596/3/397
f 595/3/396 599/3/398 598/3/398 594/3/396
f 601/3/417 597/3/397 596/3/397 600/3/417
f 599/3/398 603/3/418 602/3/418 598/3/398
f 605/3/419 601/3/417 600/3/417 604/3/419
f 603/3/418 607/3/403 606/3/403 602/3/418
f 609/3/404 605/3/419 604/3/419 608/3/404
f 607/3/403 611/3/420 610/3/420 606/3/403
f 613/3/406 609/3/404 608/3/404 612/3/406
f 611/3/420 615/3/407 614/3/407 610/3/420
f 617/3/421 613/3/406 612/3/406 616/3/421
f 615/3/407 619/3/409 618/3/409 614/3/407
f 621/3/410 617/3/421 616/3/421 620/3/410
f 619/3/409 623/3/411 622/3/411 618/3/409
f 625/3/422 621/3/410 620/3/410 624/3/422
f 623/3/411 579/3/413 578/3/413 622/3/411
f 581/3/414 625/3/422 624/3/422 580/3/414
f 578/3/374 582/3/374 586/3/374 590/3/374 594/3/374 598/3/374 602/3/374 606/3/374 610/3/374 614/3/374 618/3/374 622/3/374
f 671/3/375 673/3/375 629/3/376 627/3/376
f 635/3/377 637/3/377 641/3/378 639/3/378
f 639/3/378 641/3/378 645/3/379 643/3/379
f 643/3/379 645/3/379 649/3/380 647/3/380
f 647/3/380 649/3/380 653/3/381 651/3/381
f 651/3/381 653/3/381 657/3/382 655/3/382
f 655/3/382 657/3/382 661/3/383 659/3/383
f 659/3/383 661/3/383 665/3/384 663/3/384
f 663/3/384 665/3/384 669/3/385 667/3/385
f 667/3/385 669/3/385 673/3/375 671/3/375
f 631/3/386 633/3/386 637/3/377 635/3/377
f 632/3/349 628/3/349 672/3/349 668/3/349 664/3/349 660/3/349 656/3/349 652/3/349 648/3/349 644/3/349 640/3/349 636/3/349
f 627/3/376 629/3/376 633/3/386 631/3/386
f 627/3/387 631/3/388 630/3/388 626/3/387
f 633/3/389 629/3/390 628/3/390 632/3/389
f 631/3/388 635/3/391 634/3/391 630/3/388
f 637/3/415 633/3/389 632/3/389 636/3/415
f 635/3/391 639/3/393 638/3/393 634/3/391
f 641/3/416 637/3/415 636/3/415 640/3/416
f 639/3/393 643/3/396 642/3/396 638/3/393
f 645/3/397 641/3/416 640/3/416 644/3/397
f 643/3/396 647/3/398 646/3/398 642/3/396
f 649/3/417 645/3/397 644/3/397 648/3/417
f 647/3/398 651/3/400 650/3/400 646/3/398
f 653/3/402 649/3/417 648/3/417 652/3/402
f 651/3/400 655/3/403 654/3/403 650/3/400
f 657/3/404 653/3/402 652/3/402 656/3/404
f 655/3/403 659/3/420 658/3/420 654/3/403
f 661/3/406 657/3/404 656/3/404 660/3/406
f 659/3/420 663/3/423 662/3/423 658/3/420
f 665/3/408 661/3/406 660/3/406 664/3/408
f 663/3/423 667/3/409 666/3/409 662/3/423
f 669/3/410 665/3/408 664/3/408 668/3/410
f 667/3/409 671/3/424 670/3/424 666/3/409
f 673/3/412 669/3/410 668/3/410 672/3/412
f 671/3/424 627/3/387 626/3/387 670/3/424
f 629/3/390 673/3/412 672/3/412 628/3/390
f 626/3/374 630/3/374 634/3/374 638/3/374 642/3/374 646/3/374 650/3/374 654/3/374 658/3/374 662/3/374 666/3/374 670/3/374
f 719/3/425 721/3/425 677/3/426 675/3/426
f 683/3/427 685/3/427 689/3/428 687/3/428
f 687/3/428 689/3/428 693/3/429 691/3/429
f 691/3/429 693/3/429 697/3/430 695/3/430
f 695/3/430 697/3/430 701/3/431 699/3/431
f 699/3/431 701/3/431 705/3/432 703/3/432
f 703/3/432 705/3/432 709/3/433 707/3/433
f 707/3/433 709/3/433 713/3/434 711/3/434
f 711/3/434 713/3/434 717/3/435 715/3/435
f 715/3/435 717/3/435 721/3/425 719/3/425
f 679/3/436 681/3/436 685/3/427 683/3/427
f 680/3/349 676/3/349 720/3/349 716/3/349 712/3/349 708/3/349 704/3/349 700/3/349 696/3/349 692/3/349 688/3/349 684/3/349
f 675/3/426 677/3/426 681/3/436 679/3/436
f 675/3/437 679/3/438 678/3/438 674/3/437
f 681/3/439 677/3/440 676/3/440 680/3/439
f 679/3/438 683/3/441 682/3/441 678/3/438
f 685/3/442 681/3/439 680/3/439 684/3/442
f 683/3/441 687/3/443 686/3/443 682/3/441
f 689/3/444 685/3/442 684/3/442 688/3/444
f 687/3/443 691/3/445 690/3/445 686/3/443
f 693/3/446 689/3/444 688/3/444 692/3/446
f 691/3/445 695/3/447 694/3/447 690/3/445
f 697/3/448 693/3/446 692/3/446 696/3/448
f 695/3/447 699/3/449 698/3/449 694/3/447
f 701/3/450 697/3/448 696/3/448 700/3/450
f 699/3/449 703/3/451 702/3/451 698/3/449
f 705/3/452 701/3/450 700/3/450 704/3/452
f 703/3/451 707/3/453 706/3/453 702/3/451
f 709/3/454 705/3/452 704/3/452 708/3/454
f 707/3/453 711/3/455 710/3/455 706/3/453
f 713/3/456 709/3/454 708/3/454 712/3/456
f 711/3/455 715/3/457 714/3/457 710/3/455
f 717/3/458 713/3/456 712/3/456 716/3/458
f 715/3/457 719/3/459 718/3/459 714/3/457
f 721/3/460 717/3/458 716/3/458 720/3/460
f 719/3/459 675/3/437 674/3/437 718/3/459
f 677/3/440 721/3/460 720/3/460 676/3/440
f 674/3/374 678/3/374 682/3/374 686/3/374 690/3/374 694/3/374 698/3/374 702/3/374 706/3/374 710/3/374 714/3/374 718/3/374
f 767/3/461 769/3/461 725/3/462 723/3/462
f 731/3/463 733/3/463 737/3/464 735/3/464
f 735/3/464 737/3/464 741/3/465 739/3/465
f 739/3/465 741/3/465 745/3/466 743/3/466
f 743/3/466 745/3/466 749/3/467 747/3/467
f 747/3/467 749/3/467 753/3/468 751/3/468
f 751/3/468 753/3/468 757/3/469 755/3/469
f 755/3/469 757/3/469 761/3/470 759/3/470
f 759/3/470 761/3/470 765/3/471 763/3/471
f 763/3/471 765/3/471 769/3/461 767/3/461
f 727/3/472 729/3/472 733/3/463 731/3/463
f 728/3/349 724/3/349 768/3/349 764/3/349 760/3/349 756/3/349 752/3/349 748/3/349 744/3/349 740/3/349 736/3/349 732/3/349
f 723/3/462 725/3/462 729/3/472 727/3/472
f 723/3/473 727/3/474 726/3/474 722/3/473
f 729/3/475 725/3/476 724/3/476 728/3/475
f 727/3/474 731/3/477 730/3/477 726/3/474
f 733/3/478 729/3/475 728/3/475 732/3/478
f 731/3/477 735/3/479 734/3/479 730/3/477
f 737/3/480 733/3/478 732/3/478 736/3/480
f 735/3/479 739/3/481 738/3/481 734/3/479
f 741/3/482 737/3/480 736/3/480 740/3/482
f 739/3/481 743/3/483 742/3/483 738/3/481
f 745/3/484 741/3/482 740/3/482 744/3/484
f 743/3/483 747/3/485 746/3/485 742/3/483
f 749/3/486 745/3/484 744/3/484 748/3/486
f 747/3/485 751/3/487 750/3/487 746/3/485
f 753/3/488 749/3/486 748/3/486 752/3/488
f 751/3/487 755/3/489 754/3/489 750/3/487
f 757/3/490 753/3/488 752/3/488 756/3/490
f 755/3/489 759/3/491 758/3/491 754/3/489
f 761/3/492 757/3/490 756/3/490 760/3/492
f 759/3/491 763/3/493 762/3/493 758/3/491
f 765/3/494 761/3/492 760/3/492 764/3/494
f 763/3/493 767/3/495 766/3/495 762/3/493
f 769/3/496 765/3/494 764/3/494 768/3/496
f 767/3/495 723/3/473 722/3/473 766/3/495
f 725/3/476 769/3/496 768/3/496 724/3/476
f 722/3/374 726/3/374 730/3/374 734/3/374 738/3/374 742/3/374 746/3/374 750/3/374 754/3/374 758/3/374 762/3/374 766/3/374
f 815/3/497 771/3/498 773/3/498 817/3/497
f 779/3/499 783/3/500 785/3/500 781/3/499
f 783/3/500 787/3/501 789/3/501 785/3/500
f 787/3/501 791/3/502 793/3/502 789/3/501
f 791/3/502 795/3/503 797/3/503 793/3/502
f 795/3/503 799/3/504 801/3/504 797/3/503
f 799/3/504 803/3/505 805/3/505 801/3/504
f 803/3/505 807/3/506 809/3/506 805/3/505
f 807/3/506 811/3/507 813/3/507 809/3/506
f 811/3/507 815/3/497 817/3/497 813/3/507
f 775/3/508 779/3/499 781/3/499 777/3/508
f 776/3/374 780/3/374 784/3/374 788/3/374 792/3/374 796/3/374 800/3/374 804/3/374 808/3/374 812/3/374 816/3/374 772/3/374
f 771/3/498 775/3/508 777/3/508 773/3/498
f 771/3/509 770/3/509 774/3/510 775/3/510
f 777/3/511 776/3/511 772/3/512 773/3/512
f 775/3/510 774/3/510 778/3/513 779/3/513
f 781/3/514 780/3/514 776/3/511 777/3/511
f 779/3/513 778/3/513 782/3/515 783/3/515
f 785/3/516 784/3/516 780/3/514 781/3/514
f 783/3/515 782/3/515 786/3/517 787/3/517
f 789/3/518 788/3/518 784/3/516 785/3/516
f 787/3/517 786/3/517 790/3/519 791/3/519
f 793/3/520 792/3/520 788/3/518 789/3/518
f 791/3/519 790/3/519 794/3/521 795/3/521
f 797/3/522 796/3/522 792/3/520 793/3/520
f 795/3/521 794/3/521 798/3/523 799/3/523
f 801/3/524 800/3/524 796/3/522 797/3/522
f 799/3/523 798/3/523 802/3/525 803/3/525
f 805/3/526 804/3/526 800/3/524 801/3/524
f 803/3/525 802/3/525 806/3/527 807/3/527
f 809/3/528 808/3/528 804/3/526 805/3/526
f 807/3/527 806/3/527 810/3/529 811/3/529
f 813/3/530 812/3/530 808/3/528 809/3/528
f 811/3/529 810/3/529 814/3/531 815/3/531
f 817/3/532 816/3/532 812/3/530 813/3/530
f 815/3/531 814/3/531 770/3/509 771/3/509
f 773/3/512 772/3/512 816/3/532 817/3/532
f 770/3/349 814/3/349 810/3/349 806/3/349 802/3/349 798/3/349 794/3/349 790/3/349 786/3/349 782/3/349 778/3/349 774/3/349
f 863/3/533 819/3/534 821/3/534 865/3/533
f 827/3/535 831/3/536 833/3/536 829/3/535
f 831/3/536 835/3/537 837/3/537 833/3/536
f 835/3/537 839/3/538 841/3/538 837/3/537
f 839/3/538 843/3/539 845/3/539 841/3/538
f 843/3/539 847/3/540 849/3/540 845/3/539
f 847/3/540 851/3/541 853/3/541 849/3/540
f 851/3/541 855/3/542 857/3/542 853/3/541
f 855/3/542 859/3/543 861/3/543 857/3/542
f 859/3/543 863/3/533 865/3/533 861/3/543
f 823/3/544 827/3/535 829/3/535 825/3/544
f 824/3/374 828/3/374 832/3/374 836/3/374 840/3/374 844/3/374 848/3/374 852/3/374 856/3/374 860/3/374 864/3/374 820/3/374
f 819/3/534 823/3/544 825/3/544 821/3/534
f 819/3/545 818/3/545 822/3/546 823/3/546
f 825/3/547 824/3/547 820/3/548 821/3/548
f 823/3/546 822/3/546 826/3/549 827/3/549
f 829/3/550 828/3/550 824/3/547 825/3/547
f 827/3/549 826/3/549 830/3/551 831/3/551
f 833/3/552 832/3/552 828/3/550 829/3/550
f 831/3/551 830/3/551 834/3/553 835/3/553
f 837/3/554 836/3/554 832/3/552 833/3/552
f 835/3/553 834/3/553 838/3/555 839/3/555
f 841/3/556 840/3/556 836/3/554 837/3/554
f 839/3/555 838/3/555 842/3/557 843/3/557
f 845/3/558 844/3/558 840/3/556 841/3/556
f 843/3/557 842/3/557 846/3/559 847/3/559
f 849/3/560 848/3/560 844/3/558 845/3/558
f 847/3/559 846/3/559 850/3/561 851/3/561
f 853/3/562 852/3/562 848/3/560 849/3/560
f 851/3/561 850/3/561 854/3/563 855/3/563
f 857/3/564 856/3/564 852/3/562 853/3/562
f 855/3/563 854/3/563 858/3/565 859/3/565
f 861/3/566 860/3/566 856/3/564 857/3/564
f 859/3/565 858/3/565 862/3/567 863/3/567
f 865/3/568 864/3/568 860/3/566 861/3/566
f 863/3/567 862/3/567 818/3/545 819/3/545
f 821/3/548 820/3/548 864/3/568 865/3/568
f 818/3/349 862/3/349 858/3/349 854/3/349 850/3/349 846/3/349 842/3/349 838/3/349 834/3/349 830/3/349 826/3/349 822/3/349
f 911/3/533 867/3/534 869/3/534 913/3/533
f 875/3/535 879/3/536 881/3/536 877/3/535
f 879/3/536 883/3/537 885/3/537 881/3/536
f 883/3/537 887/3/538 889/3/538 885/3/537
f 887/3/538 891/3/539 893/3/539 889/3/538
f 891/3/539 895/3/540 897/3/540 893/3/539
f 895/3/540 899/3/541 901/3/541 897/3/540
f 899/3/541 903/3/542 905/3/542 901/3/541
f 903/3/542 907/3/543 909/3/543 905/3/542
f 907/3/543 911/3/533 913/3/533 909/3/543
f 871/3/544 875/3/535 877/3/535 873/3/544
f 872/3/374 876/3/374 880/3/374 884/3/374 888/3/374 892/3/374 896/3/374 900/3/374 904/3/374 908/3/374 912/3/374 868/3/374
f 867/3/534 871/3/544 873/3/544 869/3/534
f 867/3/545 866/3/545 870/3/546 871/3/546
f 873/3/547 872/3/547 868/3/548 869/3/548
f 871/3/546 870/3/546 874/3/549 875/3/549
f 877/3/550 876/3/550 872/3/547 873/3/547
f 875/3/549 874/3/549 878/3/551 879/3/551
f 881/3/552 880/3/552 876/3/550 877/3/550
f 879/3/551 878/3/551 882/3/553 883/3/553
f 885/3/554 884/3/554 880/3/552 881/3/552
f 883/3/553 882/3/553 886/3/555 887/3/555
f 889/3/556 888/3/556 884/3/554 885/3/554
f 887/3/555 886/3/555 890/3/557 891/3/557
f 893/3/558 892/3/558 888/3/556 889/3/556
f 891/3/557 890/3/557 894/3/559 895/3/559
f 897/3/560 896/3/560 892/3/558 893/3/558
f 895/3/559 894/3/559 898/3/561 899/3/561
f 901/3/562 900/3/562 896/3/560 897/3/560
f 899/3/561 898/3/561 902/3/563 903/3/563
f 905/3/564 904/3/564 900/3/562 901/3/562
f 903/3/563 902/3/563 906/3/565 907/3/565
f 909/3/566 908/3/566 904/3/564 905/3/564
f 907/3/565 906/3/565 910/3/567 911/3/567
f 913/3/568 912/3/568 908/3/566 909/3/566
f 911/3/567 910/3/567 866/3/545 867/3/545
f 869/3/548 868/3/548 912/3/568 913/3/568
f 866/3/349 910/3/349 906/3/349 902/3/349 898/3/349 894/3/349 890/3/349 886/3/349 882/3/349 878/3/349 874/3/349 870/3/349
f 959/3/533 915/3/534 917/3/534 961/3/533
f 923/3/535 927/3/536 929/3/536 925/3/535
f 927/3/536 931/3/537 933/3/537 929/3/536
f 931/3/537 935/3/538 937/3/538 933/3/537
f 935/3/538 939/3/539 941/3/539 937/3/538
f 939/3/539 943/3/540 945/3/540 941/3/539
f 943/3/540 947/3/541 949/3/541 945/3/540
f 947/3/541 951/3/542 953/3/542 949/3/541
f 951/3/542 955/3/543 957/3/543 953/3/542
f 955/3/543 959/3/533 961/3/533 957/3/543
f 919/3/544 923/3/535 925/3/535 921/3/544
f 920/3/374 924/3/374 928/3/374 932/3/374 936/3/374 940/3/374 944/3/374 948/3/374 952/3/374 956/3/374 960/3/374 916/3/374
f 915/3/534 919/3/544 921/3/544 917/3/534
f 915/3/545 914/3/545 918/3/546 919/3/546
f 921/3/547 920/3/547 916/3/548 917/3/548
f 919/3/546 918/3/546 922/3/549 923/3/549
f 925/3/550 924/3/550 920/3/547 921/3/547
f 923/3/549 922/3/549 926/3/551 927/3/551
f 929/3/552 928/3/552 924/3/550 925/3/550
f 927/3/551 926/3/551 930/3/553 931/3/553
f 933/3/554 932/3/554 928/3/552 929/3/552
f 931/3/553 930/3/553 934/3/555 935/3/555
f 937/3/556 936/3/556 932/3/554 933/3/554
f 935/3/555 934/3/555 938/3/557 939/3/557
f 941/3/558 940/3/558 936/3/556 937/3/556
f 939/3/557 938/3/557 942/3/559 943/3/559
f 945/3/560 944/3/560 940/3/558 941/3/558
f 943/3/559 942/3/559 946/3/561 947/3/561
f 949/3/562 948/3/562 944/3/560 945/3/560
f 947/3/561 946/3/561 950/3/563 951/3/563
f 953/3/564 952/3/564 948/3/562 949/3/562
f 951/3/563 950/3/563 954/3/565 955/3/565
f 957/3/566 956/3/566 952/3/564 953/3/564
f 955/3/565 954/3/565 958/3/567 959/3/567
f 961/3/568 960/3/568 956/3/566 957/3/566
f 959/3/567 958/3/567 914/3/545 915/3/545
f 917/3/548 916/3/548 960/3/568 961/3/568
f 914/3/349 958/3/349 954/3/349 950/3/349 946/3/349 942/3/349 938/3/349 934/3/349 930/3/349 926/3/349 922/3/349 918/3/349
f 1007/3/569 963/3/570 965/3/570 1009/3/569
f 971/3/571 975/3/572 977/3/572 973/3/571
f 975/3/572 979/3/573 981/3/573 977/3/572
f 979/3/573 983/3/574 985/3/574 981/3/573
f 983/3/574 987/3/575 989/3/575 985/3/574
f 987/3/575 991/3/576 993/3/576 989/3/575
f 991/3/576 995/3/577 997/3/577 993/3/576
f 995/3/577 999/3/578 1001/3/578 997/3/577
f 999/3/578 1003/3/579 1005/3/579 1001/3/578
f 1003/3/579 1007/3/569 1009/3/569 1005/3/579
f 967/3/580 971/3/571 973/3/571 969/3/580
f 968/3/374 972/3/374 976/3/374 980/3/374 984/3/374 988/3/374 992/3/374 996/3/374 1000/3/374 1004/3/374 1008/3/374 964/3/374
f 963/3/570 967/3/580 969/3/580 965/3/570
f 963/3/581 962/3/581 966/3/582 967/3/582
f 969/3/583 968/3/583 964/3/584 965/3/584
f 967/3/582 966/3/582 970/3/585 971/3/585
f 973/3/586 972/3/586 968/3/583 969/3/583
f 971/3/585 970/3/585 974/3/587 975/3/587
f 977/3/588 976/3/588 972/3/586 973/3/586
f 975/3/587 974/3/587 978/3/589 979/3/589
f 981/3/590 980/3/590 976/3/588 977/3/588
f 979/3/589 978/3/589 982/3/591 983/3/591
f 985/3/592 984/3/592 980/3/590 981/3/590
f 983/3/591 982/3/591 986/3/593 987/3/593
f 989/3/594 988/3/594 984/3/592 985/3/592
f 987/3/593 986/3/593 990/3/595 991/3/595
f 993/3/596 992/3/596 988/3/594 989/3/594
f 991/3/595 990/3/595 994/3/597 995/3/597
f 997/3/598 996/3/598 992/3/596 993/3/596
f 995/3/597 994/3/597 998/3/599 999/3/599
f 1001/3/600 1000/3/600 996/3/598 997/3/598
f 999/3/599 998/3/599 1002/3/601 1003/3/601
f 1005/3/602 1004/3/602 1000/3/600 1001/3/600
f 1003/3/601 1002/3/601 1006/3/603 1007/3/603
f 1009/3/604 1008/3/604 1004/3/602 1005/3/602
f 1007/3/603 1006/3/603 962/3/581 963/3/581
f 965/3/584 964/3/584 1008/3/604 1009/3/604
f 962/3/349 1006/3/349 1002/3/349 998/3/349 994/3/349 990/3/349 986/3/349 982/3/349 978/3/349 974/3/349 970/3/349 966/3/349
f 1055/3/605 1011/3/606 1013/3/606 1057/3/605
f 1019/3/607 1023/3/608 1025/3/608 1021/3/607
f 1023/3/608 1027/3/609 1029/3/609 1025/3/608
f 1027/3/609 1031/3/610 1033/3/610 1029/3/609
f 1031/3/610 1035/3/611 1037/3/611 1033/3/610
f 1035/3/611 1039/3/612 1041/3/612 1037/3/611
f 1039/3/612 1043/3/613 1045/3/613 1041/3/612
f 1043/3/613 1047/3/614 1049/3/614 1045/3/613
f 1047/3/614 1051/3/615 1053/3/615 1049/3/614
f 1051/3/615 1055/3/605 1057/3/605 1053/3/615
f 1015/3/616 1019/3/607 1021/3/607 1017/3/616
f 1016/3/374 1020/3/374 1024/3/374 1028/3/374 1032/3/374 1036/3/374 1040/3/374 1044/3/374 1048/3/374 1052/3/374 1056/3/374 1012/3/374
f 1011/3/606 1015/3/616 1017/3/616 1013/3/606
f 1011/3/617 1010/3/617 1014/3/618 1015/3/618
f 1017/3/619 1016/3/619 1012/3/620 1013/3/620
f 1015/3/618 1014/3/618 1018/3/621 1019/3/621
f 1021/3/622 1020/3/622 1016/3/619 1017/3/619
f 1019/3/621 1018/3/621 1022/3/623 1023/3/623
f 1025/3/624 1024/3/624 1020/3/622 1021/3/622
f 1023/3/623 1022/3/623 1026/3/625 1027/3/625
f 1029/3/626 1028/3/626 1024/3/624 1025/3/624
f 1027/3/625 1026/3/625 1030/3/627 1031/3/627
f 1033/3/628 1032/3/628 1028/3/626 1029/3/626
f 1031/3/627 1030/3/627 1034/3/629 1035/3/629
f 1037/3/630 1036/3/630 1032/3/628 1033/3/628
f 1035/3/629 1034/3/629 1038/3/631 1039/3/631
f 1041/3/632 1040/3/632 1036/3/630 1037/3/630
f 1039/3/631 1038/3/631 1042/3/633 1043/3/633
f 1045/3/634 1044/3/634 1040/3/632 1041/3/632
f 1043/3/633 1042/3/633 1046/3/635 1047/3/635
f 1049/3/636 1048/3/636 1044/3/634 1045/3/634
f 1047/3/635 1046/3/635 1050/3/637 1051/3/637
f 1053/3/638 1052/3/638 1048/3/636 1049/3/636
f 1051/3/637 1050/3/637 1054/3/639 1055/3/639
f 1057/3/640 1056/3/640 1052/3/638 1053/3/638
f 1055/3/639 1054/3/639 1010/3/617 1011/3/617
f 1013/3/620 1012/3/620 1056/3/640 1057/3/640
f 1010/3/349 1054/3/349 1050/3/349 1046/3/349 1042/3/349 1038/3/349 1034/3/349 1030/3/349 1026/3/349 1022/3/349 1018/3/349 1014/3/349
f 1103/3/605 1059/3/606 1061/3/606 1105/3/605
f 1067/3/607 1071/3/608 1073/3/608 1069/3/607
f 1071/3/608 1075/3/609 1077/3/609 1073/3/608
f 1075/3/609 1079/3/610 1081/3/610 1077/3/609
f 1079/3/610 1083/3/611 1085/3/611 1081/3/610
f 1083/3/611 1087/3/612 1089/3/612 1085/3/611
f 1087/3/612 1091/3/613 1093/3/613 1089/3/612
f 1091/3/613 1095/3/614 1097/3/614 1093/3/613
f 1095/3/614 1099/3/615 1101/3/615 1097/3/614
f 1099/3/615 1103/3/605 1105/3/605 1101/3/615
f 1063/3/616 1067/3/607 1069/3/607 1065/3/616
f 1064/3/374 1068/3/374 1072/3/374 1076/3/374 1080/3/374 1084/3/374 1088/3/374 1092/3/374 1096/3/374 1100/3/374 1104/3/374 1060/3/374
f 1059/3/606 1063/3/616 1065/3/616 1061/3/606
f 1059/3/617 1058/3/617 1062/3/618 1063/3/618
f 1065/3/619 1064/3/619 1060/3/620 1061/3/620
f 1063/3/618 1062/3/618 1066/3/621 1067/3/621
f 1069/3/622 1068/3/622 1064/3/619 1065/3/619
f 1067/3/621 1066/3/621 1070/3/623 1071/3/623
f 1073/3/624 1072/3/624 1068/3/622 1069/3/622
f 1071/3/623 1070/3/623 1074/3/625 1075/3/625
f 1077/3/626 1076/3/626 1072/3/624 1073/3/624
f 1075/3/625 1074/3/625 1078/3/627 1079/3/627
f 1081/3/628 1080/3/628 1076/3/626 1077/3/626
f 1079/3/627 1078/3/627 1082/3/629 1083/3/629
f 1085/3/630 1084/3/630 1080/3/628 1081/3/628
f 1083/3/629 1082/3/629 1086/3/631 1087/3/631
f 1089/3/632 1088/3/632 1084/3/630 1085/3/630
f 1087/3/631 1086/3/631 1090/3/633 1091/3/633
f 1093/3/634 1092/3/634 1088/3/632 1089/3/632
f 1091/3/633 1090/3/633 1094/3/635 1095/3/635
f 1097/3/636 1096/3/636 1092/3/634 1093/3/634
f 1095/3/635 1094/3/635 1098/3/637 1099/3/637
f 1101/3/638 1100/3/638 1096/3/636 1097/3/636
f 1099/3/637 1098/3/637 1102/3/639 1103/3/639
f 1105/3/640 1104/3/640 1100/3/638 1101/3/638
f 1103/3/639 1102/3/639 1058/3/617 1059/3/617
f 1061/3/620 1060/3/620 1104/3/640 1105/3/640
f 1058/3/349 1102/3/349 1098/3/349 1094/3/349 1090/3/349 1086/3/349 1082/3/349 1078/3/349 1074/3/349 1070/3/349 1066/3/349 1062/3/349
f 1151/3/641 1153/3/641 1109/3/642 1107/3/642
f 1115/3/643 1117/3/643 1121/3/644 1119/3/644
f 1119/3/644 1121/3/644 1125/3/645 1123/3/645
f 1123/3/645 1125/3/645 1129/3/646 1127/3/646
f 1127/3/646 1129/3/646 1133/3/647 1131/3/647
f 1131/3/647 1133/3/647 1137/3/648 1135/3/648
f 1135/3/648 1137/3/648 1141/3/649 1139/3/649
f 1139/3/649 1141/3/649 1145/3/650 1143/3/650
f 1143/3/650 1145/3/650 1149/3/651 1147/3/651
f 1147/3/651 1149/3/651 1153/3/641 1151/3/641
f 1111/3/652 1113/3/652 1117/3/643 1115/3/643
f 1112/3/349 1108/3/349 1152/3/349 1148/3/349 1144/3/349 1140/3/349 1136/3/349 1132/3/349 1128/3/349 1124/3/349 1120/3/349 1116/3/349
f 1107/3/642 1109/3/642 1113/3/652 1111/3/652
f 1107/3/653 1111/3/654 1110/3/654 1106/3/653
f 1113/3/655 1109/3/656 1108/3/656 1112/3/655
f 1111/3/654 1115/3/657 1114/3/657 1110/3/654
f 1117/3/658 1113/3/655 1112/3/655 1116/3/658
f 1115/3/657 1119/3/659 1118/3/659 1114/3/657
f 1121/3/660 1117/3/658 1116/3/658 1120/3/660
f 1119/3/659 1123/3/661 1122/3/661 1118/3/659
f 1125/3/662 1121/3/660 1120/3/660 1124/3/662
f 1123/3/661 1127/3/663 1126/3/663 1122/3/661
f 1129/3/664 1125/3/662 1124/3/662 1128/3/664
f 1127/3/663 1131/3/665 1130/3/665 1126/3/663
f 1133/3/666 1129/3/664 1128/3/664 1132/3/666
f 1131/3/665 1135/3/667 1134/3/667 1130/3/665
f 1137/3/668 1133/3/666 1132/3/666 1136/3/668
f 1135/3/667 1139/3/669 1138/3/669 1134/3/667
f 1141/3/670 1137/3/668 1136/3/668 1140/3/670
f 1139/3/669 1143/3/671 1142/3/671 1138/3/669
f 1145/3/672 1141/3/670 1140/3/670 1144/3/672
f 1143/3/671 1147/3/673 1146/3/673 1142/3/671
f 1149/3/674 1145/3/672 1144/3/672 1148/3/674
f 1147/3/673 1151/3/675 1150/3/675 1146/3/673
f 1153/3/676 1149/3/674 1148/3/674 1152/3/676
f 1151/3/675 1107/3/653 1106/3/653 1150/3/675
f 1109/3/656 1153/3/676 1152/3/676 1108/3/656
f 1106/3/374 1110/3/374 1114/3/374 1118/3/374 1122/3/374 1126/3/374 1130/3/374 1134/3/374 1138/3/374 1142/3/374 1146/3/374 1150/3/374
f 1199/3/677 1201/3/677 1157/3/678 1155/3/678
f 1163/3/679 1165/3/679 1169/3/680 1167/3/680
f 1167/3/680 1169/3/680 1173/3/681 1171/3/681
f 1171/3/681 1173/3/681 1177/3/682 1175/3/682
f 1175/3/682 1177/3/682 1181/3/683 1179/3/683
f 1179/3/683 1181/3/683 1185/3/684 1183/3/684
f 1183/3/684 1185/3/684 1189/3/685 1187/3/685
f 1187/3/685 1189/3/685 1193/3/686 1191/3/686
f 1191/3/686 1193/3/686 1197/3/687 1195/3/687
f 1195/3/687 1197/3/687 1201/3/677 1199/3/677
f 1159/3/688 1161/3/688 1165/3/679 1163/3/679
f 1160/3/349 1156/3/349 1200/3/349 1196/3/349 1192/3/349 1188/3/349 1184/3/349 1180/3/349 1176/3/349 1172/3/349 1168/3/349 1164/3/349
f 1155/3/678 1157/3/678 1161/3/688 1159/3/688
f 1155/3/689 1159/3/690 1158/3/690 1154/3/689
f 1161/3/691 1157/3/692 1156/3/692 1160/3/691
f 1159/3/690 1163/3/693 1162/3/693 1158/3/690
f 1165/3/694 1161/3/691 1160/3/691 1164/3/694
f 1163/3/693 1167/3/695 1166/3/695 1162/3/693
f 1169/3/696 1165/3/694 1164/3/694 1168/3/696
f 1167/3/695 1171/3/697 1170/3/697 1166/3/695
f 1173/3/698 1169/3/696 1168/3/696 1172/3/698
f 1171/3/697 1175/3/699 1174/3/699 1170/3/697
f 1177/3/700 1173/3/698 1172/3/698 1176/3/700
f 1175/3/699 1179/3/701 1178/3/701 1174/3/699
f 1181/3/702 1177/3/700 1176/3/700 1180/3/702
f 1179/3/701 1183/3/703 1182/3/703 1178/3/701
f 1185/3/704 1181/3/702 1180/3/702 1184/3/704
f 1183/3/703 1187/3/705 1186/3/706 1182/3/703
f 1189/3/707 1185/3/704 1184/3/704 1188/3/707
f 1187/3/705 1191/3/708 1190/3/708 1186/3/706
f 1193/3/709 1189/3/707 1188/3/707 1192/3/709
f 1191/3/708 1195/3/710 1194/3/710 1190/3/708
f 1197/3/711 1193/3/709 1192/3/709 1196/3/711
f 1195/3/710 1199/3/712 1198/3/712 1194/3/710
f 1201/3/713 1197/3/711 1196/3/711 1200/3/713
f 1199/3/712 1155/3/689 1154/3/689 1198/3/712
f 1157/3/692 1201/3/713 1200/3/713 1156/3/692
f 1154/3/374 1158/3/374 1162/3/374 1166/3/374 1170/3/374 1174/3/374 1178/3/374 1182/3/374 1186/3/374 1190/3/374 1194/3/374 1198/3/374
f 1247/3/677 1249/3/677 1205/3/678 1203/3/678
f 1211/3/679 1213/3/679 1217/3/680 1215/3/680
f 1215/3/680 1217/3/680 1221/3/681 1219/3/681
f 1219/3/681 1221/3/681 1225/3/682 1223/3/682
f 1223/3/682 1225/3/682 1229/3/683 1227/3/683
f 1227/3/683 1229/3/683 1233/3/714 1231/3/714
f 1231/3/714 1233/3/714 1237/3/685 1235/3/685
f 1235/3/685 1237/3/685 1241/3/686 1239/3/686
f 1239/3/686 1241/3/686 1245/3/687 1243/3/687
f 1243/3/687 1245/3/687 1249/3/677 1247/3/677
f 1207/3/688 1209/3/688 1213/3/679 1211/3/679
f 1208/3/349 1204/3/349 1248/3/349 1244/3/349 1240/3/349 1236/3/349 1232/3/349 1228/3/349 1224/3/349 1220/3/349 1216/3/349 1212/3/349
f 1203/3/678 1205/3/678 1209/3/688 1207/3/688
f 1203/3/689 1207/3/690 1206/3/690 1202/3/689
f 1209/3/715 1205/3/692 1204/3/692 1208/3/715
f 1207/3/690 1211/3/693 1210/3/693 1206/3/690
f 1213/3/694 1209/3/715 1208/3/715 1212/3/694
f 1211/3/693 1215/3/695 1214/3/695 1210/3/693
f 1217/3/696 1213/3/694 1212/3/694 1216/3/696
f 1215/3/695 1219/3/697 1218/3/697 1214/3/695
f 1221/3/698 1217/3/696 1216/3/696 1220/3/698
f 1219/3/697 1223/3/699 1222/3/699 1218/3/697
f 1225/3/700 1221/3/698 1220/3/698 1224/3/700
f 1223/3/699 1227/3/701 1226/3/701 1222/3/699
f 1229/3/702 1225/3/700 1224/3/700 1228/3/702
f 1227/3/701 1231/3/703 1230/3/703 1226/3/701
f 1233/3/704 1229/3/702 1228/3/702 1232/3/704
f 1231/3/703 1235/3/705 1234/3/705 1230/3/703
f 1237/3/716 1233/3/704 1232/3/704 1236/3/707
f 1235/3/705 1239/3/708 1238/3/708 1234/3/705
f 1241/3/709 1237/3/716 1236/3/707 1240/3/709
f 1239/3/708 1243/3/710 1242/3/710 1238/3/708
f 1245/3/711 1241/3/709 1240/3/709 1244/3/711
f 1243/3/710 1247/3/712 1246/3/712 1242/3/710
f 1249/3/717 1245/3/711 1244/3/711 1248/3/713
f 1247/3/712 1203/3/689 1202/3/689 1246/3/712
f 1205/3/692 1249/3/717 1248/3/713 1204/3/692
f 1202/3/374 1206/3/374 1210/3/374 1214/3/374 1218/3/374 1222/3/374 1226/3/374 1230/3/374 1234/3/374 1238/3/374 1242/3/374 1246/3/374
f 1295/3/677 1297/3/677 1253/3/678 1251/3/678
f 1259/3/679 1261/3/679 1265/3/680 1263/3/680
f 1263/3/680 1265/3/680 1269/3/681 1267/3/681
f 1267/3/681 1269/3/681 1273/3/682 1271/3/682
f 1271/3/682 1273/3/682 1277/3/683 1275/3/683
f 1275/3/683 1277/3/683 1281/3/684 1279/3/684
f 1279/3/684 1281/3/684 1285/3/685 1283/3/685
f 1283/3/685 1285/3/685 1289/3/686 1287/3/686
f 1287/3/686 1289/3/686 1293/3/687 1291/3/687
f 1291/3/687 1293/3/687 1297/3/677 1295/3/677
f 1255/3/688 1257/3/688 1261/3/679 1259/3/679
f 1256/3/349 1252/3/349 1296/3/349 1292/3/349 1288/3/349 1284/3/349 1280/3/349 1276/3/349 1272/3/349 1268/3/349 1264/3/349 1260/3/349
f 1251/3/678 1253/3/678 1257/3/688 1255/3/688
f 1251/3/689 1255/3/690 1254/3/690 1250/3/689
f 1257/3/715 1253/3/692 1252/3/692 1256/3/715
f 1255/3/690 1259/3/693 1258/3/693 1254/3/690
f 1261/3/694 1257/3/715 1256/3/715 1260/3/694
f 1259/3/693 1263/3/695 1262/3/695 1258/3/693
f 1265/3/696 1261/3/694 1260/3/694 1264/3/696
f 1263/3/695 1267/3/697 1266/3/697 1262/3/695
f 1269/3/698 1265/3/696 1264/3/696 1268/3/698
f 1267/3/697 1271/3/699 1270/3/699 1266/3/697
f 1273/3/700 1269/3/698 1268/3/698 1272/3/700
f 1271/3/699 1275/3/701 1274/3/701 1270/3/699
f 1277/3/702 1273/3/700 1272/3/700 1276/3/702
f 1275/3/701 1279/3/703 1278/3/703 1274/3/701
f 1281/3/704 1277/3/702 1276/3/702 1280/3/704
f 1279/3/703 1283/3/705 1282/3/705 1278/3/703
f 1285/3/716 1281/3/704 1280/3/704 1284/3/716
f 1283/3/705 1287/3/708 1286/3/708 1282/3/705
f 1289/3/709 1285/3/716 1284/3/716 1288/3/709
f 1287/3/708 1291/3/710 1290/3/710 1286/3/708
f 1293/3/711 1289/3/709 1288/3/709 1292/3/711
f 1291/3/710 1295/3/712 1294/3/712 1290/3/710
f 1297/3/713 1293/3/711 1292/3/711 1296/3/713
f 1295/3/712 1251/3/689 1250/3/689 1294/3/712
f 1253/3/692 1297/3/713 1296/3/713 1252/3/692
f 1250/3/374 1254/3/374 1258/3/374 1262/3/374 1266/3/374 1270/3/374 1274/3/374 1278/3/374 1282/3/374 1286/3/374 1290/3/374 1294/3/374
f 1343/3/718 1345/3/718 1301/3/719 1299/3/719
f 1307/3/720 1309/3/720 1313/3/721 1311/3/721
f 1311/3/721 1313/3/721 1317/3/722 1315/3/722
f 1315/3/722 1317/3/722 1321/3/723 1319/3/723
f 1319/3/723 1321/3/723 1325/3/724 1323/3/724
f 1323/3/724 1325/3/724 1329/3/725 1327/3/725
f 1327/3/725 1329/3/725 1333/3/726 1331/3/726
f 1331/3/726 1333/3/726 1337/3/727 1335/3/727
f 1335/3/727 1337/3/727 1341/3/728 1339/3/728
f 1339/3/728 1341/3/728 1345/3/718 1343/3/718
f 1303/3/729 1305/3/729 1309/3/720 1307/3/720
f 1304/3/349 1300/3/349 1344/3/349 1340/3/349 1336/3/349 1332/3/349 1328/3/349 1324/3/349 1320/3/349 1316/3/349 1312/3/349 1308/3/349
f 1299/3/719 1301/3/719 1305/3/729 1303/3/729
f 1299/3/730 1303/3/731 1302/3/731 1298/3/730
f 1305/3/732 1301/3/733 1300/3/733 1304/3/732
f 1303/3/731 1307/3/734 1306/3/734 1302/3/731
f 1309/3/735 1305/3/732 1304/3/732 1308/3/735
f 1307/3/734 1311/3/736 1310/3/736 1306/3/734
f 1313/3/737 1309/3/735 1308/3/735 1312/3/738
f 1311/3/736 1315/3/739 1314/3/739 1310/3/736
f 1317/3/740 1313/3/737 1312/3/738 1316/3/740
f 1315/3/739 1319/3/741 1318/3/741 1314/3/739
f 1321/3/742 1317/3/740 1316/3/740 1320/3/742
f 1319/3/741 1323/3/743 1322/3/743 1318/3/741
f 1325/3/744 1321/3/742 1320/3/742 1324/3/744
f 1323/3/743 1327/3/745 1326/3/745 1322/3/743
f 1329/3/746 1325/3/744 1324/3/744 1328/3/746
f 1327/3/745 1331/3/747 1330/3/747 1326/3/745
f 1333/3/748 1329/3/746 1328/3/746 1332/3/748
f 1331/3/747 1335/3/749 1334/3/749 1330/3/747
f 1337/3/750 1333/3/748 1332/3/748 1336/3/750
f 1335/3/749 1339/3/751 1338/3/751 1334/3/749
f 1341/3/752 1337/3/750 1336/3/750 1340/3/752
f 1339/3/751 1343/3/753 1342/3/753 1338/3/751
f 1345/3/754 1341/3/752 1340/3/752 1344/3/754
f 1343/3/753 1299/3/730 1298/3/730 1342/3/753
f 1301/3/733 1345/3/754 1344/3/754 1300/3/733
f 1298/3/374 1302/3/374 1306/3/374 1310/3/374 1314/3/374 1318/3/374 1322/3/374 1326/3/374 1330/3/374 1334/3/374 1338/3/374 1342/3/374
f 1391/3/718 1393/3/718 1349/3/719 1347/3/719
f 1355/3/720 1357/3/720 1361/3/721 1359/3/721
f 1359/3/721 1361/3/721 1365/3/722 1363/3/722
f 1363/3/722 1365/3/722 1369/3/723 1367/3/723
f 1367/3/723 1369/3/723 1373/3/724 1371/3/724
f 1371/3/724 1373/3/724 1377/3/725 1375/3/725
f 1375/3/725 1377/3/725 1381/3/726 1379/3/726
f 1379/3/726 1381/3/726 1385/3/727 1383/3/727
f 1383/3/727 1385/3/727 1389/3/728 1387/3/728
f 1387/3/728 1389/3/728 1393/3/718 1391/3/718
f 1351/3/729 1353/3/729 1357/3/720 1355/3/720
f 1352/3/349 1348/3/349 1392/3/349 1388/3/349 1384/3/349 1380/3/349 1376/3/349 1372/3/349 1368/3/349 1364/3/349 1360/3/349 1356/3/349
f 1347/3/719 1349/3/719 1353/3/729 1351/3/729
f 1347/3/755 1351/3/731 1350/3/731 1346/3/755
f 1353/3/732 1349/3/756 1348/3/756 1352/3/732
f 1351/3/731 1355/3/734 1354/3/734 1350/3/731
f 1357/3/735 1353/3/732 1352/3/732 1356/3/735
f 1355/3/734 1359/3/736 1358/3/736 1354/3/734
f 1361/3/738 1357/3/735 1356/3/735 1360/3/738
f 1359/3/736 1363/3/739 1362/3/739 1358/3/736
f 1365/3/740 1361/3/738 1360/3/738 1364/3/740
f 1363/3/739 1367/3/741 1366/3/741 1362/3/739
f 1369/3/742 1365/3/740 1364/3/740 1368/3/742
f 1367/3/741 1371/3/757 1370/3/757 1366/3/741
f 1373/3/744 1369/3/742 1368/3/742 1372/3/744
f 1371/3/757 1375/3/745 1374/3/745 1370/3/757
f 1377/3/746 1373/3/744 1372/3/744 1376/3/746
f 1375/3/745 1379/3/747 1378/3/747 1374/3/745
f 1381/3/748 1377/3/746 1376/3/746 1380/3/748
f 1379/3/747 1383/3/749 1382/3/749 1378/3/747
f 1385/3/750 1381/3/748 1380/3/748 1384/3/750
f 1383/3/749 1387/3/751 1386/3/751 1382/3/749
f 1389/3/752 1385/3/750 1384/3/750 1388/3/752
f 1387/3/751 1391/3/753 1390/3/753 1386/3/751
f 1393/3/754 1389/3/752 1388/3/752 1392/3/754
f 1391/3/753 1347/3/755 1346/3/755 1390/3/753
f 1349/3/756 1393/3/754 1392/3/754 1348/3/756
f 1346/3/374 1350/3/374 1354/3/374 1358/3/374 1362/3/374 1366/3/374 1370/3/374 1374/3/374 1378/3/374 1382/3/374 1386/3/374 1390/3/374
f 1439/3/718 1441/3/718 1397/3/719 1395/3/719
f 1403/3/720 1405/3/720 1409/3/721 1407/3/721
f 1407/3/721 1409/3/721 1413/3/722 1411/3/722
f 1411/3/722 1413/3/722 1417/3/723 1415/3/723
f 1415/3/723 1417/3/723 1421/3/724 1419/3/724
f 1419/3/724 1421/3/724 1425/3/725 1423/3/725
f 1423/3/725 1425/3/725 1429/3/726 1427/3/726
f 1427/3/726 1429/3/726 1433/3/727 1431/3/727
f 1431/3/727 1433/3/727 1437/3/728 1435/3/728
f 1435/3/728 1437/3/728 1441/3/718 1439/3/718
f 1399/3/729 1401/3/729 1405/3/720 1403/3/720
f 1400/3/349 1396/3/349 1440/3/349 1436/3/349 1432/3/349 1428/3/349 1424/3/349 1420/3/349 1416/3/349 1412/3/349 1408/3/349 1404/3/349
f 1395/3/719 1397/3/719 1401/3/729 1399/3/729
f 1395/3/730 1399/3/731 1398/3/731 1394/3/730
f 1401/3/732 1397/3/733 1396/3/756 1400/3/732
f 1399/3/731 1403/3/734 1402/3/734 1398/3/731
f 1405/3/735 1401/3/732 1400/3/732 1404/3/735
f 1403/3/734 1407/3/758 1406/3/736 1402/3/734
f 1409/3/738 1405/3/735 1404/3/735 1408/3/738
f 1407/3/758 1411/3/739 1410/3/739 1406/3/736
f 1413/3/740 1409/3/738 1408/3/738 1412/3/740
f 1411/3/739 1415/3/741 1414/3/741 1410/3/739
f 1417/3/742 1413/3/740 1412/3/740 1416/3/742
f 1415/3/741 1419/3/757 1418/3/757 1414/3/741
f 1421/3/744 1417/3/742 1416/3/742 1420/3/744
f 1419/3/757 1423/3/745 1422/3/745 1418/3/757
f 1425/3/746 1421/3/744 1420/3/744 1424/3/746
f 1423/3/745 1427/3/747 1426/3/747 1422/3/745
f 1429/3/748 1425/3/746 1424/3/746 1428/3/748
f 1427/3/747 1431/3/759 1430/3/759 1426/3/747
f 1433/3/750 1429/3/748 1428/3/748 1432/3/750
f 1431/3/759 1435/3/751 1434/3/751 1430/3/759
f 1437/3/752 1433/3/750 1432/3/750 1436/3/752
f 1435/3/751 1439/3/753 1438/3/753 1434/3/751
f 1441/3/754 1437/3/752 1436/3/752 1440/3/754
f 1439/3/753 1395/3/730 1394/3/730 1438/3/753
f 1397/3/733 1441/3/754 1440/3/754 1396/3/756
f 1394/3/374 1398/3/374 1402/3/374 1406/3/374 1410/3/374 1414/3/374 1418/3/374 1422/3/374 1426/3/374 1430/3/374 1434/3/374 1438/3/374
f 1487/3/760 1489/3/760 1445/3/761 1443/3/761
f 1451/3/762 1453/3/762 1457/3/763 1455/3/763
f 1455/3/763 1457/3/763 1461/3/764 1459/3/764
f 1459/3/764 1461/3/764 1465/3/765 1463/3/765
f 1463/3/765 1465/3/765 1469/3/766 1467/3/766
f 1467/3/766 1469/3/766 1473/3/767 1471/3/767
f 1471/3/767 1473/3/767 1477/3/768 1475/3/768
f 1475/3/768 1477/3/768 1481/3/769 1479/3/769
f 1479/3/769 1481/3/769 1485/3/770 1483/3/770
f 1483/3/770 1485/3/770 1489/3/760 1487/3/760
f 1447/3/771 1449/3/771 1453/3/762 1451/3/762
f 1448/3/349 1444/3/349 1488/3/349 1484/3/349 1480/3/349 1476/3/349 1472/3/349 1468/3/349 1464/3/349 1460/3/349 1456/3/349 1452/3/349
f 1443/3/761 1445/3/761 1449/3/771 1447/3/771
f 1443/3/772 1447/3/773 1446/3/773 1442/3/772
f 1449/3/774 1445/3/775 1444/3/775 1448/3/774
f 1447/3/773 1451/3/776 1450/3/776 1446/3/773
f 1453/3/777 1449/3/774 1448/3/774 1452/3/777
f 1451/3/776 1455/3/778 1454/3/778 1450/3/776
f 1457/3/779 1453/3/777 1452/3/777 1456/3/779
f 1455/3/778 1459/3/780 1458/3/780 1454/3/778
f 1461/3/781 1457/3/779 1456/3/779 1460/3/781
f 1459/3/780 1463/3/782 1462/3/782 1458/3/780
f 1465/3/783 1461/3/781 1460/3/781 1464/3/783
f 1463/3/782 1467/3/784 1466/3/784 1462/3/782
f 1469/3/785 1465/3/783 1464/3/783 1468/3/785
f 1467/3/784 1471/3/786 1470/3/786 1466/3/784
f 1473/3/787 1469/3/785 1468/3/785 1472/3/787
f 1471/3/786 1475/3/788 1474/3/788 1470/3/786
f 1477/3/789 1473/3/787 1472/3/787 1476/3/789
f 1475/3/788 1479/3/790 1478/3/790 1474/3/788
f 1481/3/791 1477/3/789 1476/3/789 1480/3/791
f 1479/3/790 1483/3/792 1482/3/792 1478/3/790
f 1485/3/793 1481/3/791 1480/3/791 1484/3/793
f 1483/3/792 1487/3/794 1486/3/794 1482/3/792
f 1489/3/795 1485/3/793 1484/3/793 1488/3/795
f 1487/3/794 1443/3/772 1442/3/772 1486/3/794
f 1445/3/775 1489/3/795 1488/3/795 1444/3/775
f 1442/3/374 1446/3/374 1450/3/374 1454/3/374 1458/3/374 1462/3/374 1466/3/374 1470/3/374 1474/3/374 1478/3/374 1482/3/374 1486/3/374
f 1535/3/796 1537/3/796 1493/3/797 1491/3/797
f 1499/3/798 1501/3/798 1505/3/799 1503/3/799
f 1503/3/799 1505/3/799 1509/3/800 1507/3/800
f 1507/3/800 1509/3/800 1513/3/801 1511/3/801
f 1511/3/801 1513/3/801 1517/3/802 1515/3/802
f 1515/3/802 1517/3/802 1521/3/803 1519/3/803
f 1519/3/803 1521/3/803 1525/3/804 1523/3/804
f 1523/3/804 1525/3/804 1529/3/805 1527/3/805
f 1527/3/805 1529/3/805 1533/3/806 1531/3/806
f 1531/3/806 1533/3/806 1537/3/796 1535/3/796
f 1495/3/807 1497/3/807 1501/3/798 1499/3/798
f 1496/3/349 1492/3/349 1536/3/349 1532/3/349 1528/3/349 1524/3/349 1520/3/349 1516/3/349 1512/3/349 1508/3/349 1504/3/349 1500/3/349
f 1491/3/797 1493/3/797 1497/3/807 1495/3/807
f 1491/3/808 1495/3/809 1494/3/809 1490/3/808
f 1497/3/810 1493/3/811 1492/3/812 1496/3/810
f 1495/3/809 1499/3/813 1498/3/813 1494/3/809
f 1501/3/814 1497/3/810 1496/3/810 1500/3/814
f 1499/3/813 1503/3/815 1502/3/815 1498/3/813
f 1505/3/816 1501/3/814 1500/3/814 1504/3/816
f 1503/3/815 1507/3/817 1506/3/817 1502/3/815
f 1509/3/818 1505/3/816 1504/3/816 1508/3/818
f 1507/3/817 1511/3/819 1510/3/819 1506/3/817
f 1513/3/820 1509/3/818 1508/3/818 1512/3/820
f 1511/3/819 1515/3/821 1514/3/821 1510/3/819
f 1517/3/822 1513/3/820 1512/3/820 1516/3/822
f 1515/3/821 1519/3/823 1518/3/823 1514/3/821
f 1521/3/824 1517/3/822 1516/3/822 1520/3/824
f 1519/3/823 1523/3/825 1522/3/825 1518/3/823
f 1525/3/826 1521/3/824 1520/3/824 1524/3/826
f 1523/3/825 1527/3/827 1526/3/827 1522/3/825
f 1529/3/828 1525/3/826 1524/3/826 1528/3/828
f 1527/3/827 1531/3/829 1530/3/829 1526/3/827
f 1533/3/830 1529/3/828 1528/3/828 1532/3/830
f 1531/3/829 1535/3/831 1534/3/832 1530/3/829
f 1537/3/833 1533/3/830 1532/3/830 1536/3/833
f 1535/3/831 1491/3/808 1490/3/808 1534/3/832
f 1493/3/811 1537/3/833 1536/3/833 1492/3/812
f 1490/3/374 1494/3/374 1498/3/374 1502/3/374 1506/3/374 1510/3/374 1514/3/374 1518/3/374 1522/3/374 1526/3/374 1530/3/374 1534/3/374
f 1583/3/796 1585/3/796 1541/3/797 1539/3/797
f 1547/3/798 1549/3/798 1553/3/799 1551/3/799
f 1551/3/799 1553/3/799 1557/3/800 1555/3/800
f 1555/3/800 1557/3/800 1561/3/801 1559/3/801
f 1559/3/801 1561/3/801 1565/3/802 1563/3/802
f 1563/3/802 1565/3/802 1569/3/803 1567/3/803
f 1567/3/803 1569/3/803 1573/3/804 1571/3/804
f 1571/3/804 1573/3/804 1577/3/805 1575/3/805
f 1575/3/805 1577/3/805 1581/3/806 1579/3/806
f 1579/3/806 1581/3/806 1585/3/796 1583/3/796
f 1543/3/807 1545/3/807 1549/3/798 1547/3/798
f 1544/3/349 1540/3/349 1584/3/349 1580/3/349 1576/3/349 1572/3/349 1568/3/349 1564/3/349 1560/3/349 1556/3/349 1552/3/349 1548/3/349
f 1539/3/797 1541/3/797 1545/3/807 1543/3/807
f 1539/3/834 1543/3/809 1542/3/809 1538/3/808
f 1545/3/810 1541/3/812 1540/3/812 1544/3/810
f 1543/3/809 1547/3/813 1546/3/835 1542/3/809
f 1549/3/836 1545/3/810 1544/3/810 1548/3/836
f 1547/3/813 1551/3/815 1550/3/815 1546/3/835
f 1553/3/837 1549/3/836 1548/3/836 1552/3/837
f 1551/3/815 1555/3/817 1554/3/817 1550/3/815
f 1557/3/818 1553/3/837 1552/3/837 1556/3/818
f 1555/3/817 1559/3/819 1558/3/838 1554/3/817
f 1561/3/839 1557/3/818 1556/3/818 1560/3/839
f 1559/3/819 1563/3/821 1562/3/821 1558/3/838
f 1565/3/840 1561/3/839 1560/3/839 1564/3/840
f 1563/3/821 1567/3/823 1566/3/823 1562/3/821
f 1569/3/824 1565/3/840 1564/3/840 1568/3/824
f 1567/3/823 1571/3/825 1570/3/825 1566/3/823
f 1573/3/826 1569/3/824 1568/3/824 1572/3/826
f 1571/3/825 1575/3/827 1574/3/827 1570/3/825
f 1577/3/828 1573/3/826 1572/3/826 1576/3/828
f 1575/3/827 1579/3/829 1578/3/841 1574/3/827
f 1581/3/842 1577/3/828 1576/3/828 1580/3/842
f 1579/3/829 1583/3/832 1582/3/832 1578/3/841
f 1585/3/833 1581/3/842 1580/3/842 1584/3/833
f 1583/3/832 1539/3/834 1538/3/808 1582/3/832
f 1541/3/812 1585/3/833 1584/3/833 1540/3/812
f 1538/3/374 1542/3/374 1546/3/374 1550/3/374 1554/3/374 1558/3/374 1562/3/374 1566/3/374 1570/3/374 1574/3/374 1578/3/374 1582/3/374
f 1631/3/843 1633/3/843 1589/3/844 1587/3/844
f 1595/3/845 1597/3/845 1601/3/846 1599/3/846
f 1599/3/846 1601/3/846 1605/3/847 1603/3/847
f 1603/3/847 1605/3/847 1609/3/848 1607/3/848
f 1607/3/848 1609/3/848 1613/3/849 1611/3/849
f 1611/3/849 1613/3/849 1617/3/850 1615/3/850
f 1615/3/850 1617/3/850 1621/3/851 1619/3/851
f 1619/3/851 1621/3/851 1625/3/852 1623/3/852
f 1623/3/852 1625/3/852 1629/3/853 1627/3/853
f 1627/3/853 1629/3/853 1633/3/843 1631/3/843
f 1591/3/854 1593/3/854 1597/3/845 1595/3/845
f 1592/3/349 1588/3/349 1632/3/349 1628/3/349 1624/3/349 1620/3/349 1616/3/349 1612/3/349 1608/3/349 1604/3/349 1600/3/349 1596/3/349
f 1587/3/844 1589/3/844 1593/3/854 1591/3/854
f 1587/3/855 1591/3/856 1590/3/856 1586/3/855
f 1593/3/857 1589/3/858 1588/3/858 1592/3/857
f 1591/3/856 1595/3/859 1594/3/859 1590/3/856
f 1597/3/860 1593/3/857 1592/3/857 1596/3/860
f 1595/3/859 1599/3/861 1598/3/861 1594/3/859
f 1601/3/862 1597/3/860 1596/3/860 1600/3/862
f 1599/3/861 1603/3/863 1602/3/863 1598/3/861
f 1605/3/864 1601/3/862 1600/3/862 1604/3/865
f 1603/3/863 1607/3/866 1606/3/866 1602/3/863
f 1609/3/867 1605/3/864 1604/3/865 1608/3/867
f 1607/3/866 1611/3/868 1610/3/868 1606/3/866
f 1613/3/869 1609/3/867 1608/3/867 1612/3/869
f 1611/3/868 1615/3/870 1614/3/871 1610/3/868
f 1617/3/872 1613/3/869 1612/3/869 1616/3/873
f 1615/3/870 1619/3/874 1618/3/874 1614/3/871
f 1621/3/875 1617/3/872 1616/3/873 1620/3/875
f 1619/3/874 1623/3/876 1622/3/876 1618/3/874
f 1625/3/877 1621/3/875 1620/3/875 1624/3/877
f 1623/3/876 1627/3/878 1626/3/878 1622/3/876
f 1629/3/879 1625/3/877 1624/3/877 1628/3/879
f 1627/3/878 1631/3/880 1630/3/880 1626/3/878
f 1633/3/881 1629/3/879 1628/3/879 1632/3/881
f 1631/3/880 1587/3/855 1586/3/855 1630/3/880
f 1589/3/858 1633/3/881 1632/3/881 1588/3/858
f 1586/3/374 1590/3/374 1594/3/374 1598/3/374 1602/3/374 1606/3/374 1610/3/374 1614/3/374 1618/3/374 1622/3/374 1626/3/374 1630/3/374
f 1679/3/843 1681/3/843 1637/3/844 1635/3/844
f 1643/3/845 1645/3/845 1649/3/846 1647/3/846
f 1647/3/846 1649/3/846 1653/3/847 1651/3/847
f 1651/3/847 1653/3/847 1657/3/848 1655/3/848
f 1655/3/848 1657/3/848 1661/3/849 1659/3/849
f 1659/3/849 1661/3/849 1665/3/850 1663/3/850
f 1663/3/850 1665/3/850 1669/3/851 1667/3/851
f 1667/3/851 1669/3/851 1673/3/852 1671/3/852
f 1671/3/852 1673/3/852 1677/3/853 1675/3/853
f 1675/3/853 1677/3/853 1681/3/843 1679/3/843
f 1639/3/854 1641/3/854 1645/3/845 1643/3/845
f 1640/3/349 1636/3/349 1680/3/349 1676/3/349 1672/3/349 1668/3/349 1664/3/349 1660/3/349 1656/3/349 1652/3/349 1648/3/349 1644/3/349
f 1635/3/844 1637/3/844 1641/3/854 1639/3/854
f 1635/3/855 1639/3/856 1638/3/856 1634/3/855
f 1641/3/857 1637/3/858 1636/3/858 1640/3/857
f 1639/3/856 1643/3/859 1642/3/859 1638/3/856
f 1645/3/860 1641/3/857 1640/3/857 1644/3/860
f 1643/3/859 1647/3/861 1646/3/861 1642/3/859
f 1649/3/862 1645/3/860 1644/3/860 1648/3/862
f 1647/3/861 1651/3/882 1650/3/882 1646/3/861
f 1653/3/865 1649/3/862 1648/3/862 1652/3/865
f 1651/3/882 1655/3/866 1654/3/866 1650/3/882
f 1657/3/867 1653/3/865 1652/3/865 1656/3/867
f 1655/3/866 1659/3/868 1658/3/868 1654/3/866
f 1661/3/869 1657/3/867 1656/3/867 1660/3/869
f 1659/3/868 1663/3/870 1662/3/871 1658/3/868
f 1665/3/872 1661/3/869 1660/3/869 1664/3/873
f 1663/3/870 1667/3/874 1666/3/874 1662/3/871
f 1669/3/875 1665/3/872 1664/3/873 1668/3/875
f 1667/3/874 1671/3/876 1670/3/876 1666/3/874
f 1673/3/877 1669/3/875 1668/3/875 1672/3/877
f 1671/3/876 1675/3/878 1674/3/878 1670/3/876
f 1677/3/883 1673/3/877 1672/3/877 1676/3/879
f 1675/3/878 1679/3/880 1678/3/880 1674/3/878
f 1681/3/881 1677/3/883 1676/3/879 1680/3/881
f 1679/3/880 1635/3/855 1634/3/855 1678/3/880
f 1637/3/858 1681/3/881 1680/3/881 1636/3/858
f 1634/3/374 1638/3/374 1642/3/374 1646/3/374 1650/3/374 1654/3/374 1658/3/374 1662/3/374 1666/3/374 1670/3/374 1674/3/374 1678/3/374
f 1727/3/843 1729/3/843 1685/3/844 1683/3/844
f 1691/3/845 1693/3/845 1697/3/846 1695/3/846
f 1695/3/846 1697/3/846 1701/3/847 1699/3/847
f 1699/3/847 1701/3/847 1705/3/848 1703/3/848
f 1703/3/848 1705/3/848 1709/3/849 1707/3/849
f 1707/3/849 1709/3/849 1713/3/850 1711/3/850
f 1711/3/850 1713/3/850 1717/3/851 1715/3/851
f 1715/3/851 1717/3/851 1721/3/852 1719/3/852
f 1719/3/852 1721/3/852 1725/3/853 1723/3/853
f 1723/3/853 1725/3/853 1729/3/843 1727/3/843
f 1687/3/854 1689/3/854 1693/3/845 1691/3/845
f 1688/3/349 1684/3/349 1728/3/349 1724/3/349 1720/3/349 1716/3/349 1712/3/349 1708/3/349 1704/3/349 1700/3/349 1696/3/349 1692/3/349
f 1683/3/844 1685/3/844 1689/3/854 1687/3/854
f 1683/3/855 1687/3/884 1686/3/856 1682/3/855
f 1689/3/885 1685/3/858 1684/3/858 1688/3/857
f 1687/3/884 1691/3/859 1690/3/859 1686/3/856
f 1693/3/860 1689/3/885 1688/3/857 1692/3/860
f 1691/3/859 1695/3/861 1694/3/861 1690/3/859
f 1697/3/862 1693/3/860 1692/3/860 1696/3/862
f 1695/3/861 1699/3/882 1698/3/882 1694/3/861
f 1701/3/865 1697/3/862 1696/3/862 1700/3/865
f 1699/3/882 1703/3/866 1702/3/866 1698/3/882
f 1705/3/867 1701/3/865 1700/3/865 1704/3/867
f 1703/3/866 1707/3/868 1706/3/868 1702/3/866
f 1709/3/869 1705/3/867 1704/3/867 1708/3/869
f 1707/3/868 1711/3/870 1710/3/871 1706/3/868
f 1713/3/872 1709/3/869 1708/3/869 1712/3/873
f 1711/3/870 1715/3/874 1714/3/874 1710/3/871
f 1717/3/875 1713/3/872 1712/3/873 1716/3/875
f 1715/3/874 1719/3/876 1718/3/876 1714/3/874
f 1721/3/877 1717/3/875 1716/3/875 1720/3/877
f 1719/3/876 1723/3/886 1722/3/886 1718/3/876
f 1725/3/883 1721/3/877 1720/3/877 1724/3/883
f 1723/3/886 1727/3/880 1726/3/880 1722/3/886
f 1729/3/881 1725/3/883 1724/3/883 1728/3/881
f 1727/3/880 1683/3/855 1682/3/855 1726/3/880
f 1685/3/858 1729/3/881 1728/3/881 1684/3/858
f 1682/3/374 1686/3/374 1690/3/374 1694/3/374 1698/3/374 1702/3/374 1706/3/374 1710/3/374 1714/3/374 1718/3/374 1722/3/374 1726/3/374
f 1775/3/887 1777/3/887 1733/3/888 1731/3/888
f 1739/3/889 1741/3/889 1745/3/890 1743/3/890
f 1743/3/890 1745/3/890 1749/3/891 1747/3/891
f 1747/3/891 1749/3/891 1753/3/892 1751/3/892
f 1751/3/892 1753/3/892 1757/3/893 1755/3/893
f 1755/3/893 1757/3/893 1761/3/894 1759/3/894
f 1759/3/894 1761/3/894 1765/3/895 1763/3/895
f 1763/3/895 1765/3/895 1769/3/896 1767/3/896
f 1767/3/896 1769/3/896 1773/3/897 1771/3/897
f 1771/3/897 1773/3/897 1777/3/887 1775/3/887
f 1735/3/898 1737/3/898 1741/3/889 1739/3/889
f 1736/3/349 1732/3/349 1776/3/349 1772/3/349 1768/3/349 1764/3/349 1760/3/349 1756/3/349 1752/3/349 1748/3/349 1744/3/349 1740/3/349
f 1731/3/888 1733/3/888 1737/3/898 1735/3/898
f 1731/3/899 1735/3/900 1734/3/900 1730/3/899
f 1737/3/901 1733/3/902 1732/3/902 1736/3/901
f 1735/3/900 1739/3/903 1738/3/903 1734/3/900
f 1741/3/904 1737/3/901 1736/3/901 1740/3/904
f 1739/3/903 1743/3/905 1742/3/905 1738/3/903
f 1745/3/906 1741/3/904 1740/3/904 1744/3/906
f 1743/3/905 1747/3/907 1746/3/907 1742/3/905
f 1749/3/908 1745/3/906 1744/3/906 1748/3/908
f 1747/3/907 1751/3/909 1750/3/909 1746/3/907
f 1753/3/910 1749/3/908 1748/3/908 1752/3/910
f 1751/3/909 1755/3/911 1754/3/911 1750/3/909
f 1757/3/912 1753/3/910 1752/3/910 1756/3/912
f 1755/3/911 1759/3/913 1758/3/913 1754/3/911
f 1761/3/914 1757/3/912 1756/3/912 1760/3/914
f 1759/3/913 1763/3/915 1762/3/915 1758/3/913
f 1765/3/916 1761/3/914 1760/3/914 1764/3/916
f 1763/3/915 1767/3/917 1766/3/917 1762/3/915
f 1769/3/918 1765/3/916 1764/3/916 1768/3/918
f 1767/3/917 1771/3/919 1770/3/919 1766/3/917
f 1773/3/920 1769/3/918 1768/3/918 1772/3/920
f 1771/3/919 1775/3/921 1774/3/921 1770/3/919
f 1777/3/922 1773/3/920 1772/3/920 1776/3/922
f 1775/3/921 1731/3/899 1730/3/899 1774/3/921
f 1733/3/902 1777/3/922 1776/3/922 1732/3/902
f 1730/3/374 1734/3/374 1738/3/374 1742/3/374 1746/3/374 1750/3/374 1754/3/374 1758/3/374 1762/3/374 1766/3/374 1770/3/374 1774/3/374
f 1823/3/923 1825/3/923 1781/3/924 1779/3/924
f 1787/3/925 1789/3/925 1793/3/926 1791/3/926
f 1791/3/926 1793/3/926 1797/3/927 1795/3/927
f 1795/3/927 1797/3/927 1801/3/928 1799/3/928
f 1799/3/928 1801/3/928 1805/3/929 1803/3/929
f 1803/3/929 1805/3/929 1809/3/930 1807/3/930
f 1807/3/930 1809/3/930 1813/3/931 1811/3/931
f 1811/3/931 1813/3/931 1817/3/932 1815/3/932
f 1815/3/932 1817/3/932 1821/3/933 1819/3/933
f 1819/3/933 1821/3/933 1825/3/923 1823/3/923
f 1783/3/934 1785/3/934 1789/3/925 1787/3/925
f 1784/3/349 1780/3/349 1824/3/349 1820/3/349 1816/3/349 1812/3/349 1808/3/349 1804/3/349 1800/3/349 1796/3/349 1792/3/349 1788/3/349
f 1779/3/924 1781/3/924 1785/3/934 1783/3/934
f 1779/3/935 1783/3/936 1782/3/936 1778/3/935
f 1785/3/937 1781/3/938 1780/3/938 1784/3/937
f 1783/3/936 1787/3/939 1786/3/939 1782/3/936
f 1789/3/940 1785/3/937 1784/3/937 1788/3/940
f 1787/3/939 1791/3/941 1790/3/941 1786/3/939
f 1793/3/942 1789/3/940 1788/3/940 1792/3/942
f 1791/3/941 1795/3/943 1794/3/943 1790/3/941
f 1797/3/944 1793/3/942 1792/3/942 1796/3/944
f 1795/3/943 1799/3/945 1798/3/945 1794/3/943
f 1801/3/946 1797/3/944 1796/3/944 1800/3/946
f 1799/3/945 1803/3/947 1802/3/947 1798/3/945
f 1805/3/948 1801/3/946 1800/3/946 1804/3/948
f 1803/3/947 1807/3/949 1806/3/949 1802/3/947
f 1809/3/950 1805/3/948 1804/3/948 1808/3/950
f 1807/3/949 1811/3/951 1810/3/951 1806/3/949
f 1813/3/952 1809/3/950 1808/3/950 1812/3/952
f 1811/3/951 1815/3/953 1814/3/953 1810/3/951
f 1817/3/954 1813/3/952 1812/3/952 1816/3/954
f 1815/3/953 1819/3/955 1818/3/955 1814/3/953
f 1821/3/956 1817/3/954 1816/3/954 1820/3/956
f 1819/3/955 1823/3/957 1822/3/957 1818/3/955
f 1825/3/958 1821/3/956 1820/3/956 1824/3/958
f 1823/3/957 1779/3/935 1778/3/935 1822/3/957
f 1781/3/938 1825/3/958 1824/3/958 1780/3/938
f 1778/3/374 1782/3/374 1786/3/374 1790/3/374 1794/3/374 1798/3/374 1802/3/374 1806/3/374 1810/3/374 1814/3/374 1818/3/374 1822/3/374
f 1871/3/923 1873/3/923 1829/3/924 1827/3/924
f 1835/3/925 1837/3/925 1841/3/926 1839/3/926
f 1839/3/926 1841/3/926 1845/3/927 1843/3/927
f 1843/3/927 1845/3/927 1849/3/928 1847/3/928
f 1847/3/928 1849/3/928 1853/3/929 1851/3/929
f 1851/3/929 1853/3/929 1857/3/930 1855/3/930
f 1855/3/930 1857/3/930 1861/3/931 1859/3/931
f 1859/3/931 1861/3/931 1865/3/932 1863/3/932
f 1863/3/932 1865/3/932 1869/3/933 1867/3/933
f 1867/3/933 1869/3/933 1873/3/923 1871/3/923
f 1831/3/934 1833/3/934 1837/3/925 1835/3/925
f 1832/3/349 1828/3/349 1872/3/349 1868/3/349 1864/3/349 1860/3/349 1856/3/349 1852/3/349 1848/3/349 1844/3/349 1840/3/349 1836/3/349
f 1827/3/924 1829/3/924 1833/3/934 1831/3/934
f 1827/3/935 1831/3/936 1830/3/936 1826/3/935
f 1833/3/937 1829/3/938 1828/3/938 1832/3/937
f 1831/3/936 1835/3/939 1834/3/939 1830/3/936
f 1837/3/940 1833/3/937 1832/3/937 1836/3/940
f 1835/3/939 1839/3/941 1838/3/941 1834/3/939
f 1841/3/942 1837/3/940 1836/3/940 1840/3/942
f 1839/3/941 1843/3/943 1842/3/943 1838/3/941
f 1845/3/944 1841/3/942 1840/3/942 1844/3/944
f 1843/3/943 1847/3/945 1846/3/945 1842/3/943
f 1849/3/946 1845/3/944 1844/3/944 1848/3/946
f 1847/3/945 1851/3/947 1850/3/947 1846/3/945
f 1853/3/948 1849/3/946 1848/3/946 1852/3/948
f 1851/3/947 1855/3/949 1854/3/949 1850/3/947
f 1857/3/950 1853/3/948 1852/3/948 1856/3/950
f 1855/3/949 1859/3/951 1858/3/951 1854/3/949
f 1861/3/952 1857/3/950 1856/3/950 1860/3/952
f 1859/3/951 1863/3/953 1862/3/953 1858/3/951
f 1865/3/959 1861/3/952 1860/3/952 1864/3/954
f 1863/3/953 1867/3/955 1866/3/955 1862/3/953
f 1869/3/960 1865/3/959 1864/3/954 1868/3/960
f 1867/3/955 1871/3/957 1870/3/957 1866/3/955
f 1873/3/958 1869/3/960 1868/3/960 1872/3/958
f 1871/3/957 1827/3/935 1826/3/935 1870/3/957
f 1829/3/938 1873/3/958 1872/3/958 1828/3/938
f 1826/3/374 1830/3/374 1834/3/374 1838/3/374 1842/3/374 1846/3/374 1850/3/374 1854/3/374 1858/3/374 1862/3/374 1866/3/374 1870/3/374
f 1880/3/961 1876/3/962 1877/3/962 1881/3/961
f 1896/3/963 1892/3/964 1893/3/964 1897/3/963
f 1898/3/965 1902/3/966 1903/3/966 1899/3/965
f 1908/3/967 1904/3/968 1905/3/968 1909/3/967
f 1910/3/969 1914/3/970 1915/3/970 1911/3/969
f 1920/3/971 1916/3/972 1917/3/972 1921/3/971
f 1916/3/973 1914/3/973 1910/3/974 1912/3/974
f 1888/3/975 1886/3/975 1882/3/976 1884/3/976
f 1900/3/977 1898/3/977 1894/3/978 1896/3/978
f 1912/3/974 1910/3/974 1906/3/979 1908/3/979
f 1886/3/980 1890/3/981 1891/3/981 1887/3/980
f 1882/3/982 1886/3/980 1887/3/980 1883/3/982
f 1874/3/983 1878/3/984 1879/3/984 1875/3/983
f 1918/3/985 1874/3/983 1875/3/983 1919/3/985
f 1884/3/986 1880/3/961 1881/3/961 1885/3/986
f 1888/3/987 1884/3/986 1885/3/986 1889/3/987
f 1892/3/964 1888/3/987 1889/3/987 1893/3/964
f 1890/3/981 1894/3/988 1895/3/988 1891/3/981
f 1894/3/988 1898/3/965 1899/3/965 1895/3/988
f 1900/3/989 1896/3/963 1897/3/963 1901/3/989
f 1904/3/968 1900/3/989 1901/3/989 1905/3/968
f 1902/3/966 1906/3/990 1907/3/990 1903/3/966
f 1906/3/990 1910/3/969 1911/3/969 1907/3/990
f 1912/3/991 1908/3/967 1909/3/967 1913/3/991
f 1916/3/972 1912/3/991 1913/3/991 1917/3/972
f 1914/3/970 1918/3/985 1919/3/985 1915/3/970
f 1920/3/992 1918/3/992 1914/3/973 1916/3/973
f 1915/3/349 1919/3/349 1875/3/349 1879/3/349 1883/3/349 1887/3/349 1891/3/349 1895/3/349 1899/3/349 1903/3/349 1907/3/349 1911/3/349
f 1880/3/993 1878/3/993 1874/3/994 1876/3/994
f 1884/3/976 1882/3/976 1878/3/993 1880/3/993
f 1892/3/995 1890/3/995 1886/3/975 1888/3/975
f 1896/3/978 1894/3/978 1890/3/995 1892/3/995
f 1904/3/996 1902/3/996 1898/3/977 1900/3/977
f 1908/3/979 1906/3/979 1902/3/996 1904/3/996
f 1876/3/994 1874/3/994 1918/3/992 1920/3/992
f 1921/3/374 1917/3/374 1913/3/374 1909/3/374 1905/3/374 1901/3/374 1897/3/374 1893/3/374 1889/3/374 1885/3/374 1881/3/374 1877/3/374
f 1878/3/984 1882/3/982 1883/3/982 1879/3/984
f 1876/3/962 1920/3/971 1921/3/971 1877/3/962
f 1967/3/997 1969/3/997 1925/3/998 1923/3/998
f 1931/3/999 1933/3/999 1937/3/1000 1935/3/1000
f 1935/3/1000 1937/3/1000 1941/3/1001 1939/3/1001
f 1939/3/1001 1941/3/1001 1945/3/1002 1943/3/1002
f 1943/3/1002 1945/3/1002 1949/3/1003 1947/3/1003
f 1947/3/1003 1949/3/1003 1953/3/1004 1951/3/1004
f 1951/3/1004 1953/3/1004 1957/3/1005 1955/3/1005
f 1955/3/1005 1957/3/1005 1961/3/1006 1959/3/1006
f 1959/3/1006 1961/3/1006 1965/3/1007 1963/3/1007
f 1963/3/1007 1965/3/1007 1969/3/997 1967/3/997
f 1927/3/1008 1929/3/1008 1933/3/999 1931/3/999
f 1928/3/349 1924/3/349 1968/3/349 1964/3/349 1960/3/349 1956/3/349 1952/3/349 1948/3/349 1944/3/349 1940/3/349 1936/3/349 1932/3/349
f 1923/3/998 1925/3/998 1929/3/1008 1927/3/1008
f 1923/3/1009 1927/3/1010 1926/3/1010 1922/3/1009
f 1929/3/1011 1925/3/1012 1924/3/1013 1928/3/1011
f 1927/3/1010 1931/3/1014 1930/3/1014 1926/3/1010
f 1933/3/1015 1929/3/1011 1928/3/1011 1932/3/1015
f 1931/3/1014 1935/3/1016 1934/3/1016 1930/3/1014
f 1937/3/1017 1933/3/1015 1932/3/1015 1936/3/1017
f 1935/3/1016 1939/3/1018 1938/3/1018 1934/3/1016
f 1941/3/1019 1937/3/1017 1936/3/1017 1940/3/1019
f 1939/3/1018 1943/3/1020 1942/3/1020 1938/3/1018
f 1945/3/1021 1941/3/1019 1940/3/1019 1944/3/1021
f 1943/3/1020 1947/3/1022 1946/3/1022 1942/3/1020
f 1949/3/1023 1945/3/1021 1944/3/1021 1948/3/1023
f 1947/3/1022 1951/3/1024 1950/3/1024 1946/3/1022
f 1953/3/1025 1949/3/1023 1948/3/1023 1952/3/1025
f 1951/3/1024 1955/3/1026 1954/3/1026 1950/3/1024
f 1957/3/1027 1953/3/1025 1952/3/1025 1956/3/1027
f 1955/3/1026 1959/3/1028 1958/3/1028 1954/3/1026
f 1961/3/1029 1957/3/1027 1956/3/1027 1960/3/1029
f 1959/3/1028 1963/3/1030 1962/3/1031 1958/3/1028
f 1965/3/1032 1961/3/1029 1960/3/1029 1964/3/1032
f 1963/3/1030 1967/3/1033 1966/3/1033 1962/3/1031
f 1969/3/1034 1965/3/1032 1964/3/1032 1968/3/1034
f 1967/3/1033 1923/3/1009 1922/3/1009 1966/3/1033
f 1925/3/1012 1969/3/1034 1968/3/1034 1924/3/1013
f 1922/3/374 1926/3/374 1930/3/374 1934/3/374 1938/3/374 1942/3/374 1946/3/374 1950/3/374 1954/3/374 1958/3/374 1962/3/374 1966/3/374
f 2015/3/997 2017/3/997 1973/3/998 1971/3/998
f 1979/3/999 1981/3/999 1985/3/1000 1983/3/1000
f 1983/3/1000 1985/3/1000 1989/3/1001 1987/3/1001
f 1987/3/1001 1989/3/1001 1993/3/1002 1991/3/1002
f 1991/3/1002 1993/3/1002 1997/3/1003 1995/3/1003
f 1995/3/1003 1997/3/1003 2001/3/1004 1999/3/1004
f 1999/3/1004 2001/3/1004 2005/3/1005 2003/3/1005
f 2003/3/1005 2005/3/1005 2009/3/1035 2007/3/1035
f 2007/3/1035 2009/3/1035 2013/3/1007 2011/3/1007
f 2011/3/1007 2013/3/1007 2017/3/997 2015/3/997
f 1975/3/1008 1977/3/1008 1981/3/999 1979/3/999
f 1976/3/349 1972/3/349 2016/3/349 2012/3/349 2008/3/349 2004/3/349 2000/3/349 1996/3/349 1992/3/349 1988/3/349 1984/3/349 1980/3/349
f 1971/3/998 1973/3/998 1977/3/1008 1975/3/1008
f 1971/3/1009 1975/3/1036 1974/3/1036 1970/3/1009
f 1977/3/1037 1973/3/1013 1972/3/1013 1976/3/1037
f 1975/3/1036 1979/3/1014 1978/3/1014 1974/3/1036
f 1981/3/1015 1977/3/1037 1976/3/1037 1980/3/1015
f 1979/3/1014 1983/3/1016 1982/3/1016 1978/3/1014
f 1985/3/1017 1981/3/1015 1980/3/1015 1984/3/1017
f 1983/3/1016 1987/3/1038 1986/3/1038 1982/3/1016
f 1989/3/1039 1985/3/1017 1984/3/1017 1988/3/1039
f 1987/3/1038 1991/3/1020 1990/3/1020 1986/3/1038
f 1993/3/1021 1989/3/1039 1988/3/1039 1992/3/1021
f 1991/3/1020 1995/3/1022 1994/3/1022 1990/3/1020
f 1997/3/1023 1993/3/1021 1992/3/1021 1996/3/1023
f 1995/3/1022 1999/3/1024 1998/3/1024 1994/3/1022
f 2001/3/1040 1997/3/1023 1996/3/1023 2000/3/1040
f 1999/3/1024 2003/3/1026 2002/3/1026 1998/3/1024
f 2005/3/1027 2001/3/1040 2000/3/1040 2004/3/1027
f 2003/3/1026 2007/3/1028 2006/3/1028 2002/3/1026
f 2009/3/1029 2005/3/1027 2004/3/1027 2008/3/1029
f 2007/3/1028 2011/3/1030 2010/3/1030 2006/3/1028
f 2013/3/1041 2009/3/1029 2008/3/1029 2012/3/1041
f 2011/3/1030 2015/3/1033 2014/3/1033 2010/3/1030
f 2017/3/1034 2013/3/1041 2012/3/1041 2016/3/1034
f 2015/3/1033 1971/3/1009 1970/3/1009 2014/3/1033
f 1973/3/1013 2017/3/1034 2016/3/1034 1972/3/1013
f 1970/3/374 1974/3/374 1978/3/374 1982/3/374 1986/3/374 1990/3/374 1994/3/374 1998/3/374 2002/3/374 2006/3/374 2010/3/374 2014/3/374
f 2063/3/997 2065/3/997 2021/3/998 2019/3/998
f 2027/3/999 2029/3/999 2033/3/1000 2031/3/1000
f 2031/3/1000 2033/3/1000 2037/3/1001 2035/3/1001
f 2035/3/1001 2037/3/1001 2041/3/1002 2039/3/1002
f 2039/3/1002 2041/3/1002 2045/3/1003 2043/3/1003
f 2043/3/1003 2045/3/1003 2049/3/1004 2047/3/1004
f 2047/3/1004 2049/3/1004 2053/3/1005 2051/3/1005
f 2051/3/1005 2053/3/1005 2057/3/1006 2055/3/1006
f 2055/3/1006 2057/3/1006 2061/3/1007 2059/3/1007
f 2059/3/1007 2061/3/1007 2065/3/997 2063/3/997
f 2023/3/1008 2025/3/1008 2029/3/999 2027/3/999
f 2024/3/349 2020/3/349 2064/3/349 2060/3/349 2056/3/349 2052/3/349 2048/3/349 2044/3/349 2040/3/349 2036/3/349 2032/3/349 2028/3/349
f 2019/3/998 2021/3/998 2025/3/1008 2023/3/1008
f 2019/3/1042 2023/3/1010 2022/3/1010 2018/3/1009
f 2025/3/1011 2021/3/1013 2020/3/1013 2024/3/1011
f 2023/3/1010 2027/3/1014 2026/3/1014 2022/3/1010
f 2029/3/1015 2025/3/1011 2024/3/1011 2028/3/1015
f 2027/3/1014 2031/3/1016 2030/3/1016 2026/3/1014
f 2033/3/1017 2029/3/1015 2028/3/1015 2032/3/1017
f 2031/3/1016 2035/3/1018 2034/3/1018 2030/3/1016
f 2037/3/1019 2033/3/1017 2032/3/1017 2036/3/1019
f 2035/3/1018 2039/3/1020 2038/3/1020 2034/3/1018
f 2041/3/1021 2037/3/1019 2036/3/1019 2040/3/1021
f 2039/3/1020 2043/3/1022 2042/3/1022 2038/3/1020
f 2045/3/1023 2041/3/1021 2040/3/1021 2044/3/1023
f 2043/3/1022 2047/3/1043 2046/3/1043 2042/3/1022
f 2049/3/1025 2045/3/1023 2044/3/1023 2048/3/1025
f 2047/3/1043 2051/3/1026 2050/3/1026 2046/3/1043
f 2053/3/1027 2049/3/1025 2048/3/1025 2052/3/1027
f 2051/3/1026 2055/3/1028 2054/3/1028 2050/3/1026
f 2057/3/1029 2053/3/1027 2052/3/1027 2056/3/1029
f 2055/3/1028 2059/3/1031 2058/3/1031 2054/3/1028
f 2061/3/1032 2057/3/1029 2056/3/1029 2060/3/1032
f 2059/3/1031 2063/3/1033 2062/3/1033 2058/3/1031
f 2065/3/1034 2061/3/1032 2060/3/1032 2064/3/1034
f 2063/3/1033 2019/3/1042 2018/3/1009 2062/3/1033
f 2021/3/1013 2065/3/1034 2064/3/1034 2020/3/1013
f 2018/3/374 2022/3/374 2026/3/374 2030/3/374 2034/3/374 2038/3/374 2042/3/374 2046/3/374 2050/3/374 2054/3/374 2058/3/374 2062/3/374
f 2111/3/1044 2113/3/1044 2069/3/1045 2067/3/1045
f 2075/3/1046 2077/3/1046 2081/3/1047 2079/3/1047
f 2079/3/1047 2081/3/1047 2085/3/1048 2083/3/1048
f 2083/3/1048 2085/3/1048 2089/3/1049 2087/3/1049
f 2087/3/1049 2089/3/1049 2093/3/1050 2091/3/1050
f 2091/3/1050 2093/3/1050 2097/3/1051 2095/3/1051
f 2095/3/1051 2097/3/1051 2101/3/1052 2099/3/1052
f 2099/3/1052 2101/3/1052 2105/3/1053 2103/3/1053
f 2103/3/1053 2105/3/1053 2109/3/1054 2107/3/1054
f 2107/3/1054 2109/3/1054 2113/3/1044 2111/3/1044
f 2071/3/1055 2073/3/1055 2077/3/1046 2075/3/1046
f 2072/3/349 2068/3/349 2112/3/349 2108/3/349 2104/3/349 2100/3/349 2096/3/349 2092/3/349 2088/3/349 2084/3/349 2080/3/349 2076/3/349
f 2067/3/1045 2069/3/1045 2073/3/1055 2071/3/1055
f 2067/3/1056 2071/3/1057 2070/3/1057 2066/3/1056
f 2073/3/1058 2069/3/1059 2068/3/1059 2072/3/1058
f 2071/3/1057 2075/3/1060 2074/3/1060 2070/3/1057
f 2077/3/1061 2073/3/1058 2072/3/1058 2076/3/1061
f 2075/3/1060 2079/3/1062 2078/3/1063 2074/3/1060
f 2081/3/1064 2077/3/1061 2076/3/1061 2080/3/1064
f 2079/3/1062 2083/3/1065 2082/3/1065 2078/3/1063
f 2085/3/1066 2081/3/1064 2080/3/1064 2084/3/1066
f 2083/3/1065 2087/3/1067 2086/3/1067 2082/3/1065
f 2089/3/1068 2085/3/1066 2084/3/1066 2088/3/1068
f 2087/3/1067 2091/3/1069 2090/3/1069 2086/3/1067
f 2093/3/1070 2089/3/1068 2088/3/1068 2092/3/1070
f 2091/3/1069 2095/3/1071 2094/3/1071 2090/3/1069
f 2097/3/1072 2093/3/1070 2092/3/1070 2096/3/1072
f 2095/3/1071 2099/3/1073 2098/3/1073 2094/3/1071
f 2101/3/1074 2097/3/1072 2096/3/1072 2100/3/1074
f 2099/3/1073 2103/3/1075 2102/3/1075 2098/3/1073
f 2105/3/1076 2101/3/1074 2100/3/1074 2104/3/1076
f 2103/3/1075 2107/3/1077 2106/3/1077 2102/3/1075
f 2109/3/1078 2105/3/1076 2104/3/1076 2108/3/1078
f 2107/3/1077 2111/3/1079 2110/3/1079 2106/3/1077
f 2113/3/1080 2109/3/1078 2108/3/1078 2112/3/1080
f 2111/3/1079 2067/3/1056 2066/3/1056 2110/3/1079
f 2069/3/1059 2113/3/1080 2112/3/1080 2068/3/1059
f 2066/3/374 2070/3/374 2074/3/374 2078/3/374 2082/3/374 2086/3/374 2090/3/374 2094/3/374 2098/3/374 2102/3/374 2106/3/374 2110/3/374
f 2159/3/1081 2161/3/1081 2117/3/1082 2115/3/1082
f 2123/3/1083 2125/3/1083 2129/3/1084 2127/3/1084
f 2127/3/1084 2129/3/1084 2133/3/1085 2131/3/1085
f 2131/3/1085 2133/3/1085 2137/3/1086 2135/3/1086
f 2135/3/1086 2137/3/1086 2141/3/1087 2139/3/1087
f 2139/3/1087 2141/3/1087 2145/3/1088 2143/3/1088
f 2143/3/1088 2145/3/1088 2149/3/1089 2147/3/1089
f 2147/3/1089 2149/3/1089 2153/3/1090 2151/3/1090
f 2151/3/1090 2153/3/1090 2157/3/1091 2155/3/1091
f 2155/3/1091 2157/3/1091 2161/3/1081 2159/3/1081
f 2119/3/1092 2121/3/1092 2125/3/1083 2123/3/1083
f 2120/3/349 2116/3/349 2160/3/349 2156/3/349 2152/3/349 2148/3/349 2144/3/349 2140/3/349 2136/3/349 2132/3/349 2128/3/349 2124/3/349
f 2115/3/1082 2117/3/1082 2121/3/1092 2119/3/1092
f 2115/3/1093 2119/3/1094 2118/3/1094 2114/3/1093
f 2121/3/1095 2117/3/1096 2116/3/1096 2120/3/1095
f 2119/3/1094 2123/3/1097 2122/3/1097 2118/3/1094
f 2125/3/1098 2121/3/1095 2120/3/1095 2124/3/1098
f 2123/3/1097 2127/3/1099 2126/3/1099 2122/3/1097
f 2129/3/1100 2125/3/1098 2124/3/1098 2128/3/1100
f 2127/3/1099 2131/3/1101 2130/3/1101 2126/3/1099
f 2133/3/1102 2129/3/1100 2128/3/1100 2132/3/1102
f 2131/3/1101 2135/3/1103 2134/3/1103 2130/3/1101
f 2137/3/1104 2133/3/1102 2132/3/1102 2136/3/1104
f 2135/3/1103 2139/3/1105 2138/3/1105 2134/3/1103
f 2141/3/1106 2137/3/1104 2136/3/1104 2140/3/1106
f 2139/3/1105 2143/3/1107 2142/3/1107 2138/3/1105
f 2145/3/1108 2141/3/1106 2140/3/1106 2144/3/1108
f 2143/3/1107 2147/3/1109 2146/3/1109 2142/3/1107
f 2149/3/1110 2145/3/1108 2144/3/1108 2148/3/1110
f 2147/3/1109 2151/3/1111 2150/3/1111 2146/3/1109
f 2153/3/1112 2149/3/1110 2148/3/1110 2152/3/1112
f 2151/3/1111 2155/3/1113 2154/3/1113 2150/3/1111
f 2157/3/1114 2153/3/1112 2152/3/1112 2156/3/1114
f 2155/3/1113 2159/3/1115 2158/3/1115 2154/3/1113
f 2161/3/1116 2157/3/1114 2156/3/1114 2160/3/1116
f 2159/3/1115 2115/3/1093 2114/3/1093 2158/3/1115
f 2117/3/1096 2161/3/1116 2160/3/1116 2116/3/1096
f 2114/3/374 2118/3/374 2122/3/374 2126/3/374 2130/3/374 2134/3/374 2138/3/374 2142/3/374 2146/3/374 2150/3/374 2154/3/374 2158/3/374
f 2207/3/1081 2209/3/1081 2165/3/1082 2163/3/1082
f 2171/3/1083 2173/3/1083 2177/3/1084 2175/3/1084
f 2175/3/1084 2177/3/1084 2181/3/1085 2179/3/1085
f 2179/3/1085 2181/3/1085 2185/3/1086 2183/3/1086
f 2183/3/1086 2185/3/1086 2189/3/1087 2187/3/1087
f 2187/3/1087 2189/3/1087 2193/3/1088 2191/3/1088
f 2191/3/1088 2193/3/1088 2197/3/1089 2195/3/1089
f 2195/3/1089 2197/3/1089 2201/3/1090 2199/3/1090
f 2199/3/1090 2201/3/1090 2205/3/1091 2203/3/1091
f 2203/3/1091 2205/3/1091 2209/3/1081 2207/3/1081
f 2167/3/1092 2169/3/1092 2173/3/1083 2171/3/1083
f 2168/3/349 2164/3/349 2208/3/349 2204/3/349 2200/3/349 2196/3/349 2192/3/349 2188/3/349 2184/3/349 2180/3/349 2176/3/349 2172/3/349
f 2163/3/1082 2165/3/1082 2169/3/1092 2167/3/1092
f 2163/3/1093 2167/3/1117 2166/3/1117 2162/3/1093
f 2169/3/1095 2165/3/1118 2164/3/1096 2168/3/1095
f 2167/3/1117 2171/3/1097 2170/3/1097 2166/3/1117
f 2173/3/1098 2169/3/1095 2168/3/1095 2172/3/1098
f 2171/3/1097 2175/3/1119 2174/3/1119 2170/3/1097
f 2177/3/1120 2173/3/1098 2172/3/1098 2176/3/1120
f 2175/3/1119 2179/3/1101 2178/3/1101 2174/3/1119
f 2181/3/1102 2177/3/1120 2176/3/1120 2180/3/1102
f 2179/3/1101 2183/3/1103 2182/3/1103 2178/3/1101
f 2185/3/1104 2181/3/1102 2180/3/1102 2184/3/1104
f 2183/3/1103 2187/3/1105 2186/3/1105 2182/3/1103
f 2189/3/1106 2185/3/1104 2184/3/1104 2188/3/1106
f 2187/3/1105 2191/3/1121 2190/3/1121 2186/3/1105
f 2193/3/1108 2189/3/1106 2188/3/1106 2192/3/1108
f 2191/3/1121 2195/3/1109 2194/3/1109 2190/3/1121
f 2197/3/1110 2193/3/1108 2192/3/1108 2196/3/1110
f 2195/3/1109 2199/3/1122 2198/3/1122 2194/3/1109
f 2201/3/1112 2197/3/1110 2196/3/1110 2200/3/1123
f 2199/3/1122 2203/3/1113 2202/3/1113 2198/3/1122
f 2205/3/1114 2201/3/1112 2200/3/1123 2204/3/1114
f 2203/3/1113 2207/3/1115 2206/3/1115 2202/3/1113
f 2209/3/1116 2205/3/1114 2204/3/1114 2208/3/1116
f 2207/3/1115 2163/3/1093 2162/3/1093 2206/3/1115
f 2165/3/1118 2209/3/1116 2208/3/1116 2164/3/1096
f 2162/3/374 2166/3/374 2170/3/374 2174/3/374 2178/3/374 2182/3/374 2186/3/374 2190/3/374 2194/3/374 2198/3/374 2202/3/374 2206/3/374
f 2255/3/994 2211/3/992 2213/3/992 2257/3/994
f 2219/3/974 2223/3/979 2225/3/979 2221/3/974
f 2223/3/979 2227/3/996 2229/3/996 2225/3/979
f 2227/3/996 2231/3/977 2233/3/977 2229/3/996
f 2231/3/977 2235/3/978 2237/3/978 2233/3/977
f 2235/3/978 2239/3/995 2241/3/995 2237/3/978
f 2239/3/995 2243/3/975 2245/3/975 2241/3/995
f 2243/3/975 2247/3/976 2249/3/976 2245/3/975
f 2247/3/976 2251/3/993 2253/3/993 2249/3/976
f 2251/3/993 2255/3/994 2257/3/994 2253/3/993
f 2215/3/973 2219/3/974 2221/3/974 2217/3/973
f 2216/3/374 2220/3/374 2224/3/374 2228/3/374 2232/3/374 2236/3/374 2240/3/374 2244/3/374 2248/3/374 2252/3/374 2256/3/374 2212/3/374
f 2211/3/992 2215/3/973 2217/3/973 2213/3/992
f 2211/3/985 2210/3/985 2214/3/970 2215/3/970
f 2217/3/972 2216/3/1124 2212/3/971 2213/3/971
f 2215/3/970 2214/3/970 2218/3/969 2219/3/969
f 2221/3/991 2220/3/991 2216/3/1124 2217/3/972
f 2219/3/969 2218/3/969 2222/3/990 2223/3/990
f 2225/3/967 2224/3/967 2220/3/991 2221/3/991
f 2223/3/990 2222/3/990 2226/3/1125 2227/3/1125
f 2229/3/1126 2228/3/1126 2224/3/967 2225/3/967
f 2227/3/1125 2226/3/1125 2230/3/965 2231/3/965
f 2233/3/989 2232/3/989 2228/3/1126 2229/3/1126
f 2231/3/965 2230/3/965 2234/3/988 2235/3/988
f 2237/3/963 2236/3/963 2232/3/989 2233/3/989
f 2235/3/988 2234/3/988 2238/3/981 2239/3/981
f 2241/3/964 2240/3/964 2236/3/963 2237/3/963
f 2239/3/981 2238/3/981 2242/3/980 2243/3/980
f 2245/3/987 2244/3/987 2240/3/964 2241/3/964
f 2243/3/980 2242/3/980 2246/3/982 2247/3/982
f 2249/3/986 2248/3/986 2244/3/987 2245/3/987
f 2247/3/982 2246/3/982 2250/3/1127 2251/3/1127
f 2253/3/1128 2252/3/1128 2248/3/986 2249/3/986
f 2251/3/1127 2250/3/1127 2254/3/983 2255/3/983
f 2257/3/962 2256/3/962 2252/3/1128 2253/3/1128
f 2255/3/983 2254/3/983 2210/3/985 2211/3/985
f 2213/3/971 2212/3/971 2256/3/962 2257/3/962
f 2210/3/349 2254/3/349 2250/3/349 2246/3/349 2242/3/349 2238/3/349 2234/3/349 2230/3/349 2226/3/349 2222/3/349 2218/3/349 2214/3/349
f 2303/3/1129 2259/3/1130 2261/3/1130 2305/3/1129
f 2267/3/1131 2271/3/1132 2273/3/1132 2269/3/1131
f 2271/3/1132 2275/3/1133 2277/3/1133 2273/3/1132
f 2275/3/1133 2279/3/1134 2281/3/1134 2277/3/1133
f 2279/3/1134 2283/3/1135 2285/3/1135 2281/3/1134
f 2283/3/1135 2287/3/1136 2289/3/1136 2285/3/1135
f 2287/3/1136 2291/3/1137 2293/3/1137 2289/3/1136
f 2291/3/1137 2295/3/1138 2297/3/1138 2293/3/1137
f 2295/3/1138 2299/3/1139 2301/3/1139 2297/3/1138
f 2299/3/1139 2303/3/1129 2305/3/1129 2301/3/1139
f 2263/3/1140 2267/3/1131 2269/3/1131 2265/3/1140
f 2264/3/374 2268/3/374 2272/3/374 2276/3/374 2280/3/374 2284/3/374 2288/3/374 2292/3/374 2296/3/374 2300/3/374 2304/3/374 2260/3/374
f 2259/3/1130 2263/3/1140 2265/3/1140 2261/3/1130
f 2259/3/1141 2258/3/1141 2262/3/1142 2263/3/1142
f 2265/3/1143 2264/3/1143 2260/3/1144 2261/3/1144
f 2263/3/1142 2262/3/1142 2266/3/1145 2267/3/1145
f 2269/3/1146 2268/3/1146 2264/3/1143 2265/3/1143
f 2267/3/1145 2266/3/1145 2270/3/1147 2271/3/1147
f 2273/3/1148 2272/3/1148 2268/3/1146 2269/3/1146
f 2271/3/1147 2270/3/1147 2274/3/1149 2275/3/1149
f 2277/3/1150 2276/3/1150 2272/3/1148 2273/3/1148
f 2275/3/1149 2274/3/1149 2278/3/1151 2279/3/1151
f 2281/3/1152 2280/3/1152 2276/3/1150 2277/3/1150
f 2279/3/1151 2278/3/1151 2282/3/1153 2283/3/1153
f 2285/3/1154 2284/3/1154 2280/3/1152 2281/3/1152
f 2283/3/1153 2282/3/1153 2286/3/1155 2287/3/1155
f 2289/3/1156 2288/3/1156 2284/3/1154 2285/3/1154
f 2287/3/1155 2286/3/1155 2290/3/1157 2291/3/1157
f 2293/3/1158 2292/3/1158 2288/3/1156 2289/3/1156
f 2291/3/1157 2290/3/1157 2294/3/1159 2295/3/1159
f 2297/3/1160 2296/3/1160 2292/3/1158 2293/3/1158
f 2295/3/1159 2294/3/1159 2298/3/1161 2299/3/1161
f 2301/3/1162 2300/3/1162 2296/3/1160 2297/3/1160
f 2299/3/1161 2298/3/1161 2302/3/1163 2303/3/1163
f 2305/3/1164 2304/3/1164 2300/3/1162 2301/3/1162
f 2303/3/1163 2302/3/1163 2258/3/1141 2259/3/1141
f 2261/3/1144 2260/3/1144 2304/3/1164 2305/3/1164
f 2258/3/349 2302/3/349 2298/3/349 2294/3/349 2290/3/349 2286/3/349 2282/3/349 2278/3/349 2274/3/349 2270/3/349 2266/3/349 2262/3/349
f 2351/3/1165 2307/3/1166 2309/3/1166 2353/3/1165
f 2315/3/1167 2319/3/1168 2321/3/1168 2317/3/1167
f 2319/3/1168 2323/3/1169 2325/3/1169 2321/3/1168
f 2323/3/1169 2327/3/1170 2329/3/1170 2325/3/1169
f 2327/3/1170 2331/3/1171 2333/3/1171 2329/3/1170
f 2331/3/1171 2335/3/1172 2337/3/1172 2333/3/1171
f 2335/3/1172 2339/3/1173 2341/3/1173 2337/3/1172
f 2339/3/1173 2343/3/1174 2345/3/1174 2341/3/1173
f 2343/3/1174 2347/3/1175 2349/3/1175 2345/3/1174
f 2347/3/1175 2351/3/1165 2353/3/1165 2349/3/1175
f 2311/3/1176 2315/3/1167 2317/3/1167 2313/3/1176
f 2312/3/374 2316/3/374 2320/3/374 2324/3/374 2328/3/374 2332/3/374 2336/3/374 2340/3/374 2344/3/374 2348/3/374 2352/3/374 2308/3/374
f 2307/3/1166 2311/3/1176 2313/3/1176 2309/3/1166
f 2307/3/1177 2306/3/1177 2310/3/1178 2311/3/1178
f 2313/3/1179 2312/3/1179 2308/3/1180 2309/3/1180
f 2311/3/1178 2310/3/1178 2314/3/1181 2315/3/1181
f 2317/3/1182 2316/3/1182 2312/3/1179 2313/3/1179
f 2315/3/1181 2314/3/1181 2318/3/1183 2319/3/1183
f 2321/3/1184 2320/3/1184 2316/3/1182 2317/3/1182
f 2319/3/1183 2318/3/1183 2322/3/1185 2323/3/1185
f 2325/3/1186 2324/3/1186 2320/3/1184 2321/3/1184
f 2323/3/1185 2322/3/1185 2326/3/1187 2327/3/1187
f 2329/3/1188 2328/3/1188 2324/3/1186 2325/3/1186
f 2327/3/1187 2326/3/1187 2330/3/1189 2331/3/1189
f 2333/3/1190 2332/3/1190 2328/3/1188 2329/3/1188
f 2331/3/1189 2330/3/1189 2334/3/1191 2335/3/1191
f 2337/3/1192 2336/3/1192 2332/3/1190 2333/3/1190
f 2335/3/1191 2334/3/1191 2338/3/1193 2339/3/1193
f 2341/3/1194 2340/3/1194 2336/3/1192 2337/3/1192
f 2339/3/1193 2338/3/1193 2342/3/1195 2343/3/1195
f 2345/3/1196 2344/3/1196 2340/3/1194 2341/3/1194
f 2343/3/1195 2342/3/1195 2346/3/1197 2347/3/1197
f 2349/3/1198 2348/3/1198 2344/3/1196 2345/3/1196
f 2347/3/1197 2346/3/1197 2350/3/1199 2351/3/1199
f 2353/3/1200 2352/3/1200 2348/3/1198 2349/3/1198
f 2351/3/1199 2350/3/1199 2306/3/1177 2307/3/1177
f 2309/3/1180 2308/3/1180 2352/3/1200 2353/3/1200
f 2306/3/349 2350/3/349 2346/3/349 2342/3/349 2338/3/349 2334/3/349 2330/3/349 2326/3/349 2322/3/349 2318/3/349 2314/3/349 2310/3/349
f 2399/3/1165 2355/3/1166 2357/3/1166 2401/3/1165
f 2363/3/1167 2367/3/1168 2369/3/1168 2365/3/1167
f 2367/3/1168 2371/3/1169 2373/3/1169 2369/3/1168
f 2371/3/1169 2375/3/1170 2377/3/1170 2373/3/1169
f 2375/3/1170 2379/3/1171 2381/3/1171 2377/3/1170
f 2379/3/1171 2383/3/1172 2385/3/1172 2381/3/1171
f 2383/3/1172 2387/3/1173 2389/3/1173 2385/3/1172
f 2387/3/1173 2391/3/1174 2393/3/1174 2389/3/1173
f 2391/3/1174 2395/3/1175 2397/3/1175 2393/3/1174
f 2395/3/1175 2399/3/1165 2401/3/1165 2397/3/1175
f 2359/3/1176 2363/3/1167 2365/3/1167 2361/3/1176
f 2360/3/374 2364/3/374 2368/3/374 2372/3/374 2376/3/374 2380/3/374 2384/3/374 2388/3/374 2392/3/374 2396/3/374 2400/3/374 2356/3/374
f 2355/3/1166 2359/3/1176 2361/3/1176 2357/3/1166
f 2355/3/1177 2354/3/1177 2358/3/1178 2359/3/1178
f 2361/3/1179 2360/3/1179 2356/3/1201 2357/3/1180
f 2359/3/1178 2358/3/1178 2362/3/1181 2363/3/1181
f 2365/3/1182 2364/3/1182 2360/3/1179 2361/3/1179
f 2363/3/1181 2362/3/1181 2366/3/1183 2367/3/1183
f 2369/3/1184 2368/3/1184 2364/3/1182 2365/3/1182
f 2367/3/1183 2366/3/1183 2370/3/1185 2371/3/1185
f 2373/3/1186 2372/3/1186 2368/3/1184 2369/3/1184
f 2371/3/1185 2370/3/1185 2374/3/1187 2375/3/1187
f 2377/3/1188 2376/3/1188 2372/3/1186 2373/3/1186
f 2375/3/1187 2374/3/1187 2378/3/1189 2379/3/1189
f 2381/3/1190 2380/3/1190 2376/3/1188 2377/3/1188
f 2379/3/1189 2378/3/1189 2382/3/1191 2383/3/1191
f 2385/3/1192 2384/3/1192 2380/3/1190 2381/3/1190
f 2383/3/1191 2382/3/1191 2386/3/1193 2387/3/1193
f 2389/3/1194 2388/3/1194 2384/3/1192 2385/3/1192
f 2387/3/1193 2386/3/1193 2390/3/1195 2391/3/1195
f 2393/3/1196 2392/3/1196 2388/3/1194 2389/3/1194
f 2391/3/1195 2390/3/1195 2394/3/1197 2395/3/1197
f 2397/3/1198 2396/3/1198 2392/3/1196 2393/3/1196
f 2395/3/1197 2394/3/1197 2398/3/1199 2399/3/1199
f 2401/3/1200 2400/3/1200 2396/3/1198 2397/3/1198
f 2399/3/1199 2398/3/1199 2354/3/1177 2355/3/1177
f 2357/3/1180 2356/3/1201 2400/3/1200 2401/3/1200
f 2354/3/349 2398/3/349 2394/3/349 2390/3/349 2386/3/349 2382/3/349 2378/3/349 2374/3/349 2370/3/349 2366/3/349 2362/3/349 2358/3/349
f 2447/3/994 2449/3/994 2405/3/992 2403/3/992
f 2411/3/974 2413/3/974 2417/3/979 2415/3/979
f 2415/3/979 2417/3/979 2421/3/996 2419/3/996
f 2419/3/996 2421/3/996 2425/3/977 2423/3/977
f 2423/3/977 2425/3/977 2429/3/978 2427/3/978
f 2427/3/978 2429/3/978 2433/3/995 2431/3/995
f 2431/3/995 2433/3/995 2437/3/975 2435/3/975
f 2435/3/975 2437/3/975 2441/3/976 2439/3/976
f 2439/3/976 2441/3/976 2445/3/993 2443/3/993
f 2443/3/993 2445/3/993 2449/3/994 2447/3/994
f 2407/3/973 2409/3/973 2413/3/974 2411/3/974
f 2408/3/349 2404/3/349 2448/3/349 2444/3/349 2440/3/349 2436/3/349 2432/3/349 2428/3/349 2424/3/349 2420/3/349 2416/3/349 2412/3/349
f 2403/3/992 2405/3/992 2409/3/973 2407/3/973
f 2403/3/971 2407/3/972 2406/3/972 2402/3/971
f 2409/3/1202 2405/3/985 2404/3/985 2408/3/1202
f 2407/3/972 2411/3/991 2410/3/991 2406/3/972
f 2413/3/969 2409/3/1202 2408/3/1202 2412/3/969
f 2411/3/991 2415/3/967 2414/3/967 2410/3/991
f 2417/3/990 2413/3/969 2412/3/969 2416/3/990
f 2415/3/967 2419/3/1126 2418/3/1126 2414/3/967
f 2421/3/1125 2417/3/990 2416/3/990 2420/3/1125
f 2419/3/1126 2423/3/989 2422/3/989 2418/3/1126
f 2425/3/965 2421/3/1125 2420/3/1125 2424/3/965
f 2423/3/989 2427/3/963 2426/3/963 2422/3/989
f 2429/3/988 2425/3/965 2424/3/965 2428/3/988
f 2427/3/963 2431/3/964 2430/3/1203 2426/3/963
f 2433/3/981 2429/3/988 2428/3/988 2432/3/1204
f 2431/3/964 2435/3/987 2434/3/987 2430/3/1203
f 2437/3/980 2433/3/981 2432/3/1204 2436/3/980
f 2435/3/987 2439/3/986 2438/3/986 2434/3/987
f 2441/3/982 2437/3/980 2436/3/980 2440/3/982
f 2439/3/986 2443/3/961 2442/3/961 2438/3/986
f 2445/3/984 2441/3/982 2440/3/982 2444/3/984
f 2443/3/961 2447/3/962 2446/3/962 2442/3/961
f 2449/3/983 2445/3/984 2444/3/984 2448/3/983
f 2447/3/962 2403/3/971 2402/3/971 2446/3/962
f 2405/3/985 2449/3/983 2448/3/983 2404/3/985
f 2402/3/374 2406/3/374 2410/3/374 2414/3/374 2418/3/374 2422/3/374 2426/3/374 2430/3/374 2434/3/374 2438/3/374 2442/3/374 2446/3/374
f 2495/3/994 2497/3/994 2453/3/992 2451/3/992
f 2459/3/974 2461/3/974 2465/3/979 2463/3/979
f 2463/3/979 2465/3/979 2469/3/996 2467/3/996
f 2467/3/996 2469/3/996 2473/3/977 2471/3/977
f 2471/3/977 2473/3/977 2477/3/978 2475/3/978
f 2475/3/978 2477/3/978 2481/3/995 2479/3/995
f 2479/3/995 2481/3/995 2485/3/975 2483/3/975
f 2483/3/975 2485/3/975 2489/3/976 2487/3/976
f 2487/3/976 2489/3/976 2493/3/993 2491/3/993
f 2491/3/993 2493/3/993 2497/3/994 2495/3/994
f 2455/3/973 2457/3/973 2461/3/974 2459/3/974
f 2456/3/349 2452/3/349 2496/3/349 2492/3/349 2488/3/349 2484/3/349 2480/3/349 2476/3/349 2472/3/349 2468/3/349 2464/3/349 2460/3/349
f 2451/3/992 2453/3/992 2457/3/973 2455/3/973
f 2451/3/971 2455/3/1124 2454/3/1124 2450/3/971
f 2457/3/1202 2453/3/985 2452/3/985 2456/3/970
f 2455/3/1124 2459/3/991 2458/3/991 2454/3/1124
f 2461/3/969 2457/3/1202 2456/3/970 2460/3/969
f 2459/3/991 2463/3/967 2462/3/967 2458/3/991
f 2465/3/990 2461/3/969 2460/3/969 2464/3/990
f 2463/3/967 2467/3/1126 2466/3/1126 2462/3/967
f 2469/3/1125 2465/3/990 2464/3/990 2468/3/1125
f 2467/3/1126 2471/3/989 2470/3/989 2466/3/1126
f 2473/3/965 2469/3/1125 2468/3/1125 2472/3/965
f 2471/3/989 2475/3/963 2474/3/963 2470/3/989
f 2477/3/988 2473/3/965 2472/3/965 2476/3/988
f 2475/3/963 2479/3/964 2478/3/964 2474/3/963
f 2481/3/981 2477/3/988 2476/3/988 2480/3/981
f 2479/3/964 2483/3/987 2482/3/987 2478/3/964
f 2485/3/980 2481/3/981 2480/3/981 2484/3/980
f 2483/3/987 2487/3/986 2486/3/986 2482/3/987
f 2489/3/982 2485/3/980 2484/3/980 2488/3/982
f 2487/3/986 2491/3/1128 2490/3/1128 2486/3/986
f 2493/3/1127 2489/3/982 2488/3/982 2492/3/1127
f 2491/3/1128 2495/3/962 2494/3/962 2490/3/1128
f 2497/3/983 2493/3/1127 2492/3/1127 2496/3/983
f 2495/3/962 2451/3/971 2450/3/971 2494/3/962
f 2453/3/985 2497/3/983 2496/3/983 2452/3/985
f 2450/3/374 2454/3/374 2458/3/374 2462/3/374 2466/3/374 2470/3/374 2474/3/374 2478/3/374 2482/3/374 2486/3/374 2490/3/374 2494/3/374
f 2543/3/1129 2545/3/1129 2501/3/1130 2499/3/1130
f 2507/3/1131 2509/3/1131 2513/3/1132 2511/3/1132
f 2511/3/1132 2513/3/1132 2517/3/1133 2515/3/1133
f 2515/3/1133 2517/3/1133 2521/3/1134 2519/3/1134
f 2519/3/1134 2521/3/1134 2525/3/1135 2523/3/1135
f 2523/3/1135 2525/3/1135 2529/3/1136 2527/3/1136
f 2527/3/1136 2529/3/1136 2533/3/1137 2531/3/1137
f 2531/3/1137 2533/3/1137 2537/3/1138 2535/3/1138
f 2535/3/1138 2537/3/1138 2541/3/1139 2539/3/1139
f 2539/3/1139 2541/3/1139 2545/3/1129 2543/3/1129
f 2503/3/1140 2505/3/1140 2509/3/1131 2507/3/1131
f 2504/3/349 2500/3/349 2544/3/349 2540/3/349 2536/3/349 2532/3/349 2528/3/349 2524/3/349 2520/3/349 2516/3/349 2512/3/349 2508/3/349
f 2499/3/1130 2501/3/1130 2505/3/1140 2503/3/1140
f 2499/3/1144 2503/3/1143 2502/3/1143 2498/3/1144
f 2505/3/1142 2501/3/1141 2500/3/1141 2504/3/1142
f 2503/3/1143 2507/3/1146 2506/3/1146 2502/3/1143
f 2509/3/1145 2505/3/1142 2504/3/1142 2508/3/1145
f 2507/3/1146 2511/3/1148 2510/3/1148 2506/3/1146
f 2513/3/1147 2509/3/1145 2508/3/1145 2512/3/1147
f 2511/3/1148 2515/3/1150 2514/3/1150 2510/3/1148
f 2517/3/1149 2513/3/1147 2512/3/1147 2516/3/1149
f 2515/3/1150 2519/3/1152 2518/3/1152 2514/3/1150
f 2521/3/1151 2517/3/1149 2516/3/1149 2520/3/1151
f 2519/3/1152 2523/3/1154 2522/3/1154 2518/3/1152
f 2525/3/1153 2521/3/1151 2520/3/1151 2524/3/1153
f 2523/3/1154 2527/3/1156 2526/3/1156 2522/3/1154
f 2529/3/1155 2525/3/1153 2524/3/1153 2528/3/1155
f 2527/3/1156 2531/3/1158 2530/3/1158 2526/3/1156
f 2533/3/1157 2529/3/1155 2528/3/1155 2532/3/1157
f 2531/3/1158 2535/3/1160 2534/3/1160 2530/3/1158
f 2537/3/1159 2533/3/1157 2532/3/1157 2536/3/1159
f 2535/3/1160 2539/3/1162 2538/3/1162 2534/3/1160
f 2541/3/1161 2537/3/1159 2536/3/1159 2540/3/1161
f 2539/3/1162 2543/3/1164 2542/3/1164 2538/3/1162
f 2545/3/1163 2541/3/1161 2540/3/1161 2544/3/1163
f 2543/3/1164 2499/3/1144 2498/3/1144 2542/3/1164
f 2501/3/1141 2545/3/1163 2544/3/1163 2500/3/1141
f 2498/3/374 2502/3/374 2506/3/374 2510/3/374 2514/3/374 2518/3/374 2522/3/374 2526/3/374 2530/3/374 2534/3/374 2538/3/374 2542/3/374
f 2591/3/1165 2593/3/1165 2549/3/1166 2547/3/1166
f 2555/3/1167 2557/3/1167 2561/3/1168 2559/3/1168
f 2559/3/1168 2561/3/1168 2565/3/1169 2563/3/1169
f 2563/3/1169 2565/3/1169 2569/3/1170 2567/3/1170
f 2567/3/1170 2569/3/1170 2573/3/1171 2571/3/1171
f 2571/3/1171 2573/3/1171 2577/3/1172 2575/3/1172
f 2575/3/1172 2577/3/1172 2581/3/1173 2579/3/1173
f 2579/3/1173 2581/3/1173 2585/3/1174 2583/3/1174
f 2583/3/1174 2585/3/1174 2589/3/1175 2587/3/1175
f 2587/3/1175 2589/3/1175 2593/3/1165 2591/3/1165
f 2551/3/1176 2553/3/1176 2557/3/1167 2555/3/1167
f 2552/3/349 2548/3/349 2592/3/349 2588/3/349 2584/3/349 2580/3/349 2576/3/349 2572/3/349 2568/3/349 2564/3/349 2560/3/349 2556/3/349
f 2547/3/1166 2549/3/1166 2553/3/1176 2551/3/1176
f 2547/3/1180 2551/3/1179 2550/3/1179 2546/3/1180
f 2553/3/1178 2549/3/1177 2548/3/1177 2552/3/1178
f 2551/3/1179 2555/3/1182 2554/3/1182 2550/3/1179
f 2557/3/1181 2553/3/1178 2552/3/1178 2556/3/1181
f 2555/3/1182 2559/3/1184 2558/3/1184 2554/3/1182
f 2561/3/1183 2557/3/1181 2556/3/1181 2560/3/1183
f 2559/3/1184 2563/3/1186 2562/3/1186 2558/3/1184
f 2565/3/1185 2561/3/1183 2560/3/1183 2564/3/1185
f 2563/3/1186 2567/3/1188 2566/3/1188 2562/3/1186
f 2569/3/1187 2565/3/1185 2564/3/1185 2568/3/1187
f 2567/3/1188 2571/3/1190 2570/3/1190 2566/3/1188
f 2573/3/1189 2569/3/1187 2568/3/1187 2572/3/1189
f 2571/3/1190 2575/3/1192 2574/3/1192 2570/3/1190
f 2577/3/1191 2573/3/1189 2572/3/1189 2576/3/1191
f 2575/3/1192 2579/3/1194 2578/3/1194 2574/3/1192
f 2581/3/1193 2577/3/1191 2576/3/1191 2580/3/1193
f 2579/3/1194 2583/3/1196 2582/3/1196 2578/3/1194
f 2585/3/1195 2581/3/1193 2580/3/1193 2584/3/1195
f 2583/3/1196 2587/3/1198 2586/3/1198 2582/3/1196
f 2589/3/1197 2585/3/1195 2584/3/1195 2588/3/1197
f 2587/3/1198 2591/3/1200 2590/3/1200 2586/3/1198
f 2593/3/1199 2589/3/1197 2588/3/1197 2592/3/1199
f 2591/3/1200 2547/3/1180 2546/3/1180 2590/3/1200
f 2549/3/1177 2593/3/1199 2592/3/1199 2548/3/1177
f 2546/3/374 2550/3/374 2554/3/374 2558/3/374 2562/3/374 2566/3/374 2570/3/374 2574/3/374 2578/3/374 2582/3/374 2586/3/374 2590/3/374
f 2639/3/1165 2641/3/1165 2597/3/1166 2595/3/1166
f 2603/3/1167 2605/3/1167 2609/3/1168 2607/3/1168
f 2607/3/1168 2609/3/1168 2613/3/1169 2611/3/1169
f 2611/3/1169 2613/3/1169 2617/3/1170 2615/3/1170
f 2615/3/1170 2617/3/1170 2621/3/1171 2619/3/1171
f 2619/3/1171 2621/3/1171 2625/3/1172 2623/3/1172
f 2623/3/1172 2625/3/1172 2629/3/1173 2627/3/1173
f 2627/3/1173 2629/3/1173 2633/3/1174 2631/3/1174
f 2631/3/1174 2633/3/1174 2637/3/1175 2635/3/1175
f 2635/3/1175 2637/3/1175 2641/3/1165 2639/3/1165
f 2599/3/1176 2601/3/1176 2605/3/1167 2603/3/1167
f 2600/3/349 2596/3/349 2640/3/349 2636/3/349 2632/3/349 2628/3/349 2624/3/349 2620/3/349 2616/3/349 2612/3/349 2608/3/349 2604/3/349
f 2595/3/1166 2597/3/1166 2601/3/1176 2599/3/1176
f 2595/3/1180 2599/3/1179 2598/3/1179 2594/3/1180
f 2601/3/1178 2597/3/1177 2596/3/1205 2600/3/1178
f 2599/3/1179 2603/3/1182 2602/3/1182 2598/3/1179
f 2605/3/1181 2601/3/1178 2600/3/1178 2604/3/1181
f 2603/3/1182 2607/3/1184 2606/3/1184 2602/3/1182
f 2609/3/1183 2605/3/1181 2604/3/1181 2608/3/1183
f 2607/3/1184 2611/3/1186 2610/3/1186 2606/3/1184
f 2613/3/1185 2609/3/1183 2608/3/1183 2612/3/1185
f 2611/3/1186 2615/3/1188 2614/3/1188 2610/3/1186
f 2617/3/1187 2613/3/1185 2612/3/1185 2616/3/1187
f 2615/3/1188 2619/3/1190 2618/3/1190 2614/3/1188
f 2621/3/1189 2617/3/1187 2616/3/1187 2620/3/1189
f 2619/3/1190 2623/3/1192 2622/3/1192 2618/3/1190
f 2625/3/1191 2621/3/1189 2620/3/1189 2624/3/1191
f 2623/3/1192 2627/3/1194 2626/3/1194 2622/3/1192
f 2629/3/1193 2625/3/1191 2624/3/1191 2628/3/1193
f 2627/3/1194 2631/3/1196 2630/3/1196 2626/3/1194
f 2633/3/1195 2629/3/1193 2628/3/1193 2632/3/1195
f 2631/3/1196 2635/3/1198 2634/3/1198 2630/3/1196
f 2637/3/1197 2633/3/1195 2632/3/1195 2636/3/1197
f 2635/3/1198 2639/3/1200 2638/3/1200 2634/3/1198
f 2641/3/1199 2637/3/1197 2636/3/1197 2640/3/1199
f 2639/3/1200 2595/3/1180 2594/3/1180 2638/3/1200
f 2597/3/1177 2641/3/1199 2640/3/1199 2596/3/1205
f 2594/3/374 2598/3/374 2602/3/374 2606/3/374 2610/3/374 2614/3/374 2618/3/374 2622/3/374 2626/3/374 2630/3/374 2634/3/374 2638/3/374
f 2783/4/1206 2643/4/1207 2717/4/1208 2804/4/1209
f 2700/4/1210 2693/4/1211 2643/4/1212 2676/4/1213
f 2746/4/1214 2719/4/1215 2658/4/1216 2734/4/1217
f 2818/4/1218 2757/4/1219 2673/4/1220 2852/4/1221
f 2682/4/1222 2650/4/1223 2817/4/1224 2860/4/1225
f 2699/4/1226 2694/4/1227 2648/4/1228 2679/4/1229
f 2644/4/1230 2780/4/1231 2790/4/1232 2659/4/1233
f 2983/4/1234 2789/4/1235 2657/4/1236 2832/4/1237
f 2739/4/1238 2730/4/1239 2647/4/1240 2680/4/1241
f 2859/4/1242 2819/4/1242 2652/4/1243 2681/4/1244
f 2745/4/1245 2716/4/1246 2657/4/1247 2733/4/1248
f 2738/4/1249 2731/4/1250 2650/4/1223 2682/4/1222
f 2651/4/1251 2816/4/1252 2853/4/1253 2674/4/1254
f 2697/4/1255 2654/4/1256 2784/4/1257 2802/4/1258
f 2658/4/1216 2697/4/1255 2802/4/1258 2787/4/1259
f 2831/4/1260 2656/4/1261 2788/4/1262 2982/4/1263
f 2722/4/1264 2715/4/1265 2655/4/1266 2696/4/1267
f 2721/4/1268 2718/4/1269 2654/4/1256 2697/4/1255
f 2716/4/1246 2905/4/1270 2832/4/1271 2657/4/1247
f 2898/4/1272 2720/4/1273 2656/4/1274 2831/4/1275
f 2677/4/1276 2661/4/1277 2792/4/1278 2798/4/1279
f 2780/4/1231 2644/4/1230 2670/4/1280 2797/4/1281
f 2684/4/1282 2644/4/1230 2659/4/1233 2689/4/1283
f 2676/4/1213 2643/4/1212 2661/4/1277 2677/4/1276
f 2690/4/1284 2663/4/1285 2668/4/1286 2691/4/1287
f 2678/4/1288 2664/4/1289 2669/4/1290 2683/4/1291
f 2668/4/1286 2677/4/1276 2798/4/1279 2795/4/1292
f 2741/4/1293 2735/4/1294 2667/4/1295 2688/4/1296
f 2756/4/1297 2761/4/1298 2763/4/1299
f 2701/4/1300 2686/4/1301 2712/4/1302 2714/4/1303
f 2702/4/1304 2698/4/1305 2665/4/1306 2685/4/1307
f 2688/4/1296 2667/4/1295 2842/4/1308 2867/4/1309
f 2690/4/1310 2701/4/1300 2714/4/1303 2703/4/1310
f 2737/4/1311 2675/4/1312 2748/4/1313
f 2806/4/1314 2808/4/1315 2774/4/1316 2725/4/1317
f 2729/4/1318 2651/4/1251 2674/4/1254 2736/4/1319
f 2732/4/1320 2649/4/1321 2675/4/1312 2737/4/1311
f 2695/4/1322 2642/4/1323 2671/4/1324
f 2692/4/1325 2646/4/1326 2672/4/1327 2670/4/1280
f 2645/4/1328 2678/4/1288 2683/4/1291 2662/4/1329
f 2663/4/1285 2676/4/1213 2677/4/1276 2668/4/1286
f 2691/4/1287 2668/4/1286 2795/4/1292 2800/4/1330
f 2735/4/1294 2738/4/1249 2682/4/1222 2667/4/1295
f 2841/4/1331 2859/4/1332 2681/4/1332 2666/4/1333 2755/4/1334
f 2680/4/1241 2700/4/1210 2711/4/1335 2705/4/1336
f 2698/4/1305 2699/4/1226 2679/4/1229 2665/4/1306
f 2667/4/1295 2682/4/1222 2860/4/1225 2842/4/1308
f 2740/4/1337 2687/4/1338 2713/4/1339 2744/4/1340
f 2695/4/1322 2701/4/1341 2690/4/1284 2642/4/1323
f 2651/4/1251 2688/4/1296 2867/4/1309 2816/4/1252
f 2692/4/1325 2702/4/1304 2685/4/1307 2646/4/1326
f 2732/4/1320 2740/4/1342 2686/4/1343 2649/4/1321
f 2841/4/1331 2755/4/1334 2762/4/1344 2951/4/1345
f 2729/4/1318 2741/4/1293 2688/4/1296 2651/4/1251
f 2799/4/1346 2793/4/1347 2662/4/1329 2683/4/1291
f 2642/4/1323 2690/4/1284 2691/4/1287 2660/4/1348
f 2664/4/1289 2684/4/1282 2689/4/1283 2669/4/1290
f 2644/4/1230 2684/4/1282 2702/4/1304 2692/4/1325
f 2649/4/1321 2686/4/1343 2701/4/1341 2695/4/1322
f 2739/4/1238 2680/4/1241 2705/4/1336 2743/4/1349
f 2664/4/1289 2678/4/1288 2699/4/1226 2698/4/1305
f 2644/4/1230 2692/4/1325 2670/4/1280
f 2649/4/1321 2695/4/1322 2671/4/1324 2675/4/1312
f 2700/4/1210 2676/4/1350 2710/4/1350 2711/4/1335
f 2684/4/1282 2664/4/1289 2698/4/1305 2702/4/1304
f 2719/4/1215 2721/4/1268 2697/4/1255 2658/4/1216
f 2717/4/1208 2722/4/1264 2696/4/1267 2653/4/1351
f 2734/4/1352 2658/4/1216 2787/4/1259 2809/4/1353
f 2678/4/1288 2645/4/1328 2694/4/1227 2699/4/1226
f 2680/4/1241 2647/4/1240 2693/4/1211 2700/4/1210
f 2744/4/1354 2742/4/1355 2706/4/1356 2712/4/1357
f 2714/4/1358 2709/4/1359 2704/4/1360 2703/4/1361
f 2742/4/1355 2743/4/1362 2705/4/1363 2706/4/1356
f 2709/4/1359 2711/4/1364 2710/4/1365 2704/4/1360
f 2706/4/1356 2705/4/1363 2711/4/1364 2709/4/1359
f 2712/4/1357 2706/4/1356 2709/4/1359 2714/4/1358
f 2666/4/1366 2681/4/1367 2707/4/1367 2708/4/1368
f 2676/4/1369 2663/4/1369 2704/4/1369 2710/4/1369
f 2663/4/1370 2690/4/1370 2703/4/1370 2704/4/1370
f 2687/4/1338 2666/4/1366 2708/4/1368 2713/4/1339
f 2643/4/1207 2693/4/1371 2722/4/1264 2717/4/1208
f 2648/4/1228 2694/4/1227 2721/4/1268 2719/4/1215
f 2817/4/1224 2650/4/1223 2720/4/1273 2898/4/1272
f 2652/4/1372 2819/4/1373 2905/4/1270 2716/4/1246
f 2694/4/1227 2645/4/1328 2718/4/1269 2721/4/1268
f 2693/4/1371 2647/4/1374 2715/4/1265 2722/4/1264
f 2730/4/1375 2652/4/1372 2716/4/1246 2745/4/1245
f 2718/4/1269 2805/4/1376 2784/4/1257 2654/4/1256
f 2731/4/1250 2648/4/1228 2719/4/1215 2746/4/1214
f 2643/4/1207 2783/4/1206 2792/4/1377 2661/4/1378
f 2789/4/1235 2810/4/1379 2733/4/1380 2657/4/1236
f 2790/4/1381 2801/4/1382 2689/4/1283 2659/4/1233
f 2671/4/1383 2796/4/1384 2806/4/1385 2725/4/1386
f 2736/4/1387 2674/4/1388 2724/4/1389 2747/4/1390
f 2797/4/1281 2723/4/1391 2727/4/1391 2807/4/1392
f 2674/4/1388 2853/4/1393 2908/4/1393 2724/4/1389
f 2801/4/1382 2794/4/1394 2669/4/1290 2689/4/1283
f 2645/4/1328 2782/4/1395 2805/4/1376 2718/4/1269
f 2794/4/1394 2799/4/1346 2683/4/1291 2669/4/1290
f 2786/4/1396 2803/4/1397 2696/4/1267 2655/4/1266
f 2810/4/1379 2786/4/1396 2655/4/1266 2733/4/1380
f 2804/4/1209 2717/4/1208 2653/4/1351 2785/4/1398
f 2803/4/1397 2785/4/1399 2653/4/1351 2696/4/1267
f 2781/4/1400 2642/4/1401 2660/4/1402 2791/4/1403
f 2782/4/1395 2645/4/1328 2662/4/1329 2793/4/1347
f 2724/4/1404 2908/4/1405 2914/4/1405 2727/4/1406
f 2747/4/1407 2724/4/1404 2727/4/1406
f 2675/4/1312 2671/4/1324 2725/4/1408
f 2670/4/1280 2672/4/1409 2723/4/1410 2797/4/1281
f 2673/4/1220 2913/4/1411 2852/4/1221
f 2723/4/1412 2747/4/1407 2727/4/1406
f 2660/4/1348 2691/4/1287 2800/4/1330 2791/4/1413
f 2672/4/1409 2736/4/1387 2747/4/1390 2723/4/1410
f 2650/4/1223 2731/4/1250 2746/4/1214 2720/4/1273
f 2647/4/1374 2730/4/1375 2745/4/1245 2715/4/1265
f 2708/4/1414 2707/4/1415 2743/4/1362 2742/4/1355
f 2713/4/1416 2708/4/1414 2742/4/1355 2744/4/1354
f 2681/4/1244 2739/4/1238 2743/4/1349 2707/4/1417
f 2646/4/1326 2685/4/1307 2741/4/1293 2729/4/1318
f 2756/4/1297 2732/4/1320 2760/4/1418 2761/4/1298
f 2686/4/1301 2740/4/1337 2744/4/1340 2712/4/1302
f 2665/4/1306 2679/4/1229 2738/4/1249 2735/4/1294
f 2755/4/1334 2756/4/1297 2763/4/1299 2762/4/1419
f 2646/4/1326 2729/4/1318 2736/4/1319 2672/4/1327
f 2673/4/1220 2737/4/1311 2748/4/1313
f 2685/4/1307 2665/4/1306 2735/4/1294 2741/4/1293
f 2656/4/1261 2734/4/1352 2809/4/1353 2788/4/1262
f 2679/4/1229 2648/4/1228 2731/4/1250 2738/4/1249
f 2715/4/1265 2745/4/1245 2733/4/1248 2655/4/1266
f 2681/4/1244 2652/4/1243 2730/4/1239 2739/4/1238
f 2720/4/1273 2746/4/1214 2734/4/1217 2656/4/1274
f 2748/4/1313 2675/4/1312 2728/4/1420
f 2913/4/1411 2673/4/1220 2726/4/1421
f 2748/4/1313 2726/4/1422 2673/4/1220
f 2725/4/1408 2728/4/1420 2675/4/1312
f 2748/4/1313 2728/4/1420 2750/4/1423 2751/4/1424
f 2728/4/1420 2725/4/1408 2749/4/1425 2750/4/1423
f 2726/4/1422 2748/4/1313 2754/4/1426 2752/4/1426
f 2913/4/1411 2726/4/1421 2752/4/1427 2753/4/1427
f 2763/4/1428 2761/4/1429 2766/4/1430 2768/4/1431
f 2732/4/1320 2756/4/1297 2687/4/1432 2740/4/1342
f 2732/4/1320 2757/4/1219 2764/4/1433 2760/4/1433
f 2756/4/1297 2755/4/1334 2666/4/1333 2687/4/1432
f 2768/4/1434 2766/4/1435 2759/4/1436 2772/4/1437
f 2757/4/1219 2732/4/1320 2737/4/1311 2673/4/1220
f 2761/4/1429 2760/4/1438 2765/4/1438 2766/4/1430
f 2762/4/1439 2763/4/1428 2768/4/1431 2767/4/1440
f 2760/4/1441 2764/4/1442 2769/4/1443 2765/4/1441
f 2951/4/1444 2762/4/1439 2767/4/1440 2958/4/1444
f 2757/4/1219 2818/4/1218 2947/4/1445 2764/4/1446
f 2766/4/1435 2765/4/1447 2770/4/1447 2759/4/1436
f 2767/4/1448 2768/4/1434 2772/4/1437 2771/4/1448
f 2765/4/1449 2769/4/1449 2773/4/1449 2770/4/1449
f 2958/4/1450 2767/4/1451 2771/4/1451 2965/4/1450
f 2764/4/1442 2947/4/1452 2955/4/1452 2769/4/1443
f 2963/4/1453 2965/4/1454 2771/4/1455 2772/4/1456
f 2964/4/1457 2963/4/1453 2772/4/1456 2759/4/1458 2758/4/1459
f 2758/4/1459 2759/4/1458 2770/4/1460
f 2758/4/1459 2770/4/1460 2773/4/1461
f 2773/4/1461 2964/4/1457 2758/4/1459
f 2769/4/1462 2955/4/1462 2964/4/1462 2773/4/1462
f 2748/4/1463 2751/4/1463 2777/4/1463 2775/4/1463
f 2913/4/1464 2753/4/1464 2778/4/1464 2970/4/1464
f 2754/4/1465 2748/4/1465 2775/4/1465 2779/4/1465
f 2749/4/1466 2725/4/1466 2774/4/1466 2776/4/1466
f 2775/4/1467 2970/4/1467 2778/4/1467 2779/4/1467
f 2777/4/1468 2776/4/1468 2774/4/1468 2775/4/1468
f 2749/4/1469 2776/4/1469 2777/4/1469 2751/4/1469 2750/4/1469
f 2753/4/1470 2752/4/1470 2754/4/1470 2779/4/1470 2778/4/1470
f 2970/4/1471 2775/4/1472 2811/4/1473 3009/4/1474
f 2775/4/1472 2774/4/1316 2808/4/1315 2811/4/1473
f 2806/4/1314 2807/4/1475 2808/4/1315
f 2806/4/1385 2796/4/1384 2797/4/1281 2807/4/1392
f 2783/4/1206 2804/4/1209 2805/4/1376 2782/4/1395
f 2803/4/1397 2786/4/1396 2787/4/1259 2802/4/1258
f 2801/4/1382 2790/4/1381 2791/4/1413 2800/4/1330
f 2799/4/1346 2794/4/1394 2795/4/1292 2798/4/1279
f 2794/4/1394 2801/4/1382 2800/4/1330 2795/4/1292
f 2781/4/1400 2791/4/1403 2790/4/1232 2780/4/1231
f 2793/4/1347 2799/4/1346 2798/4/1279 2792/4/1278
f 2789/4/1235 2983/4/1234 2982/4/1263 2788/4/1262
f 2810/4/1379 2789/4/1235 2788/4/1262 2809/4/1353
f 2785/4/1399 2803/4/1397 2802/4/1258 2784/4/1257
f 2804/4/1209 2785/4/1398 2784/4/1257 2805/4/1376
f 2780/4/1231 2797/4/1281 2796/4/1384 2781/4/1400
f 2782/4/1395 2793/4/1347 2792/4/1377 2783/4/1206
f 2786/4/1396 2810/4/1379 2809/4/1353 2787/4/1259
f 2642/4/1401 2781/4/1400 2796/4/1384 2671/4/1383
f 3009/4/1474 2811/4/1473 2727/4/1476 2914/4/1477
f 2811/4/1473 2808/4/1315 2807/4/1475 2727/4/1476
f 2979/4/1478 3002/4/1479 2901/4/1480 2813/4/1481
f 2883/4/1482 2856/4/1483 2813/4/1484 2876/4/1485
f 2934/4/1486 2922/4/1487 2834/4/1488 2903/4/1489
f 2818/4/1218 2852/4/1221 2851/4/1490 2945/4/1491
f 2864/4/1492 2860/4/1225 2817/4/1224 2824/4/1493
f 2882/4/1494 2861/4/1495 2822/4/1496 2877/4/1497
f 2814/4/1498 2835/4/1499 2988/4/1500 2976/4/1501
f 2983/4/1234 2832/4/1237 2833/4/1502 2987/4/1503
f 2927/4/1504 2862/4/1505 2821/4/1506 2918/4/1507
f 2859/4/1242 2863/4/1508 2826/4/1509 2819/4/1242
f 2933/4/1510 2921/4/1511 2833/4/1512 2900/4/1513
f 2926/4/1514 2864/4/1492 2824/4/1493 2919/4/1515
f 2825/4/1516 2854/4/1517 2853/4/1253 2816/4/1252
f 2880/4/1518 3000/4/1519 2980/4/1520 2828/4/1521
f 2834/4/1488 2985/4/1522 3000/4/1519 2880/4/1518
f 2831/4/1260 2982/4/1263 2986/4/1523 2830/4/1524
f 2907/4/1525 2879/4/1526 2829/4/1527 2899/4/1528
f 2906/4/1529 2880/4/1518 2828/4/1521 2902/4/1530
f 2900/4/1513 2833/4/1512 2832/4/1271 2905/4/1270
f 2898/4/1272 2831/4/1275 2830/4/1531 2904/4/1532
f 2857/4/1533 2996/4/1534 2990/4/1535 2837/4/1536
f 2976/4/1501 2995/4/1537 2848/4/1538 2814/4/1498
f 2866/4/1539 2872/4/1540 2835/4/1499 2814/4/1498
f 2856/4/1483 2857/4/1533 2837/4/1536 2813/4/1484
f 2873/4/1541 2874/4/1542 2846/4/1543 2839/4/1544
f 2858/4/1545 2865/4/1546 2847/4/1547 2840/4/1548
f 2846/4/1543 2993/4/1549 2996/4/1534 2857/4/1533
f 2929/4/1550 2871/4/1551 2845/4/1552 2923/4/1553
f 2944/4/1554 2953/4/1555 2950/4/1556
f 2884/4/1557 2897/4/1558 2895/4/1559 2869/4/1560
f 2885/4/1561 2868/4/1562 2843/4/1563 2881/4/1564
f 2871/4/1551 2867/4/1309 2842/4/1308 2845/4/1552
f 2873/4/1565 2886/4/1565 2897/4/1558 2884/4/1557
f 2925/4/1566 2936/4/1567 2855/4/1568
f 3004/4/1569 2911/4/1570 2969/4/1571 3006/4/1572
f 2917/4/1573 2924/4/1574 2854/4/1517 2825/4/1516
f 2920/4/1575 2925/4/1566 2855/4/1568 2823/4/1576
f 2878/4/1577 2849/4/1578 2812/4/1579
f 2875/4/1580 2848/4/1538 2850/4/1581 2820/4/1582
f 2815/4/1583 2838/4/1584 2865/4/1546 2858/4/1545
f 2839/4/1544 2846/4/1543 2857/4/1533 2856/4/1483
f 2874/4/1542 2998/4/1585 2993/4/1549 2846/4/1543
f 2923/4/1553 2845/4/1552 2864/4/1492 2926/4/1514
f 2841/4/1331 2943/4/1586 2844/4/1587 2863/4/1588 2859/4/1588
f 2862/4/1505 2888/4/1589 2894/4/1590 2883/4/1482
f 2881/4/1564 2843/4/1563 2861/4/1495 2882/4/1494
f 2845/4/1552 2842/4/1308 2860/4/1225 2864/4/1492
f 2928/4/1591 2932/4/1592 2896/4/1593 2870/4/1594
f 2878/4/1577 2812/4/1579 2873/4/1541 2884/4/1595
f 2825/4/1516 2816/4/1252 2867/4/1309 2871/4/1551
f 2875/4/1580 2820/4/1582 2868/4/1562 2885/4/1561
f 2920/4/1575 2823/4/1576 2869/4/1596 2928/4/1597
f 2841/4/1331 2951/4/1345 2952/4/1598 2943/4/1586
f 2917/4/1573 2825/4/1516 2871/4/1551 2929/4/1550
f 2997/4/1599 2865/4/1546 2838/4/1584 2991/4/1600
f 2812/4/1579 2836/4/1601 2874/4/1542 2873/4/1541
f 2840/4/1548 2847/4/1547 2872/4/1540 2866/4/1539
f 2814/4/1498 2875/4/1580 2885/4/1561 2866/4/1539
f 2823/4/1576 2878/4/1577 2884/4/1595 2869/4/1596
f 2927/4/1504 2931/4/1602 2888/4/1589 2862/4/1505
f 2840/4/1548 2881/4/1564 2882/4/1494 2858/4/1545
f 2814/4/1498 2848/4/1538 2875/4/1580
f 2823/4/1576 2855/4/1568 2849/4/1578 2878/4/1577
f 2883/4/1482 2894/4/1590 2893/4/1603 2856/4/1603
f 2866/4/1539 2885/4/1561 2881/4/1564 2840/4/1548
f 2903/4/1489 2834/4/1488 2880/4/1518 2906/4/1529
f 2901/4/1480 2827/4/1604 2879/4/1526 2907/4/1525
f 2922/4/1605 3007/4/1606 2985/4/1522 2834/4/1488
f 2858/4/1545 2882/4/1494 2877/4/1497 2815/4/1583
f 2862/4/1505 2883/4/1482 2876/4/1485 2821/4/1506
f 2932/4/1607 2895/4/1608 2889/4/1609 2930/4/1610
f 2897/4/1611 2886/4/1612 2887/4/1613 2892/4/1614
f 2930/4/1610 2889/4/1609 2888/4/1615 2931/4/1616
f 2892/4/1614 2887/4/1613 2893/4/1617 2894/4/1618
f 2889/4/1609 2892/4/1614 2894/4/1618 2888/4/1615
f 2895/4/1608 2897/4/1611 2892/4/1614 2889/4/1609
f 2844/4/1619 2891/4/1620 2890/4/1621 2863/4/1621
f 2856/4/1622 2893/4/1622 2887/4/1622 2839/4/1622
f 2839/4/1623 2887/4/1623 2886/4/1623 2873/4/1623
f 2870/4/1594 2896/4/1593 2891/4/1620 2844/4/1619
f 2813/4/1481 2901/4/1480 2907/4/1525 2876/4/1624
f 2822/4/1496 2903/4/1489 2906/4/1529 2877/4/1497
f 2817/4/1224 2898/4/1272 2904/4/1532 2824/4/1493
f 2826/4/1625 2900/4/1513 2905/4/1270 2819/4/1373
f 2877/4/1497 2906/4/1529 2902/4/1530 2815/4/1583
f 2876/4/1624 2907/4/1525 2899/4/1528 2821/4/1626
f 2918/4/1627 2933/4/1510 2900/4/1513 2826/4/1625
f 2902/4/1530 2828/4/1521 2980/4/1520 3003/4/1628
f 2919/4/1515 2934/4/1486 2903/4/1489 2822/4/1496
f 2813/4/1481 2837/4/1629 2990/4/1630 2979/4/1478
f 2987/4/1503 2833/4/1502 2921/4/1631 3008/4/1632
f 2988/4/1633 2835/4/1499 2872/4/1540 2999/4/1634
f 2849/4/1635 2911/4/1636 3004/4/1637 2994/4/1638
f 2924/4/1639 2935/4/1640 2910/4/1641 2854/4/1642
f 2995/4/1537 3005/4/1643 2915/4/1644 2909/4/1644
f 2854/4/1642 2910/4/1641 2908/4/1393 2853/4/1393
f 2999/4/1634 2872/4/1540 2847/4/1547 2992/4/1645
f 2815/4/1583 2902/4/1530 3003/4/1628 2978/4/1646
f 2992/4/1645 2847/4/1547 2865/4/1546 2997/4/1599
f 2984/4/1647 2829/4/1527 2879/4/1526 3001/4/1648
f 3008/4/1632 2921/4/1631 2829/4/1527 2984/4/1647
f 3002/4/1479 2981/4/1649 2827/4/1604 2901/4/1480
f 3001/4/1648 2879/4/1526 2827/4/1604 2981/4/1650
f 2977/4/1651 2989/4/1652 2836/4/1653 2812/4/1654
f 2978/4/1646 2991/4/1600 2838/4/1584 2815/4/1583
f 2910/4/1655 2915/4/1656 2914/4/1405 2908/4/1405
f 2935/4/1657 2915/4/1656 2910/4/1655
f 2855/4/1568 2911/4/1658 2849/4/1578
f 2848/4/1538 2995/4/1537 2909/4/1659 2850/4/1660
f 2851/4/1490 2852/4/1221 2913/4/1411
f 2909/4/1661 2915/4/1656 2935/4/1657
f 2836/4/1601 2989/4/1662 2998/4/1585 2874/4/1542
f 2850/4/1660 2909/4/1659 2935/4/1640 2924/4/1639
f 2824/4/1493 2904/4/1532 2934/4/1486 2919/4/1515
f 2821/4/1626 2899/4/1528 2933/4/1510 2918/4/1627
f 2891/4/1663 2930/4/1610 2931/4/1616 2890/4/1664
f 2896/4/1665 2932/4/1607 2930/4/1610 2891/4/1663
f 2863/4/1508 2890/4/1666 2931/4/1602 2927/4/1504
f 2820/4/1582 2917/4/1573 2929/4/1550 2868/4/1562
f 2944/4/1554 2950/4/1556 2949/4/1667 2920/4/1575
f 2869/4/1560 2895/4/1559 2932/4/1592 2928/4/1591
f 2843/4/1563 2923/4/1553 2926/4/1514 2861/4/1495
f 2943/4/1586 2952/4/1668 2953/4/1555 2944/4/1554
f 2820/4/1582 2850/4/1581 2924/4/1574 2917/4/1573
f 2851/4/1490 2936/4/1567 2925/4/1566
f 2868/4/1562 2929/4/1550 2923/4/1553 2843/4/1563
f 2830/4/1524 2986/4/1523 3007/4/1606 2922/4/1605
f 2861/4/1495 2926/4/1514 2919/4/1515 2822/4/1496
f 2899/4/1528 2829/4/1527 2921/4/1511 2933/4/1510
f 2863/4/1508 2927/4/1504 2918/4/1507 2826/4/1509
f 2904/4/1532 2830/4/1531 2922/4/1487 2934/4/1486
f 2936/4/1567 2916/4/1669 2855/4/1568
f 2913/4/1411 2912/4/1670 2851/4/1490
f 2936/4/1567 2851/4/1490 2912/4/1671
f 2911/4/1658 2855/4/1568 2916/4/1669
f 2936/4/1567 2939/4/1672 2938/4/1673 2916/4/1669
f 2916/4/1669 2938/4/1673 2937/4/1674 2911/4/1658
f 2912/4/1671 2940/4/1675 2942/4/1675 2936/4/1567
f 2913/4/1411 2941/4/1676 2940/4/1676 2912/4/1670
f 2953/4/1677 2960/4/1678 2957/4/1679 2950/4/1680
f 2920/4/1575 2928/4/1597 2870/4/1681 2944/4/1554
f 2920/4/1575 2949/4/1682 2954/4/1682 2945/4/1491
f 2944/4/1554 2870/4/1681 2844/4/1587 2943/4/1586
f 2960/4/1683 2967/4/1684 2948/4/1685 2957/4/1686
f 2945/4/1491 2851/4/1490 2925/4/1566 2920/4/1575
f 2950/4/1680 2957/4/1679 2956/4/1687 2949/4/1687
f 2952/4/1688 2959/4/1689 2960/4/1678 2953/4/1677
f 2949/4/1690 2956/4/1690 2961/4/1691 2954/4/1692
f 2951/4/1444 2958/4/1444 2959/4/1689 2952/4/1688
f 2945/4/1491 2954/4/1693 2947/4/1445 2818/4/1218
f 2957/4/1686 2948/4/1685 2962/4/1694 2956/4/1694
f 2959/4/1695 2966/4/1695 2967/4/1684 2960/4/1683
f 2956/4/1696 2962/4/1696 2968/4/1696 2961/4/1696
f 2958/4/1450 2965/4/1450 2966/4/1697 2959/4/1697
f 2954/4/1692 2961/4/1691 2955/4/1452 2947/4/1452
f 2963/4/1453 2967/4/1698 2966/4/1699 2965/4/1454
f 2964/4/1457 2946/4/1700 2948/4/1701 2967/4/1698 2963/4/1453
f 2946/4/1700 2962/4/1702 2948/4/1701
f 2946/4/1700 2968/4/1703 2962/4/1702
f 2968/4/1703 2946/4/1700 2964/4/1457
f 2961/4/1704 2968/4/1704 2964/4/1704 2955/4/1704
f 2936/4/1705 2971/4/1705 2973/4/1705 2939/4/1705
f 2913/4/1706 2970/4/1706 2974/4/1706 2941/4/1706
f 2942/4/1707 2975/4/1707 2971/4/1707 2936/4/1707
f 2937/4/1708 2972/4/1708 2969/4/1708 2911/4/1708
f 2971/4/1709 2975/4/1709 2974/4/1709 2970/4/1709
f 2973/4/1710 2971/4/1710 2969/4/1710 2972/4/1710
f 2937/4/1711 2938/4/1711 2939/4/1711 2973/4/1711 2972/4/1711
f 2941/4/1712 2974/4/1712 2975/4/1712 2942/4/1712 2940/4/1712
f 2970/4/1471 3009/4/1474 3010/4/1713 2971/4/1714
f 2971/4/1714 3010/4/1713 3006/4/1572 2969/4/1571
f 3004/4/1569 3006/4/1572 3005/4/1715
f 3004/4/1637 3005/4/1643 2995/4/1537 2994/4/1638
f 2979/4/1478 2978/4/1646 3003/4/1628 3002/4/1479
f 3001/4/1648 3000/4/1519 2985/4/1522 2984/4/1647
f 2999/4/1634 2998/4/1585 2989/4/1662 2988/4/1633
f 2997/4/1599 2996/4/1534 2993/4/1549 2992/4/1645
f 2992/4/1645 2993/4/1549 2998/4/1585 2999/4/1634
f 2977/4/1651 2976/4/1501 2988/4/1500 2989/4/1652
f 2991/4/1600 2990/4/1535 2996/4/1534 2997/4/1599
f 2987/4/1503 2986/4/1523 2982/4/1263 2983/4/1234
f 3008/4/1632 3007/4/1606 2986/4/1523 2987/4/1503
f 2981/4/1650 2980/4/1520 3000/4/1519 3001/4/1648
f 3002/4/1479 3003/4/1628 2980/4/1520 2981/4/1649
f 2976/4/1501 2977/4/1651 2994/4/1638 2995/4/1537
f 2978/4/1646 2979/4/1478 2990/4/1630 2991/4/1600
f 2984/4/1647 2985/4/1522 3007/4/1606 3008/4/1632
f 2812/4/1654 2849/4/1635 2994/4/1638 2977/4/1651
f 3009/4/1474 2914/4/1477 2915/4/1716 3010/4/1713
f 3010/4/1713 2915/4/1716 3005/4/1715 3006/4/1572
f 3110/5/1717 3016/5/1717 3015/5/1717 3107/5/1717
f 3016/5/1718 3110/5/1719 3099/5/1719 3011/5/1718
f 3051/5/1720 3058/5/1720 3080/5/1721 3082/5/1721
f 3012/5/1722 3102/5/1723 3103/5/1723 3013/5/1722
f 3101/5/1724 3071/5/1725 3073/5/1726 3104/5/1727
f 3019/5/1728 3025/5/1728 3034/5/1728 3027/5/1728
f 3020/5/1729 3028/5/1729 3029/5/1729 3022/5/1729
f 3027/5/1730 3034/5/1730 3042/5/1731 3035/5/1731
f 3068/5/1732 3074/5/1733 3021/5/1734 3023/5/1734
f 3043/5/1735 3050/5/1736 3058/5/1737 3051/5/1738
f 3059/6/1739 3097/6/1739 3092/6/1739 3062/6/1739
f 3072/5/1740 3070/5/1741 3025/5/1742 3019/5/1742
f 3112/5/1743 3068/5/1732 3067/5/1744 3113/5/1745
f 3026/5/1746 3024/5/1746 3032/5/1746 3033/5/1746
f 3021/5/1747 3030/5/1747 3031/5/1747 3023/5/1747
f 3040/5/1748 3048/5/1749 3049/5/1749 3041/5/1748
f 3032/5/1750 3040/5/1748 3041/5/1748 3033/5/1750
f 3055/5/1751 3054/5/1751 3075/5/1752 3077/5/1752
f 3028/5/1753 3036/5/1754 3037/5/1754 3029/5/1753
f 3030/5/1755 3038/5/1756 3039/5/1756 3031/5/1755
f 3035/5/1731 3042/5/1731 3050/5/1757 3043/5/1757
f 3038/5/1756 3046/5/1758 3047/5/1758 3039/5/1756
f 3075/5/1752 3084/5/1759 3085/5/1759 3077/5/1752
f 3036/5/1754 3044/5/1760 3045/5/1760 3037/5/1754
f 3048/5/1761 3056/5/1762 3057/5/1763 3049/5/1764
f 3064/5/1765 3065/5/1766 3087/5/1767 3086/5/1768
f 3044/5/1769 3052/5/1770 3053/5/1771 3045/5/1772
f 3093/6/1773 3094/6/1773 3091/6/1773 3092/6/1773 3097/6/1773 3098/6/1773 3095/6/1773 3096/6/1773
f 3063/6/1752 3061/6/1752 3091/6/1752 3094/6/1752
f 3078/5/1774 3086/5/1775 3087/5/1775 3079/5/1774
f 3065/6/1774 3064/6/1774 3093/6/1774 3096/6/1774
f 3069/5/1776 3067/5/1744 3024/5/1777 3026/5/1777
f 3073/5/1726 3071/5/1725 3020/5/1778 3022/5/1778
f 3074/5/1733 3105/5/1779 3104/5/1727 3073/5/1726
f 3014/5/1780 3017/5/1780 3018/5/1780 3015/5/1780 3016/5/1780 3011/5/1780 3012/5/1780 3013/5/1780
f 3070/5/1741 3109/5/1781 3108/5/1782 3069/5/1776
f 3076/5/1739 3081/5/1739 3090/5/1783 3083/5/1783
f 3046/5/1784 3054/5/1785 3055/5/1786 3047/5/1787
f 3105/5/1779 3074/5/1733 3068/5/1732 3112/5/1743
f 3053/5/1788 3052/5/1788 3081/5/1739 3076/5/1739
f 3059/5/1789 3062/5/1790 3083/5/1791 3090/5/1792
f 3057/5/1793 3056/5/1793 3078/5/1774 3079/5/1774
f 3060/6/1721 3066/6/1721 3095/6/1721 3098/6/1721
f 3061/5/1794 3063/5/1795 3085/5/1796 3084/5/1797
f 3060/5/1798 3089/5/1799 3088/5/1800 3066/5/1801
f 3100/5/1802 3072/5/1740 3071/5/1725 3101/5/1724
f 3014/5/1803 3106/5/1804 3111/5/1804 3017/5/1803
f 3018/5/1805 3114/5/1806 3107/5/1806 3015/5/1805
f 3068/5/1732 3023/5/1807 3024/5/1807 3067/5/1744
f 3108/5/1782 3113/5/1745 3067/5/1744 3069/5/1776
f 3072/5/1740 3019/5/1808 3020/5/1808 3071/5/1725
f 3106/5/1809 3014/5/1809 3013/5/1809 3103/5/1809
f 3019/5/1810 3027/5/1810 3028/5/1810 3020/5/1810
f 3030/5/1811 3021/5/1811 3022/5/1811 3029/5/1811
f 3026/5/1812 3033/5/1812 3034/5/1812 3025/5/1812
f 3032/5/1813 3024/5/1813 3023/5/1813 3031/5/1813
f 3033/5/1814 3041/5/1814 3042/5/1814 3034/5/1814
f 3036/5/1815 3028/5/1815 3027/5/1815 3035/5/1815
f 3029/5/1816 3037/5/1816 3038/5/1816 3030/5/1816
f 3040/5/1817 3032/5/1817 3031/5/1817 3039/5/1817
f 3039/5/1818 3047/5/1818 3048/5/1818 3040/5/1818
f 3050/5/1819 3042/5/1819 3041/5/1819 3049/5/1819
f 3035/5/1820 3043/5/1820 3044/5/1820 3036/5/1820
f 3046/5/1821 3038/5/1821 3037/5/1821 3045/5/1821
f 3049/5/1764 3057/5/1763 3058/5/1737 3050/5/1736
f 3052/5/1770 3044/5/1769 3043/5/1735 3051/5/1738
f 3045/5/1772 3053/5/1771 3054/5/1785 3046/5/1784
f 3056/5/1762 3048/5/1761 3047/5/1787 3055/5/1786
f 3076/5/1822 3083/5/1823 3084/5/1823 3075/5/1822
f 3078/5/1824 3056/5/1825 3055/5/1825 3077/5/1824
f 3080/5/1826 3058/5/1827 3057/5/1827 3079/5/1826
f 3082/5/1828 3089/5/1829 3090/5/1829 3081/5/1828
f 3062/6/1822 3092/6/1822 3091/6/1822 3061/6/1822
f 3060/6/1828 3098/6/1828 3097/6/1828 3059/6/1828
f 3114/5/1830 3018/5/1830 3017/5/1830 3111/5/1830
f 3025/5/1831 3070/5/1741 3069/5/1776 3026/5/1831
f 3100/5/1802 3109/5/1781 3070/5/1741 3072/5/1740
f 3021/5/1832 3074/5/1733 3073/5/1726 3022/5/1832
f 3053/5/1833 3076/5/1822 3075/5/1822 3054/5/1833
f 3086/5/1834 3078/5/1824 3077/5/1824 3085/5/1834
f 3088/5/1835 3080/5/1826 3079/5/1826 3087/5/1835
f 3051/5/1836 3082/5/1828 3081/5/1828 3052/5/1836
f 3061/5/1794 3084/5/1797 3083/5/1791 3062/5/1790
f 3064/5/1765 3086/5/1768 3085/5/1796 3063/5/1795
f 3066/5/1801 3088/5/1800 3087/5/1767 3065/5/1766
f 3059/5/1789 3090/5/1792 3089/5/1799 3060/5/1798
f 3095/6/1826 3066/6/1826 3065/6/1826 3096/6/1826
f 3063/6/1824 3094/6/1824 3093/6/1824 3064/6/1824
f 3082/5/1721 3080/5/1721 3088/5/1837 3089/5/1837
f 3100/5/1802 3101/5/1724 3102/5/1838 3099/5/1838
f 3104/5/1727 3105/5/1779 3106/5/1839 3103/5/1839
f 3112/5/1743 3113/5/1745 3114/5/1840 3111/5/1840
f 3108/5/1782 3109/5/1781 3110/5/1841 3107/5/1841
f 3101/5/1724 3104/5/1727 3103/5/1723 3102/5/1723
f 3109/5/1781 3100/5/1802 3099/5/1719 3110/5/1719
f 3113/5/1745 3108/5/1782 3107/5/1806 3114/5/1806
f 3105/5/1779 3112/5/1743 3111/5/1804 3106/5/1804
f 3011/5/1842 3099/5/1842 3102/5/1842 3012/5/1842
f 3214/5/1843 3120/5/1844 3119/5/1845 3211/5/1846
f 3120/5/1844 3214/5/1843 3203/5/1847 3115/5/1848
f 3155/5/1849 3162/5/1849 3184/5/1850 3186/5/1850
f 3116/5/1851 3206/5/1852 3207/5/1853 3117/5/1854
f 3205/5/1855 3175/5/1856 3177/5/1857 3208/5/1858
f 3123/5/1859 3129/5/1859 3138/5/1859 3131/5/1859
f 3124/5/1860 3132/5/1860 3133/5/1860 3126/5/1860
f 3131/5/1861 3138/5/1861 3146/5/1861 3139/5/1861
f 3172/5/1862 3178/5/1863 3125/5/1864 3127/5/1864
f 3147/5/1865 3154/5/1866 3162/5/1867 3155/5/1868
f 3163/6/1869 3201/6/1869 3196/6/1869 3166/6/1869
f 3176/5/1870 3174/5/1871 3129/5/1872 3123/5/1872
f 3216/5/1873 3172/5/1862 3171/5/1874 3217/5/1875
f 3130/5/1876 3128/5/1876 3136/5/1876 3137/5/1876
f 3125/5/1877 3134/5/1877 3135/5/1877 3127/5/1877
f 3144/5/1878 3152/5/1878 3153/5/1878 3145/5/1878
f 3136/5/1879 3144/5/1879 3145/5/1879 3137/5/1879
f 3159/5/1880 3158/5/1880 3179/5/1881 3181/5/1881
f 3132/5/1882 3140/5/1882 3141/5/1882 3133/5/1882
f 3134/5/1883 3142/5/1883 3143/5/1883 3135/5/1883
f 3139/5/1884 3146/5/1884 3154/5/1884 3147/5/1884
f 3142/5/1885 3150/5/1885 3151/5/1885 3143/5/1885
f 3179/5/1881 3188/5/1886 3189/5/1886 3181/5/1881
f 3140/5/1887 3148/5/1887 3149/5/1887 3141/5/1887
f 3152/5/1888 3160/5/1889 3161/5/1890 3153/5/1891
f 3168/5/1892 3169/5/1893 3191/5/1894 3190/5/1895
f 3148/5/1896 3156/5/1897 3157/5/1898 3149/5/1899
f 3197/6/1900 3198/6/1900 3195/6/1900 3196/6/1900 3201/6/1900 3202/6/1900 3199/6/1900 3200/6/1900
f 3167/6/1881 3165/6/1881 3195/6/1881 3198/6/1881
f 3182/5/1901 3190/5/1902 3191/5/1902 3183/5/1901
f 3169/6/1901 3168/6/1901 3197/6/1901 3200/6/1901
f 3173/5/1903 3171/5/1874 3128/5/1904 3130/5/1904
f 3177/5/1857 3175/5/1856 3124/5/1905 3126/5/1905
f 3178/5/1863 3209/5/1906 3208/5/1858 3177/5/1857
f 3118/5/1907 3121/5/1907 3122/5/1907 3119/5/1907 3120/5/1907 3115/5/1907 3116/5/1907 3117/5/1907
f 3174/5/1871 3213/5/1908 3212/5/1909 3173/5/1903
f 3180/5/1869 3185/5/1869 3194/5/1910 3187/5/1910
f 3150/5/1911 3158/5/1912 3159/5/1913 3151/5/1914
f 3209/5/1906 3178/5/1863 3172/5/1862 3216/5/1873
f 3157/5/1915 3156/5/1915 3185/5/1869 3180/5/1869
f 3163/5/1916 3166/5/1917 3187/5/1918 3194/5/1919
f 3161/5/1920 3160/5/1920 3182/5/1901 3183/5/1901
f 3164/6/1850 3170/6/1850 3199/6/1850 3202/6/1850
f 3165/5/1921 3167/5/1922 3189/5/1923 3188/5/1924
f 3164/5/1925 3193/5/1926 3192/5/1927 3170/5/1928
f 3204/5/1929 3176/5/1870 3175/5/1856 3205/5/1855
f 3118/5/1930 3210/5/1931 3215/5/1932 3121/5/1933
f 3122/5/1934 3218/5/1935 3211/5/1846 3119/5/1845
f 3172/5/1862 3127/5/1936 3128/5/1936 3171/5/1874
f 3212/5/1909 3217/5/1875 3171/5/1874 3173/5/1903
f 3176/5/1870 3123/5/1937 3124/5/1937 3175/5/1856
f 3210/5/1931 3118/5/1930 3117/5/1854 3207/5/1853
f 3123/5/1938 3131/5/1938 3132/5/1938 3124/5/1938
f 3134/5/1939 3125/5/1939 3126/5/1939 3133/5/1939
f 3130/5/1940 3137/5/1940 3138/5/1940 3129/5/1940
f 3136/5/1941 3128/5/1941 3127/5/1941 3135/5/1941
f 3137/5/1942 3145/5/1942 3146/5/1942 3138/5/1942
f 3140/5/1943 3132/5/1943 3131/5/1943 3139/5/1943
f 3133/5/1944 3141/5/1944 3142/5/1944 3134/5/1944
f 3144/5/1945 3136/5/1945 3135/5/1945 3143/5/1945
f 3143/5/1946 3151/5/1946 3152/5/1946 3144/5/1946
f 3154/5/1947 3146/5/1947 3145/5/1947 3153/5/1947
f 3139/5/1948 3147/5/1948 3148/5/1948 3140/5/1948
f 3150/5/1949 3142/5/1949 3141/5/1949 3149/5/1949
f 3153/5/1891 3161/5/1890 3162/5/1867 3154/5/1866
f 3156/5/1897 3148/5/1896 3147/5/1865 3155/5/1868
f 3149/5/1899 3157/5/1898 3158/5/1912 3150/5/1911
f 3160/5/1889 3152/5/1888 3151/5/1914 3159/5/1913
f 3180/5/1950 3187/5/1951 3188/5/1951 3179/5/1950
f 3182/5/1952 3160/5/1953 3159/5/1953 3181/5/1952
f 3184/5/1954 3162/5/1955 3161/5/1955 3183/5/1954
f 3186/5/1956 3193/5/1957 3194/5/1957 3185/5/1956
f 3166/6/1950 3196/6/1950 3195/6/1950 3165/6/1950
f 3164/6/1956 3202/6/1956 3201/6/1956 3163/6/1956
f 3218/5/1935 3122/5/1934 3121/5/1933 3215/5/1932
f 3129/5/1958 3174/5/1871 3173/5/1903 3130/5/1958
f 3204/5/1929 3213/5/1908 3174/5/1871 3176/5/1870
f 3125/5/1959 3178/5/1863 3177/5/1857 3126/5/1959
f 3157/5/1960 3180/5/1950 3179/5/1950 3158/5/1960
f 3190/5/1961 3182/5/1952 3181/5/1952 3189/5/1961
f 3192/5/1962 3184/5/1954 3183/5/1954 3191/5/1962
f 3155/5/1963 3186/5/1956 3185/5/1956 3156/5/1963
f 3165/5/1921 3188/5/1924 3187/5/1918 3166/5/1917
f 3168/5/1892 3190/5/1895 3189/5/1923 3167/5/1922
f 3170/5/1928 3192/5/1927 3191/5/1894 3169/5/1893
f 3163/5/1916 3194/5/1919 3193/5/1926 3164/5/1925
f 3199/6/1954 3170/6/1954 3169/6/1954 3200/6/1954
f 3167/6/1952 3198/6/1952 3197/6/1952 3168/6/1952
f 3186/5/1850 3184/5/1850 3192/5/1964 3193/5/1964
f 3204/5/1929 3205/5/1855 3206/5/1965 3203/5/1965
f 3208/5/1858 3209/5/1906 3210/5/1966 3207/5/1966
f 3216/5/1873 3217/5/1875 3218/5/1967 3215/5/1967
f 3212/5/1909 3213/5/1908 3214/5/1968 3211/5/1968
f 3205/5/1855 3208/5/1858 3207/5/1969 3206/5/1969
f 3213/5/1908 3204/5/1929 3203/5/1970 3214/5/1970
f 3217/5/1875 3212/5/1909 3211/5/1971 3218/5/1971
f 3209/5/1906 3216/5/1873 3215/5/1972 3210/5/1972
f 3115/5/1848 3203/5/1847 3206/5/1852 3116/5/1851
f 3237/1/1973 3238/1/1973 3225/1/1973 3250/1/1974 3251/1/1975
f 3804/1/1976 3283/1/1976 3292/1/1976 3242/1/1976
f 3805/1/1977 3734/1/1977 3259/1/1978 3810/1/1979
f 3239/1/1980 3237/1/1980 3251/1/1975 3252/1/1981
f 3239/1/346 3252/1/346 3255/1/346 3240/1/346
f 3238/1/1973 3227/1/1973 3270/1/1973 3286/1/1973
f 3735/1/1982 3227/1/1982 3249/1/1983 3256/1/1984
f 3234/1/341 3233/1/341 3226/1/341 3228/1/341
f 3257/1/1985 3248/1/1986 3237/1/1980 3239/1/1980
f 3226/1/1987 3233/1/1987 3224/1/1987 3222/1/1987
f 3253/1/1988 3250/1/1974 3225/1/1989 3230/1/1989
f 3232/1/341 3231/1/341 3745/1/341 3747/1/341
f 3844/1/1990 3839/1/1991 3821/1/1992 3826/1/1992
f 3225/1/1973 3238/1/1973 3286/1/1973 3271/1/1973
f 3277/1/1982 3270/1/1982 3227/1/1982 3735/1/1982
f 3219/1/346 3220/1/346 3222/1/346 3224/1/346
f 3811/1/1993 3240/1/1993 3255/1/1994 3808/1/1995
f 3807/1/1996 3254/1/1997 3229/1/1998 3803/1/1998
f 3803/1/1998 3229/1/1998 3280/1/1998 3802/1/1998
f 3230/1/1976 3281/1/1976 3280/1/1976 3229/1/1976
f 3257/1/346 3239/1/346 3240/1/346 3258/1/346
f 3228/1/1999 3226/1/1999 3222/1/1999 3220/1/1999
f 3253/1/1976 3230/1/1976 3229/1/1976 3254/1/1976
f 3231/1/341 3243/1/341 3748/1/341 3745/1/341
f 3735/1/2000 3256/1/2000 3259/1/2000 3734/1/2001
f 3230/1/1989 3225/1/1989 3271/1/1989 3281/1/1989
f 3237/1/1973 3248/1/1986 3249/1/1983 3227/1/1973 3238/1/1973
f 3847/1/2002 3846/1/2003 3829/1/2004 3830/1/2005
f 3233/1/2006 3234/1/2006 3219/1/2006 3224/1/2006
f 3234/1/2007 3228/1/2007 3220/1/2007 3219/1/2007
f 3242/1/1987 3292/1/1987 3291/1/1987 3241/1/1987
f 3291/1/2008 3295/1/2008 3737/1/2009 3241/1/2010
f 3734/1/2001 3805/1/2011 3241/1/2010 3737/1/2009
f 3805/1/2012 3804/1/2012 3242/1/2012 3241/1/2012
f 3257/1/2013 3258/1/2013 3259/1/2013 3256/1/2013
f 3253/1/2014 3254/1/2014 3255/1/2014 3252/1/2014
f 3808/1/1995 3255/1/1994 3254/1/1997 3807/1/1996
f 3252/1/1981 3251/1/1975 3250/1/1974 3253/1/1988
f 3248/1/1986 3257/1/1985 3256/1/1984 3249/1/1983
f 3258/1/2015 3809/1/2016 3810/1/1979 3259/1/1978
f 3809/1/2016 3258/1/2015 3240/1/1993 3811/1/1993
f 3845/1/2017 3844/1/2018 3826/1/2019 3833/1/2019
f 3285/1/1973 3303/1/2020 3302/1/2021 3267/1/1973 3287/1/1973
f 3813/1/1976 3293/1/1976 3292/1/1976 3283/1/1976
f 3814/1/1977 3818/1/2022 3311/1/2023 3739/1/1977
f 3288/1/2024 3304/1/2025 3303/1/2020 3285/1/2024
f 3288/1/341 3289/1/341 3307/1/341 3304/1/341
f 3287/1/1973 3286/1/1973 3270/1/1973 3269/1/1973
f 3740/1/1982 3308/1/2026 3301/1/2027 3269/1/1982
f 3279/1/346 3272/1/346 3268/1/346 3278/1/346
f 3309/1/2028 3288/1/2024 3285/1/2024 3300/1/2029
f 3268/1/1987 3264/1/1987 3266/1/1987 3278/1/1987
f 3305/1/2030 3274/1/1989 3267/1/1989 3302/1/2021
f 3275/1/346 3276/1/346 3749/1/346 3746/1/346
f 3843/1/2031 3838/1/2032 3827/1/2033 3835/1/2034
f 3267/1/1973 3271/1/1973 3286/1/1973 3287/1/1973
f 3277/1/1982 3740/1/1982 3269/1/1982 3270/1/1982
f 3260/1/341 3266/1/341 3264/1/341 3262/1/341
f 3819/1/2035 3816/1/2036 3307/1/2037 3289/1/2035
f 3815/1/2038 3812/1/1998 3273/1/1998 3306/1/2039
f 3812/1/1998 3802/1/1998 3280/1/1998 3273/1/1998
f 3274/1/1976 3273/1/1976 3280/1/1976 3281/1/1976
f 3309/1/341 3310/1/341 3289/1/341 3288/1/341
f 3272/1/2040 3262/1/2040 3264/1/2040 3268/1/2040
f 3305/1/1976 3306/1/1976 3273/1/1976 3274/1/1976
f 3294/1/346 3275/1/346 3746/1/346 3750/1/346
f 3740/1/2000 3739/1/2041 3311/1/2000 3308/1/2000
f 3274/1/1989 3281/1/1989 3271/1/1989 3267/1/1989
f 3285/1/1973 3287/1/1973 3269/1/1973 3301/1/2027 3300/1/2029
f 3839/1/1991 3840/1/1990 3823/1/1992 3821/1/1992
f 3278/1/2042 3266/1/2042 3260/1/2042 3279/1/2042
f 3279/1/2043 3260/1/2043 3262/1/2043 3272/1/2043
f 3293/1/1987 3290/1/1987 3291/1/1987 3292/1/1987
f 3291/1/2008 3290/1/2044 3741/1/2045 3295/1/2008
f 3739/1/2041 3741/1/2045 3290/1/2044 3814/1/2046
f 3814/1/2047 3290/1/2047 3293/1/2047 3813/1/2047
f 3309/1/2048 3308/1/2048 3311/1/2048 3310/1/2048
f 3305/1/2049 3304/1/2049 3307/1/2049 3306/1/2049
f 3816/1/2036 3815/1/2038 3306/1/2039 3307/1/2037
f 3304/1/2025 3305/1/2030 3302/1/2021 3303/1/2020
f 3300/1/2029 3301/1/2027 3308/1/2026 3309/1/2028
f 3310/1/2050 3311/1/2023 3818/1/2022 3817/1/2051
f 3817/1/2051 3819/1/2035 3289/1/2035 3310/1/2050
f 3841/1/2052 3842/1/2052 3825/1/2053 3820/1/2053
f 3314/1/2054 3321/1/2055 3319/1/2056 3312/1/2056
f 3316/1/2057 3317/1/2058 3324/1/2059 3323/1/2060
f 3313/1/2061 3318/1/2062 3325/1/2062 3320/1/2063
f 3318/1/2062 3316/1/2057 3323/1/2060 3325/1/2062
f 3313/1/2061 3320/1/2063 3321/1/2055 3314/1/2054
f 3317/1/2058 3315/1/2064 3322/1/2064 3324/1/2059
f 3326/1/2065 3328/1/2066 3335/1/2066 3333/1/2067
f 3329/1/2068 3336/1/2069 3339/1/2070 3332/1/2071
f 3327/1/2072 3334/1/2073 3337/1/2074 3330/1/2074
f 3330/1/2074 3337/1/2074 3336/1/2069 3329/1/2068
f 3327/1/2072 3326/1/2065 3333/1/2067 3334/1/2073
f 3332/1/2071 3339/1/2070 3338/1/2075 3331/1/2075
f 3315/1/2076 3317/1/2077 3332/1/2078 3331/1/2076
f 3320/1/2079 3325/1/2080 3337/1/2080 3334/1/2081
f 3317/1/2077 3316/1/2082 3329/1/2083 3332/1/2078
f 3318/1/2084 3313/1/2085 3327/1/2086 3330/1/2084
f 3312/1/2087 3319/1/2087 3335/1/2087 3328/1/2087
f 3321/1/2088 3320/1/2079 3334/1/2081 3333/1/2089
f 3322/1/2090 3315/1/2090 3331/1/2090 3338/1/2090
f 3319/1/2091 3321/1/2088 3333/1/2089 3335/1/2091
f 3313/1/2085 3314/1/2092 3326/1/2093 3327/1/2086
f 3325/1/2080 3323/1/2094 3336/1/2095 3337/1/2080
f 3314/1/2092 3312/1/2096 3328/1/2096 3326/1/2093
f 3324/1/2097 3322/1/2098 3338/1/2098 3339/1/2099
f 3316/1/2082 3318/1/2084 3330/1/2084 3329/1/2083
f 3323/1/2094 3324/1/2097 3339/1/2099 3336/1/2095
f 3342/1/2100 3349/1/2101 3347/1/2102 3340/1/2102
f 3344/1/2103 3345/1/2104 3352/1/2105 3351/1/2103
f 3341/1/2106 3346/1/2107 3353/1/2107 3348/1/2106
f 3346/1/2107 3344/1/2108 3351/1/2108 3353/1/2107
f 3341/1/2109 3348/1/2109 3349/1/2101 3342/1/2100
f 3345/1/2104 3343/1/2110 3350/1/2110 3352/1/2105
f 3354/1/2111 3356/1/2112 3363/1/2112 3361/1/2113
f 3357/1/2114 3364/1/2114 3367/1/2115 3360/1/2116
f 3355/1/2117 3362/1/2117 3365/1/2118 3358/1/2118
f 3358/1/2118 3365/1/2118 3364/1/2119 3357/1/2119
f 3355/1/2120 3354/1/2111 3361/1/2113 3362/1/2120
f 3360/1/2116 3367/1/2115 3366/1/2121 3359/1/2121
f 3343/1/2122 3345/1/2123 3360/1/2124 3359/1/2122
f 3348/1/2125 3353/1/2126 3365/1/2126 3362/1/2127
f 3345/1/2123 3344/1/2128 3357/1/2129 3360/1/2124
f 3346/1/2130 3341/1/2131 3355/1/2132 3358/1/2130
f 3340/1/2133 3347/1/2133 3363/1/2133 3356/1/2133
f 3349/1/2134 3348/1/2125 3362/1/2127 3361/1/2135
f 3350/1/2136 3343/1/2136 3359/1/2136 3366/1/2136
f 3347/1/2137 3349/1/2134 3361/1/2135 3363/1/2137
f 3341/1/2131 3342/1/2138 3354/1/2139 3355/1/2132
f 3353/1/2126 3351/1/2140 3364/1/2141 3365/1/2126
f 3342/1/2138 3340/1/2142 3356/1/2142 3354/1/2139
f 3352/1/2143 3350/1/2144 3366/1/2144 3367/1/2145
f 3344/1/2128 3346/1/2130 3358/1/2130 3357/1/2129
f 3351/1/2140 3352/1/2143 3367/1/2145 3364/1/2141
f 3370/1/2146 3368/1/2147 3375/1/2147 3377/1/2148
f 3372/1/2149 3379/1/2150 3380/1/2151 3373/1/2152
f 3369/1/2153 3376/1/2154 3381/1/2155 3374/1/2155
f 3374/1/2155 3381/1/2155 3379/1/2150 3372/1/2149
f 3369/1/2153 3370/1/2146 3377/1/2148 3376/1/2154
f 3373/1/2152 3380/1/2151 3378/1/2156 3371/1/2156
f 3382/1/2157 3389/1/2158 3391/1/2159 3384/1/2159
f 3385/1/2160 3388/1/2161 3395/1/2162 3392/1/2163
f 3383/1/2164 3386/1/2165 3393/1/2165 3390/1/2166
f 3386/1/2165 3385/1/2160 3392/1/2163 3393/1/2165
f 3383/1/2164 3390/1/2166 3389/1/2158 3382/1/2157
f 3388/1/2161 3387/1/2167 3394/1/2167 3395/1/2162
f 3371/1/2168 3387/1/2168 3388/1/2169 3373/1/2170
f 3376/1/2171 3390/1/2172 3393/1/2173 3381/1/2173
f 3373/1/2170 3388/1/2169 3385/1/2174 3372/1/2175
f 3374/1/2176 3386/1/2176 3383/1/2177 3369/1/2178
f 3368/1/2179 3384/1/2179 3391/1/2179 3375/1/2179
f 3377/1/2180 3389/1/2181 3390/1/2172 3376/1/2171
f 3378/1/2182 3394/1/2182 3387/1/2182 3371/1/2182
f 3375/1/2183 3391/1/2183 3389/1/2181 3377/1/2180
f 3369/1/2178 3383/1/2177 3382/1/2184 3370/1/2185
f 3381/1/2173 3393/1/2173 3392/1/2186 3379/1/2187
f 3370/1/2185 3382/1/2184 3384/1/2188 3368/1/2188
f 3380/1/2189 3395/1/2190 3394/1/2191 3378/1/2191
f 3372/1/2175 3385/1/2174 3386/1/2176 3374/1/2176
f 3379/1/2187 3392/1/2186 3395/1/2190 3380/1/2189
f 3398/1/2192 3396/1/2193 3403/1/2193 3405/1/2194
f 3400/1/2195 3407/1/2195 3408/1/2196 3401/1/2197
f 3397/1/2198 3404/1/2198 3409/1/2199 3402/1/2199
f 3402/1/2199 3409/1/2199 3407/1/2200 3400/1/2200
f 3397/1/2201 3398/1/2192 3405/1/2194 3404/1/2201
f 3401/1/2197 3408/1/2196 3406/1/2202 3399/1/2202
f 3410/1/2203 3417/1/2204 3419/1/2205 3412/1/2205
f 3413/1/2206 3416/1/2207 3423/1/2208 3420/1/2206
f 3411/1/2209 3414/1/2210 3421/1/2210 3418/1/2209
f 3414/1/2210 3413/1/2211 3420/1/2211 3421/1/2210
f 3411/1/2212 3418/1/2212 3417/1/2204 3410/1/2203
f 3416/1/2207 3415/1/2213 3422/1/2213 3423/1/2208
f 3399/1/2214 3415/1/2214 3416/1/2215 3401/1/2216
f 3404/1/2217 3418/1/2218 3421/1/2219 3409/1/2219
f 3401/1/2216 3416/1/2215 3413/1/2220 3400/1/2221
f 3402/1/2222 3414/1/2222 3411/1/2223 3397/1/2224
f 3396/1/2225 3412/1/2225 3419/1/2225 3403/1/2225
f 3405/1/2226 3417/1/2227 3418/1/2218 3404/1/2217
f 3406/1/2228 3422/1/2228 3415/1/2228 3399/1/2228
f 3403/1/2229 3419/1/2229 3417/1/2227 3405/1/2226
f 3397/1/2224 3411/1/2223 3410/1/2230 3398/1/2231
f 3409/1/2219 3421/1/2219 3420/1/2232 3407/1/2233
f 3398/1/2231 3410/1/2230 3412/1/2234 3396/1/2234
f 3408/1/2235 3423/1/2236 3422/1/2237 3406/1/2237
f 3400/1/2221 3413/1/2220 3414/1/2222 3402/1/2222
f 3407/1/2233 3420/1/2232 3423/1/2236 3408/1/2235
f 3431/2/2238 3429/2/2239 3425/2/2240 3427/2/2240
f 3428/2/2241 3430/2/2242 3454/2/2243 3452/2/2243
f 3424/2/2244 3426/2/2244 3430/2/2242 3428/2/2241
f 3455/2/2245 3453/2/2246 3429/2/2239 3431/2/2238
f 3435/2/2247 3434/2/2248 3462/2/2249 3463/2/2250
f 3433/2/2251 3432/2/2251 3434/2/2248 3435/2/2247
f 3443/2/2252 3442/2/2253 3439/2/2253 3438/2/2254
f 3436/2/2255 3475/2/2256 3476/2/2257 3441/2/2258
f 3437/2/2259 3436/2/2255 3441/2/2258 3440/2/2259
f 3474/2/2260 3443/2/2252 3438/2/2254 3477/2/2261
f 3447/2/2262 3482/2/2263 3483/2/2264 3444/2/2265
f 3446/2/2266 3447/2/2262 3444/2/2265 3445/2/2266
f 3432/2/2267 3433/2/2267 3446/2/2267 3445/2/2267
f 3433/2/2268 3435/2/2269 3447/2/2270 3446/2/2268
f 3428/2/2271 3452/2/2272 3475/2/2273 3436/2/2274
f 3429/2/2275 3453/2/2276 3477/2/2277 3438/2/2278
f 3424/2/2279 3428/2/2271 3436/2/2274 3437/2/2279
f 3454/2/2280 3430/2/2281 3441/2/2282 3476/2/2283
f 3425/2/2284 3429/2/2275 3438/2/2278 3439/2/2284
f 3426/2/2285 3424/2/2285 3437/2/2285 3440/2/2285
f 3431/2/2286 3427/2/2287 3442/2/2287 3443/2/2288
f 3430/2/2281 3426/2/2289 3440/2/2289 3441/2/2282
f 3427/2/2290 3425/2/2290 3439/2/2290 3442/2/2290
f 3462/2/2291 3434/2/2292 3444/2/2293 3483/2/2294
f 3435/2/2269 3463/2/2295 3482/2/2296 3447/2/2270
f 3455/2/2297 3431/2/2286 3443/2/2288 3474/2/2298
f 3434/2/2292 3432/2/2299 3445/2/2299 3444/2/2293
f 3459/2/2300 3451/2/2301 3449/2/2301 3457/2/2302
f 3456/2/2303 3452/2/2243 3454/2/2243 3458/2/2304
f 3448/2/2305 3456/2/2303 3458/2/2304 3450/2/2305
f 3455/2/2245 3459/2/2300 3457/2/2302 3453/2/2246
f 3465/2/2306 3463/2/2250 3462/2/2249 3464/2/2307
f 3461/2/2308 3465/2/2306 3464/2/2307 3460/2/2308
f 3473/2/2309 3468/2/2310 3469/2/2311 3472/2/2311
f 3466/2/2312 3471/2/2313 3476/2/2257 3475/2/2256
f 3467/2/2314 3470/2/2314 3471/2/2313 3466/2/2312
f 3474/2/2260 3477/2/2261 3468/2/2310 3473/2/2309
f 3481/2/2315 3478/2/2316 3483/2/2264 3482/2/2263
f 3480/2/2317 3479/2/2317 3478/2/2316 3481/2/2315
f 3460/2/2318 3479/2/2318 3480/2/2318 3461/2/2318
f 3461/2/2319 3480/2/2319 3481/2/2320 3465/2/2321
f 3456/2/2322 3466/2/2323 3475/2/2273 3452/2/2272
f 3457/2/2324 3468/2/2325 3477/2/2277 3453/2/2276
f 3448/2/2326 3467/2/2326 3466/2/2323 3456/2/2322
f 3454/2/2280 3476/2/2283 3471/2/2327 3458/2/2328
f 3449/2/2329 3469/2/2329 3468/2/2325 3457/2/2324
f 3450/2/2330 3470/2/2330 3467/2/2330 3448/2/2330
f 3459/2/2331 3473/2/2332 3472/2/2333 3451/2/2333
f 3458/2/2328 3471/2/2327 3470/2/2334 3450/2/2334
f 3451/2/2335 3472/2/2335 3469/2/2335 3449/2/2335
f 3462/2/2291 3483/2/2294 3478/2/2336 3464/2/2337
f 3465/2/2321 3481/2/2320 3482/2/2296 3463/2/2295
f 3455/2/2297 3474/2/2298 3473/2/2332 3459/2/2331
f 3464/2/2337 3478/2/2336 3479/2/2338 3460/2/2338
f 3491/2/2339 3487/2/2340 3485/2/2340 3489/2/2341
f 3488/2/2342 3512/2/2343 3514/2/2343 3490/2/2344
f 3484/2/2345 3488/2/2342 3490/2/2344 3486/2/2345
f 3515/2/2346 3491/2/2339 3489/2/2341 3513/2/2347
f 3495/2/2348 3523/2/2349 3522/2/2350 3494/2/2351
f 3493/2/2352 3495/2/2348 3494/2/2351 3492/2/2352
f 3503/2/2353 3498/2/2354 3499/2/2355 3502/2/2355
f 3496/2/2356 3501/2/2357 3536/2/2358 3535/2/2359
f 3497/2/2360 3500/2/2360 3501/2/2357 3496/2/2356
f 3534/2/2361 3537/2/2362 3498/2/2354 3503/2/2353
f 3507/2/2363 3504/2/2364 3543/2/2365 3542/2/2366
f 3506/2/2367 3505/2/2367 3504/2/2364 3507/2/2363
f 3492/2/2368 3505/2/2368 3506/2/2368 3493/2/2368
f 3493/2/2369 3506/2/2369 3507/2/2370 3495/2/2371
f 3488/2/2372 3496/2/2373 3535/2/2374 3512/2/2375
f 3489/2/2376 3498/2/2377 3537/2/2378 3513/2/2379
f 3484/2/2380 3497/2/2380 3496/2/2373 3488/2/2372
f 3514/2/2381 3536/2/2382 3501/2/2383 3490/2/2384
f 3485/2/2385 3499/2/2385 3498/2/2377 3489/2/2376
f 3486/2/2386 3500/2/2386 3497/2/2386 3484/2/2386
f 3491/2/2387 3503/2/2388 3502/2/2389 3487/2/2389
f 3490/2/2384 3501/2/2383 3500/2/2390 3486/2/2390
f 3487/2/2391 3502/2/2391 3499/2/2391 3485/2/2391
f 3522/2/2392 3543/2/2393 3504/2/2394 3494/2/2395
f 3495/2/2371 3507/2/2370 3542/2/2396 3523/2/2397
f 3515/2/2398 3534/2/2399 3503/2/2388 3491/2/2387
f 3494/2/2395 3504/2/2394 3505/2/2400 3492/2/2400
f 3519/2/2401 3517/2/2402 3509/2/2403 3511/2/2403
f 3516/2/2404 3518/2/2405 3514/2/2343 3512/2/2343
f 3508/2/2406 3510/2/2406 3518/2/2405 3516/2/2404
f 3515/2/2346 3513/2/2347 3517/2/2402 3519/2/2401
f 3525/2/2407 3524/2/2408 3522/2/2350 3523/2/2349
f 3521/2/2409 3520/2/2409 3524/2/2408 3525/2/2407
f 3533/2/2410 3532/2/2411 3529/2/2411 3528/2/2412
f 3526/2/2413 3535/2/2359 3536/2/2358 3531/2/2414
f 3527/2/2415 3526/2/2413 3531/2/2414 3530/2/2415
f 3534/2/2361 3533/2/2410 3528/2/2412 3537/2/2362
f 3541/2/2416 3542/2/2366 3543/2/2365 3538/2/2417
f 3540/2/2418 3541/2/2416 3538/2/2417 3539/2/2418
f 3520/2/2419 3521/2/2419 3540/2/2419 3539/2/2419
f 3521/2/2420 3525/2/2421 3541/2/2422 3540/2/2420
f 3516/2/2423 3512/2/2375 3535/2/2374 3526/2/2424
f 3517/2/2425 3513/2/2379 3537/2/2378 3528/2/2426
f 3508/2/2427 3516/2/2423 3526/2/2424 3527/2/2427
f 3514/2/2381 3518/2/2428 3531/2/2429 3536/2/2382
f 3509/2/2430 3517/2/2425 3528/2/2426 3529/2/2430
f 3510/2/2431 3508/2/2431 3527/2/2431 3530/2/2431
f 3519/2/2432 3511/2/2433 3532/2/2433 3533/2/2434
f 3518/2/2428 3510/2/2435 3530/2/2435 3531/2/2429
f 3511/2/2335 3509/2/2335 3529/2/2335 3532/2/2335
f 3522/2/2392 3524/2/2436 3538/2/2437 3543/2/2393
f 3525/2/2421 3523/2/2397 3542/2/2396 3541/2/2422
f 3515/2/2398 3519/2/2432 3533/2/2434 3534/2/2399
f 3524/2/2436 3520/2/2438 3539/2/2438 3538/2/2437
f 3617/7/2439 3633/7/2440 3631/7/2440 3618/7/2441
f 3614/7/2442 3626/7/2443 3628/7/2444 3615/7/2445
f 3618/7/2446 3631/7/2447 3626/7/2448 3614/7/2449
f 3622/1/2450 3621/1/2450 3620/1/2451 3623/1/2451
f 3544/7/2452 3549/7/2453 3550/7/2453 3545/7/2454
f 3545/7/2455 3550/7/2456 3551/7/2456 3546/7/2457
f 3546/7/2458 3551/7/2459 3552/7/2459 3547/7/2458
f 3547/7/2460 3552/7/2461 3553/7/2461 3548/7/2462
f 3548/7/2463 3553/7/2464 3549/7/2464 3544/7/2465
f 3549/7/2453 3554/7/2466 3555/7/2466 3550/7/2453
f 3550/7/2456 3555/7/2467 3556/7/2467 3551/7/2456
f 3551/7/2459 3556/7/2468 3557/7/2468 3552/7/2459
f 3552/7/2461 3557/7/2469 3558/7/2469 3553/7/2461
f 3553/7/2464 3558/7/2470 3554/7/2470 3549/7/2464
f 3554/7/2466 3559/7/2471 3560/7/2471 3555/7/2466
f 3555/7/2467 3560/7/2472 3561/7/2472 3556/7/2467
f 3556/7/2468 3561/7/2000 3562/7/2000 3557/7/2468
f 3557/7/2469 3562/7/2473 3563/7/2473 3558/7/2469
f 3558/7/2470 3563/7/2474 3559/7/2474 3554/7/2470
f 3559/7/2471 3564/7/2475 3565/7/2475 3560/7/2471
f 3560/7/2472 3565/7/2476 3566/7/2476 3561/7/2472
f 3561/7/2000 3566/7/2477 3567/7/2477 3562/7/2000
f 3562/7/2473 3567/7/2478 3568/7/2478 3563/7/2473
f 3563/7/2474 3568/7/2479 3564/7/2479 3559/7/2474
f 3564/7/2475 3569/7/2480 3570/7/2480 3565/7/2475
f 3565/7/2476 3570/7/2481 3571/7/2481 3566/7/2476
f 3566/7/2477 3571/7/2482 3572/7/2482 3567/7/2477
f 3567/7/2478 3572/7/2483 3573/7/2483 3568/7/2478
f 3568/7/2479 3573/7/2484 3569/7/2484 3564/7/2479
f 3569/7/2480 3574/7/2485 3575/7/2485 3570/7/2480
f 3570/7/2481 3575/7/2486 3576/7/2486 3571/7/2481
f 3571/7/2482 3576/7/2487 3577/7/2487 3572/7/2482
f 3572/7/2483 3577/7/2488 3578/7/2488 3573/7/2483
f 3573/7/2484 3578/7/2489 3574/7/2489 3569/7/2484
f 3574/7/2485 3579/7/2490 3580/7/2490 3575/7/2485
f 3575/7/2486 3580/7/2491 3581/7/2491 3576/7/2486
f 3576/7/2487 3581/7/1973 3582/7/1973 3577/7/2487
f 3577/7/2488 3582/7/2492 3583/7/2492 3578/7/2488
f 3578/7/2489 3583/7/2493 3579/7/2493 3574/7/2489
f 3579/7/2490 3584/7/2494 3585/7/2494 3580/7/2490
f 3580/7/2491 3585/7/2495 3586/7/2495 3581/7/2491
f 3581/7/1973 3586/7/2496 3587/7/2496 3582/7/1973
f 3582/7/2492 3587/7/2497 3588/7/2497 3583/7/2492
f 3583/7/2493 3588/7/2498 3584/7/2498 3579/7/2493
f 3584/7/2494 3589/7/2499 3590/7/2499 3585/7/2494
f 3585/7/2495 3590/7/2500 3591/7/2500 3586/7/2495
f 3586/7/2496 3591/7/2501 3592/7/2501 3587/7/2496
f 3587/7/2497 3592/7/2502 3593/7/2502 3588/7/2497
f 3588/7/2498 3593/7/2503 3589/7/2503 3584/7/2498
f 3589/7/2499 3594/7/2504 3595/7/2504 3590/7/2499
f 3590/7/2500 3595/7/2505 3596/7/2505 3591/7/2500
f 3591/7/2501 3596/7/2506 3597/7/2506 3592/7/2501
f 3592/7/2502 3597/7/2507 3598/7/2507 3593/7/2502
f 3593/7/2503 3598/7/2508 3594/7/2508 3589/7/2503
f 3594/7/2504 3599/7/2509 3600/7/2509 3595/7/2504
f 3595/7/2505 3600/7/2510 3601/7/2510 3596/7/2505
f 3596/7/2506 3601/7/1976 3602/7/1976 3597/7/2506
f 3597/7/2507 3602/7/2511 3603/7/2511 3598/7/2507
f 3598/7/2508 3603/7/2512 3599/7/2512 3594/7/2508
f 3599/7/2509 3604/7/2513 3605/7/2513 3600/7/2509
f 3600/7/2510 3605/7/2514 3606/7/2514 3601/7/2510
f 3601/7/1976 3606/7/2515 3607/7/2515 3602/7/1976
f 3602/7/2511 3607/7/2516 3608/7/2516 3603/7/2511
f 3603/7/2512 3608/7/2517 3604/7/2517 3599/7/2512
f 3604/7/2513 3609/7/2518 3610/7/2518 3605/7/2513
f 3605/7/2514 3610/7/2519 3611/7/2519 3606/7/2514
f 3606/7/2515 3611/7/2520 3612/7/2520 3607/7/2515
f 3607/7/2516 3612/7/2521 3613/7/2521 3608/7/2516
f 3608/7/2517 3613/7/2522 3609/7/2522 3604/7/2517
f 3609/7/2518 3614/7/2442 3615/7/2445 3610/7/2518
f 3610/7/2519 3615/7/2523 3616/7/2524 3611/7/2519
f 3611/7/2520 3616/7/2525 3617/7/2525 3612/7/2520
f 3612/7/2521 3617/7/2439 3618/7/2441 3613/7/2521
f 3613/7/2522 3618/7/2446 3614/7/2449 3609/7/2522
f 3616/7/2525 3624/7/2526 3633/7/2526 3617/7/2525
f 3629/7/2527 3545/7/2455 3546/7/2457 3625/7/2527
f 3632/7/2528 3547/7/2460 3548/7/2462 3630/7/2528
f 3625/7/2529 3546/7/2458 3547/7/2458 3632/7/2529
f 3630/7/2530 3548/7/2463 3544/7/2465 3627/7/2531
f 3627/7/2532 3544/7/2452 3545/7/2454 3629/7/2533
f 3633/1/2526 3624/1/2526 3623/1/2451 3620/1/2451
f 3630/1/2530 3627/1/2531 3638/1/2534 3619/1/2535
f 3631/1/2536 3633/1/2536 3620/1/2536 3634/1/2536
f 3624/1/2537 3628/1/2537 3635/1/2537 3623/1/2537
f 3628/1/2444 3626/1/2443 3637/1/2538 3635/1/2539
f 3615/7/2523 3628/7/2527 3624/7/2527 3616/7/2524
f 3621/1/2440 3619/1/2440 3634/1/2440 3620/1/2440
f 3636/1/2527 3622/1/2527 3623/1/2527 3635/1/2527
f 3638/1/2540 3636/1/2541 3635/1/2539 3637/1/2538
f 3619/1/2535 3638/1/2534 3637/1/2542 3634/1/2543
f 3626/1/2448 3631/1/2447 3634/1/2543 3637/1/2542
f 3632/1/2544 3630/1/2544 3619/1/2544 3621/1/2544
f 3627/1/2532 3629/1/2533 3636/1/2541 3638/1/2540
f 3625/1/2529 3632/1/2529 3621/1/2450 3622/1/2450
f 3629/1/2545 3625/1/2545 3622/1/2545 3636/1/2545
f 3712/7/2524 3713/7/2523 3726/7/2527 3728/7/2527
f 3709/7/2449 3710/7/2446 3723/7/2447 3721/7/2448
f 3713/7/2445 3709/7/2442 3721/7/2443 3726/7/2444
f 3717/1/2450 3718/1/2451 3715/1/2451 3716/1/2450
f 3639/7/2465 3640/7/2463 3645/7/2464 3644/7/2464
f 3640/7/2462 3641/7/2460 3646/7/2461 3645/7/2461
f 3641/7/2458 3642/7/2458 3647/7/2459 3646/7/2459
f 3642/7/2457 3643/7/2455 3648/7/2456 3647/7/2456
f 3643/7/2454 3639/7/2452 3644/7/2453 3648/7/2453
f 3644/7/2464 3645/7/2464 3650/7/2470 3649/7/2470
f 3645/7/2461 3646/7/2461 3651/7/2469 3650/7/2469
f 3646/7/2459 3647/7/2459 3652/7/2468 3651/7/2468
f 3647/7/2456 3648/7/2456 3653/7/2467 3652/7/2467
f 3648/7/2453 3644/7/2453 3649/7/2466 3653/7/2466
f 3649/7/2470 3650/7/2470 3655/7/2474 3654/7/2474
f 3650/7/2469 3651/7/2469 3656/7/2473 3655/7/2473
f 3651/7/2468 3652/7/2468 3657/7/2000 3656/7/2000
f 3652/7/2467 3653/7/2467 3658/7/2472 3657/7/2472
f 3653/7/2466 3649/7/2466 3654/7/2471 3658/7/2471
f 3654/7/2474 3655/7/2474 3660/7/2479 3659/7/2479
f 3655/7/2473 3656/7/2473 3661/7/2478 3660/7/2478
f 3656/7/2000 3657/7/2000 3662/7/2477 3661/7/2477
f 3657/7/2472 3658/7/2472 3663/7/2476 3662/7/2476
f 3658/7/2471 3654/7/2471 3659/7/2475 3663/7/2475
f 3659/7/2479 3660/7/2479 3665/7/2484 3664/7/2484
f 3660/7/2478 3661/7/2478 3666/7/2483 3665/7/2483
f 3661/7/2477 3662/7/2477 3667/7/2482 3666/7/2482
f 3662/7/2476 3663/7/2476 3668/7/2481 3667/7/2481
f 3663/7/2475 3659/7/2475 3664/7/2480 3668/7/2480
f 3664/7/2484 3665/7/2484 3670/7/2489 3669/7/2489
f 3665/7/2483 3666/7/2483 3671/7/2488 3670/7/2488
f 3666/7/2482 3667/7/2482 3672/7/2487 3671/7/2487
f 3667/7/2481 3668/7/2481 3673/7/2486 3672/7/2486
f 3668/7/2480 3664/7/2480 3669/7/2485 3673/7/2485
f 3669/7/2489 3670/7/2489 3675/7/2493 3674/7/2493
f 3670/7/2488 3671/7/2488 3676/7/2492 3675/7/2492
f 3671/7/2487 3672/7/2487 3677/7/1973 3676/7/1973
f 3672/7/2486 3673/7/2486 3678/7/2491 3677/7/2491
f 3673/7/2485 3669/7/2485 3674/7/2490 3678/7/2490
f 3674/7/2493 3675/7/2493 3680/7/2498 3679/7/2498
f 3675/7/2492 3676/7/2492 3681/7/2497 3680/7/2497
f 3676/7/1973 3677/7/1973 3682/7/2496 3681/7/2496
f 3677/7/2491 3678/7/2491 3683/7/2495 3682/7/2495
f 3678/7/2490 3674/7/2490 3679/7/2494 3683/7/2494
f 3679/7/2498 3680/7/2498 3685/7/2503 3684/7/2503
f 3680/7/2497 3681/7/2497 3686/7/2502 3685/7/2502
f 3681/7/2496 3682/7/2496 3687/7/2501 3686/7/2501
f 3682/7/2495 3683/7/2495 3688/7/2500 3687/7/2500
f 3683/7/2494 3679/7/2494 3684/7/2499 3688/7/2499
f 3684/7/2503 3685/7/2503 3690/7/2508 3689/7/2508
f 3685/7/2502 3686/7/2502 3691/7/2507 3690/7/2507
f 3686/7/2501 3687/7/2501 3692/7/2506 3691/7/2506
f 3687/7/2500 3688/7/2500 3693/7/2505 3692/7/2505
f 3688/7/2499 3684/7/2499 3689/7/2504 3693/7/2504
f 3689/7/2508 3690/7/2508 3695/7/2512 3694/7/2512
f 3690/7/2507 3691/7/2507 3696/7/2511 3695/7/2511
f 3691/7/2506 3692/7/2506 3697/7/1976 3696/7/1976
f 3692/7/2505 3693/7/2505 3698/7/2510 3697/7/2510
f 3693/7/2504 3689/7/2504 3694/7/2509 3698/7/2509
f 3694/7/2512 3695/7/2512 3700/7/2517 3699/7/2517
f 3695/7/2511 3696/7/2511 3701/7/2516 3700/7/2516
f 3696/7/1976 3697/7/1976 3702/7/2515 3701/7/2515
f 3697/7/2510 3698/7/2510 3703/7/2514 3702/7/2514
f 3698/7/2509 3694/7/2509 3699/7/2513 3703/7/2513
f 3699/7/2517 3700/7/2517 3705/7/2522 3704/7/2522
f 3700/7/2516 3701/7/2516 3706/7/2521 3705/7/2521
f 3701/7/2515 3702/7/2515 3707/7/2520 3706/7/2520
f 3702/7/2514 3703/7/2514 3708/7/2519 3707/7/2519
f 3703/7/2513 3699/7/2513 3704/7/2518 3708/7/2518
f 3704/7/2522 3705/7/2522 3710/7/2446 3709/7/2449
f 3705/7/2521 3706/7/2521 3711/7/2439 3710/7/2441
f 3706/7/2520 3707/7/2520 3712/7/2525 3711/7/2525
f 3707/7/2519 3708/7/2519 3713/7/2523 3712/7/2524
f 3708/7/2518 3704/7/2518 3709/7/2442 3713/7/2445
f 3711/7/2525 3712/7/2525 3728/7/2526 3719/7/2526
f 3724/7/2440 3720/7/2440 3641/7/2460 3640/7/2462
f 3727/7/2546 3725/7/2546 3643/7/2455 3642/7/2457
f 3720/7/2529 3727/7/2529 3642/7/2458 3641/7/2458
f 3725/7/2533 3722/7/2532 3639/7/2452 3643/7/2454
f 3722/7/2531 3724/7/2530 3640/7/2463 3639/7/2465
f 3728/1/2526 3715/1/2451 3718/1/2451 3719/1/2526
f 3725/1/2533 3714/1/2541 3733/1/2540 3722/1/2532
f 3726/1/2537 3729/1/2537 3715/1/2537 3728/1/2537
f 3719/1/2536 3718/1/2536 3730/1/2536 3723/1/2536
f 3723/1/2447 3730/1/2543 3732/1/2542 3721/1/2448
f 3710/7/2441 3711/7/2439 3719/7/2440 3723/7/2440
f 3716/1/2527 3715/1/2527 3729/1/2527 3714/1/2527
f 3731/1/2440 3730/1/2440 3718/1/2440 3717/1/2440
f 3733/1/2534 3732/1/2542 3730/1/2543 3731/1/2535
f 3714/1/2541 3729/1/2539 3732/1/2538 3733/1/2540
f 3721/1/2443 3732/1/2538 3729/1/2539 3726/1/2444
f 3727/1/2545 3716/1/2545 3714/1/2545 3725/1/2545
f 3722/1/2531 3733/1/2534 3731/1/2535 3724/1/2530
f 3720/1/2529 3717/1/2450 3716/1/2450 3727/1/2529
f 3724/1/2544 3731/1/2544 3717/1/2544 3720/1/2544
f 3231/1/2000 3232/1/2000 3735/1/2000 3734/1/2001
f 3232/1/2000 3736/1/2000 3277/1/2000 3735/1/2000
f 3243/1/2000 3231/1/2000 3734/1/2001 3737/1/2009
f 3738/1/2000 3243/1/2000 3737/1/2009 3295/1/2000
f 3276/1/2000 3275/1/2000 3739/1/2041 3740/1/2000
f 3736/1/2000 3276/1/2000 3740/1/2000 3277/1/2000
f 3275/1/2000 3294/1/2000 3741/1/2045 3739/1/2041
f 3294/1/2000 3738/1/2000 3295/1/2000 3741/1/2045
f 3743/1/2000 3745/1/2000 3748/1/2000 3742/1/2000
f 3744/1/2000 3747/1/2000 3745/1/2000 3743/1/2000
f 3743/1/2000 3742/1/2000 3750/1/2000 3746/1/2000
f 3744/1/2000 3743/1/2000 3746/1/2000 3749/1/2000
f 3738/1/1973 3294/1/1973 3750/1/1973 3742/1/1973
f 3276/1/1987 3736/1/1987 3744/1/1987 3749/1/1987
f 3243/1/1973 3738/1/1973 3742/1/1973 3748/1/1973
f 3736/1/1987 3232/1/1987 3747/1/1987 3744/1/1987
f 3792/2/2547 3757/2/2548 3752/2/2549 3791/2/2547
f 3796/2/2550 3760/2/2551 3751/2/2552 3790/2/2550
f 3759/2/2553 3755/2/2554 3753/2/2555 3758/2/2556
f 3766/2/2557 3758/2/2558 3753/2/2559 3761/2/2560
f 3765/2/2561 3756/2/2562 3754/2/2563 3764/2/2564
f 3763/2/2565 3752/2/2566 3756/2/2562 3765/2/2561
f 3757/2/2548 3751/2/2549 3755/2/2554 3759/2/2553
f 3752/2/2549 3757/2/2548 3759/2/2553 3756/2/2567
f 3764/2/2564 3754/2/2563 3758/2/2558 3766/2/2557
f 3756/2/2567 3759/2/2553 3758/2/2556 3754/2/2568
f 3790/2/2547 3751/2/2549 3757/2/2548 3792/2/2547
f 3760/2/2551 3777/2/2569 3781/2/2570 3762/2/2571
f 3762/2/2571 3781/2/2570 3779/2/2572 3761/2/2560
f 3795/2/2573 3763/2/2565 3776/2/2574 3794/2/2573
f 3791/2/2573 3752/2/2566 3763/2/2565 3795/2/2573
f 3755/2/2575 3762/2/2571 3761/2/2560 3753/2/2559
f 3751/2/2552 3760/2/2551 3762/2/2571 3755/2/2575
f 3778/2/2576 3764/2/2564 3766/2/2557 3782/2/2577
f 3776/2/2574 3763/2/2565 3765/2/2561 3780/2/2578
f 3780/2/2578 3765/2/2561 3764/2/2564 3778/2/2579
f 3782/2/2577 3766/2/2557 3761/2/2560 3779/2/2580
f 3793/2/2550 3777/2/2569 3760/2/2551 3796/2/2550
f 3799/2/2581 3798/2/2581 3768/2/2582 3773/2/2583
f 3801/2/2550 3797/2/2550 3767/2/2584 3783/2/2585
f 3775/2/2586 3774/2/2587 3769/2/2588 3771/2/2589
f 3789/2/2590 3784/2/2591 3769/2/2592 3774/2/2593
f 3788/2/2594 3787/2/2595 3770/2/2596 3772/2/2597
f 3786/2/2598 3788/2/2594 3772/2/2597 3768/2/2599
f 3773/2/2583 3775/2/2586 3771/2/2589 3767/2/2582
f 3768/2/2582 3772/2/2600 3775/2/2586 3773/2/2583
f 3787/2/2595 3789/2/2590 3774/2/2593 3770/2/2596
f 3772/2/2600 3770/2/2601 3774/2/2587 3775/2/2586
f 3797/2/2581 3799/2/2581 3773/2/2583 3767/2/2582
f 3783/2/2585 3785/2/2602 3781/2/2570 3777/2/2569
f 3785/2/2602 3784/2/2591 3779/2/2572 3781/2/2570
f 3800/2/2573 3794/2/2573 3776/2/2574 3786/2/2598
f 3798/2/2573 3800/2/2573 3786/2/2598 3768/2/2599
f 3771/2/2603 3769/2/2592 3784/2/2591 3785/2/2602
f 3767/2/2584 3771/2/2603 3785/2/2602 3783/2/2585
f 3778/2/2576 3782/2/2577 3789/2/2590 3787/2/2595
f 3776/2/2574 3780/2/2578 3788/2/2594 3786/2/2598
f 3780/2/2578 3778/2/2579 3787/2/2595 3788/2/2594
f 3782/2/2577 3779/2/2580 3784/2/2591 3789/2/2590
f 3793/2/2550 3801/2/2550 3783/2/2585 3777/2/2569
f 3261/1/1987 3221/1/1987 3803/1/1987 3802/1/1987
f 3223/1/1987 3236/1/1987 3804/1/1987 3805/1/1987
f 3236/1/1987 3806/1/1987 3283/1/1987 3804/1/1987
f 3247/1/2604 3246/1/2605 3808/1/1995 3807/1/1996
f 3245/1/1987 3244/1/1987 3810/1/1979 3809/1/2016
f 3235/1/1987 3245/1/1987 3809/1/2016 3811/1/1987
f 3244/1/1987 3223/1/1987 3805/1/1987 3810/1/1979
f 3221/1/1987 3247/1/2604 3807/1/1996 3803/1/1987
f 3246/1/2605 3235/1/1987 3811/1/1987 3808/1/1995
f 3263/1/1987 3261/1/1987 3802/1/1987 3812/1/1987
f 3284/1/1987 3265/1/1987 3814/1/1987 3813/1/1987
f 3806/1/1987 3284/1/1987 3813/1/1987 3283/1/1987
f 3298/1/2606 3299/1/2607 3815/1/2038 3816/1/2036
f 3296/1/1987 3297/1/1987 3817/1/2051 3818/1/2022
f 3297/1/1987 3282/1/1987 3819/1/1987 3817/1/2051
f 3265/1/1987 3296/1/1987 3818/1/2022 3814/1/1987
f 3299/1/2607 3263/1/1987 3812/1/1987 3815/1/2038
f 3282/1/1987 3298/1/2606 3816/1/2036 3819/1/1987
f 3820/1/1987 3821/1/1987 3823/1/1987 3822/1/1987
f 3824/1/1987 3823/1/1987 3828/1/1987 3832/1/1987 3831/1/1987
f 3822/1/1987 3823/1/1987 3824/1/1987 3830/1/1987 3829/1/1987
f 3820/1/1987 3825/1/1987 3826/1/1987 3821/1/1987
f 3827/1/1987 3836/1/1987 3837/1/1987 3833/1/1987 3826/1/1987
f 3825/1/1987 3834/1/1987 3835/1/1987 3827/1/1987 3826/1/1987
f 3849/1/2608 3848/1/2609 3831/1/2610 3832/1/2611
f 3850/1/2612 3843/1/2031 3835/1/2034 3834/1/2613
f 3848/1/2609 3851/1/2614 3824/1/2615 3831/1/2610
f 3853/1/2616 3852/1/2617 3837/1/2618 3836/1/2619
f 3854/1/2620 3849/1/2621 3832/1/2622 3828/1/2622
f 3838/1/2032 3853/1/2616 3836/1/2619 3827/1/2033
f 3846/1/2003 3855/1/2052 3822/1/2053 3829/1/2004
f 3855/1/2052 3841/1/2052 3820/1/2053 3822/1/2053
f 3852/1/2621 3845/1/2620 3833/1/2622 3837/1/2622
f 3851/1/2614 3847/1/2002 3830/1/2005 3824/1/2615
f 3840/1/2623 3854/1/2624 3828/1/2625 3823/1/2625
f 3842/1/2052 3850/1/2612 3834/1/2613 3825/1/2053
f 3263/1/2626 3299/1/2607 3850/1/2612 3842/1/2052
f 3236/1/2627 3223/1/2627 3854/1/2624 3840/1/2623
f 3235/1/2628 3246/1/2605 3847/1/2002 3851/1/2614
f 3296/1/2629 3265/1/2629 3845/1/2620 3852/1/2621
f 3221/1/2626 3261/1/2626 3841/1/2052 3855/1/2052
f 3247/1/2604 3221/1/2626 3855/1/2052 3846/1/2003
f 3282/1/2630 3297/1/2631 3853/1/2616 3838/1/2032
f 3223/1/2629 3244/1/2629 3849/1/2621 3854/1/2620
f 3297/1/2631 3296/1/2632 3852/1/2617 3853/1/2616
f 3245/1/2633 3235/1/2628 3851/1/2614 3848/1/2609
f 3299/1/2607 3298/1/2606 3843/1/2031 3850/1/2612
f 3244/1/2634 3245/1/2633 3848/1/2609 3849/1/2608
f 3261/1/2626 3263/1/2626 3842/1/2052 3841/1/2052
f 3806/1/2635 3236/1/2635 3840/1/1990 3839/1/1991
f 3298/1/2606 3282/1/2630 3838/1/2032 3843/1/2031
f 3265/1/2636 3284/1/2636 3844/1/2018 3845/1/2017
f 3246/1/2605 3247/1/2604 3846/1/2003 3847/1/2002
f 3284/1/2635 3806/1/2635 3839/1/1991 3844/1/1990
