# Blender 5.2.0 LTS
# www.blender.org
mtllib Boat.mtl
o Ship_Small
v 1.821522 0.458172 0.392267
v 1.081229 -0.011840 0.107733
v -1.705723 0.172361 0.144969
v -2.207335 0.458172 0.157133
v 1.421696 0.172361 0.240164
v 1.209940 0.172361 0.486453
v 1.576353 0.458172 0.718782
v 1.714118 0.695217 0.764656
v -1.950838 0.792848 0.656036
v 2.102248 0.685016 0.096739
v 1.967707 0.688525 0.417302
v -2.312521 0.765490 0.157579
v 1.556477 0.172361 0.042825
v -1.864648 0.458172 0.631001
v -1.363036 0.172361 0.525215
v 1.135918 -0.011840 0.031726
v 1.956303 0.458172 0.094641
v -0.837207 0.034210 0.390260
v -1.255275 0.458172 0.970244
v 1.307531 0.172361 0.424880
v 1.088564 0.034210 0.270441
v 1.351381 0.034210 0.034500
v -0.857990 0.172361 0.822594
v 1.699004 0.458172 0.637153
v -2.121698 0.383139 0.156722
v 1.722270 0.383139 0.301861
v 1.475140 0.383140 0.639160
v 0.871420 0.172361 0.551743
v 0.735423 -0.011840 0.143364
v 1.108447 0.458172 0.773464
v 2.000849 0.741034 0.423479
v -2.268545 0.979178 0.191357
v 1.745628 0.755888 0.775975
v -1.314898 0.776017 1.010908
v 1.212749 0.708598 0.819337
v 1.843193 0.691792 0.677817
v -1.140234 0.034210 0.142099
v 1.236623 0.034210 0.140840
v -1.810547 0.383140 0.586912
v 1.866546 0.383139 0.004349
v 0.690382 -0.011840 0.034712
v 2.135098 0.733247 0.097257
v -1.968085 0.972566 0.662214
v -0.569456 0.070027 0.592900
v 1.202001 0.070027 0.278922
v -1.206048 0.383140 0.952549
v 1.594949 0.383140 0.554835
v 0.789883 0.034210 0.328316
v 1.033555 0.383140 0.704450
v -1.326711 0.935210 1.020942
v 1.876061 0.748286 0.687851
v 1.236894 0.785585 0.830656
v 2.116739 0.753619 0.536034
v 1.984337 0.762901 0.817844
v 1.303252 0.810648 0.969749
v -1.428873 1.002182 1.170960
v -2.472537 1.075347 0.209145
v 1.845520 0.772633 0.911780
v 2.258940 0.743650 0.187933
v -2.110983 1.050001 0.789121
v 1.958057 0.969211 0.460707
v 1.849567 0.976817 0.691623
v 1.293543 1.015797 0.784013
v -1.369886 1.202515 0.982992
v -2.278032 1.266180 0.136507
v 1.791738 0.980871 0.730755
v 2.085793 0.960256 0.148018
v -1.966044 1.244308 0.649268
v -2.245634 0.315194 0.128737
v 1.952484 0.877481 0.420808
v 1.843993 0.885087 0.651724
v 1.287970 0.924067 0.744114
v -1.367178 1.110785 0.943093
v -2.238122 1.173082 0.136507
v 1.786165 0.889141 0.690856
v 2.080219 0.868526 0.108120
v -1.963336 1.152578 0.609369
v 1.878720 0.855858 0.430992
v 1.777227 0.862973 0.647014
v 1.225332 0.899439 0.733444
v -1.364983 1.074113 0.919590
v -2.214554 1.133672 0.136507
v 1.723128 0.866765 0.683622
v 1.998217 0.847480 0.138471
v -1.922689 1.113211 0.607391
v 1.783677 0.825604 0.400558
v 1.686446 0.825604 0.607510
v 1.188125 0.825604 0.690311
v -1.198900 0.825604 0.868641
v -2.012800 0.825604 0.136507
v 1.634619 0.825604 0.642581
v 1.898157 0.825604 0.120319
v -1.733190 0.825604 0.569551
v -2.858114 1.161278 0.151997
v -1.931857 0.165199 0.116983
v 2.125746 0.904742 0.536034
v 2.080842 0.960603 0.514852
v 1.955165 0.969414 0.782351
v 1.993345 0.914024 0.817844
v 1.312259 0.961771 0.969749
v 1.309246 1.014696 0.917521
v -1.403562 1.204876 1.118105
v -1.419865 1.153305 1.170960
v -2.424969 1.276480 0.166757
v -2.463529 1.226470 0.209144
v 1.839121 0.977549 0.860877
v 1.854528 0.923755 0.911780
v 2.218976 0.950920 0.176709
v 2.267948 0.894772 0.187933
v -2.061503 1.251000 0.749795
v -2.101975 1.201123 0.789121
v -2.803838 1.325238 0.141300
v -2.855687 1.275579 0.151997
v -2.200078 0.854599 0.240384
v -2.064436 0.854599 0.432345
v 1.972524 0.854599 0.240384
v 1.895128 0.854599 0.432345
v -2.064436 0.818678 0.449319
v -2.200078 0.818678 0.223409
v 1.895128 0.818678 0.449319
v 1.972524 0.818678 0.223409
v -2.200078 0.854599 0.017571
v -2.200078 0.854599 0.209531
v 2.005936 0.854599 0.017571
v 2.005936 0.854599 0.209531
v -2.200078 0.818678 0.226506
v -2.200078 0.818678 0.000596
v 2.005936 0.818678 0.226506
v 2.005936 0.818678 0.000596
v -2.064436 0.854599 0.472533
v -1.885520 0.854599 0.664493
v 1.862273 0.854599 0.472533
v 1.862273 0.854599 0.664493
v -1.885520 0.818678 0.681468
v -2.064436 0.818678 0.455558
v 1.862273 0.818678 0.681468
v 1.862273 0.818678 0.455558
v -1.839542 0.854599 0.702366
v -1.488009 0.854599 0.894326
v 1.539735 0.854599 0.702366
v 1.539735 0.854599 0.894326
v -1.488009 0.818678 0.911301
v -1.839542 0.818678 0.685391
v 1.539735 0.818678 0.911301
v 1.539735 0.818678 0.685391
v -2.152205 1.266180 0.136507
v -1.886973 0.825604 0.136507
v 0.560791 0.458172 0.851398
v 0.176734 0.458172 0.896656
v -0.267416 0.458172 0.934194
v 0.558756 0.172361 0.618619
v -0.267174 0.172361 0.758313
v 0.175855 0.172361 0.690614
v 0.559151 -0.011840 0.167529
v -0.267409 0.005812 0.292842
v 0.175975 -0.007110 0.223273
v 0.562042 0.725750 0.904253
v 0.177343 0.735941 0.945583
v -0.267312 0.747800 0.979371
v 0.559151 -0.011840 0.036312
v 0.175910 -0.008415 0.040864
v -0.267653 0.000941 0.045942
v 0.560688 0.383140 0.790379
v -0.267417 0.383140 0.899265
v 0.176686 0.383140 0.849013
v 0.558914 0.034210 0.376389
v -0.267344 0.054934 0.537749
v 0.175883 0.039763 0.453267
v 0.562446 0.824296 0.917012
v 0.177539 0.846545 0.957525
v -0.267280 0.872508 0.990518
v 0.562283 0.862408 1.065373
v 0.177507 0.889326 1.106121
v -0.267119 0.920495 1.139164
v 0.562321 1.066939 0.878495
v -0.267125 1.125050 0.952368
v 0.177522 1.093878 0.919292
v 0.562300 0.975033 0.838271
v 0.177512 1.002072 0.879234
v -0.267127 1.033341 0.912438
v 0.562347 0.945147 0.817890
v 0.177532 0.971437 0.858033
v -0.267133 1.001434 0.890434
v 0.561101 0.825604 0.769133
v -0.267243 0.825604 0.841205
v 0.176925 0.825604 0.808837
v 0.562343 1.066552 1.013322
v 0.177536 1.093378 1.053845
v -0.267111 1.124549 1.086744
v 0.562349 1.013807 1.065884
v -0.267110 1.071795 1.139272
v 0.177540 1.040624 1.106387
v -1.434237 0.037854 0.114113
v -2.366138 0.459868 0.129147
v -2.524927 0.808901 0.129594
v 1.821522 0.458172 -0.392267
v 1.081229 -0.011840 -0.107733
v -1.705723 0.172361 -0.144969
v -2.207335 0.458172 -0.157133
v 1.421696 0.172361 -0.240164
v 1.209940 0.172361 -0.486453
v 1.576353 0.458172 -0.718782
v 1.714118 0.695217 -0.764656
v -1.950838 0.792848 -0.656037
v 2.102248 0.685016 -0.096740
v 1.967707 0.688525 -0.417302
v -2.312521 0.765490 -0.157580
v 1.556477 0.172361 -0.042825
v -1.864648 0.458172 -0.631002
v -1.363036 0.172361 -0.525215
v 1.135918 -0.011840 -0.031726
v 1.956303 0.458172 -0.094641
v -0.837207 0.034210 -0.390260
v -1.255275 0.458172 -0.970245
v 1.307531 0.172361 -0.424880
v 1.088564 0.034210 -0.270441
v 1.351381 0.034210 -0.034500
v -0.857990 0.172361 -0.822594
v 1.699004 0.458172 -0.637153
v -2.121698 0.383139 -0.156723
v 1.722270 0.383139 -0.301861
v 1.475140 0.383139 -0.639160
v 0.871420 0.172361 -0.551743
v 0.735423 -0.011840 -0.143364
v 1.108447 0.458172 -0.773464
v 2.000849 0.741034 -0.423480
v -2.268545 0.979178 -0.191358
v 1.745628 0.755887 -0.775975
v -1.314898 0.776016 -1.010909
v 1.212749 0.708598 -0.819338
v 1.843193 0.691792 -0.677818
v -1.140234 0.034210 -0.142099
v 1.236623 0.034210 -0.140840
v -1.810547 0.383139 -0.586912
v 1.866546 0.383139 -0.004349
v 0.690382 -0.011840 -0.034712
v 2.135098 0.733247 -0.097257
v -1.968085 0.972565 -0.662214
v -0.569456 0.070027 -0.592900
v 1.202001 0.070027 -0.278922
v -1.206048 0.383139 -0.952549
v 1.594949 0.383139 -0.554835
v 0.789883 0.034210 -0.328316
v 1.033555 0.383139 -0.704450
v -1.326711 0.935209 -1.020943
v 1.876061 0.748285 -0.687852
v 1.236894 0.785585 -0.830657
v 2.116739 0.753619 -0.536034
v 1.984337 0.762901 -0.817844
v 1.303252 0.810648 -0.969750
v -1.428873 1.002182 -1.170961
v -2.472537 1.075347 -0.209145
v 1.845520 0.772632 -0.911781
v 2.258940 0.743650 -0.187934
v -2.110983 1.050001 -0.789122
v 1.958057 0.969211 -0.460708
v 1.849567 0.976816 -0.691623
v 1.293543 1.015796 -0.784013
v -1.369886 1.202514 -0.982993
v -2.278032 1.266180 -0.136508
v 1.791738 0.980871 -0.730756
v 2.085793 0.960256 -0.148019
v -1.966044 1.244308 -0.649269
v 1.562642 0.172361 -0.000000
v 1.962468 0.458172 -0.000000
v 1.138419 -0.011840 0.000000
v 2.108402 0.684855 -0.000000
v -1.154094 0.034210 -0.000000
v 1.356630 0.034210 -0.000000
v 1.873145 0.383139 -0.000000
v 0.688322 -0.011840 0.000000
v -2.245634 0.315194 -0.128737
v 2.141238 0.732891 -0.000000
v 2.265444 0.743194 -0.000000
v -2.289798 1.267004 -0.000000
v 2.090915 0.959897 -0.000000
v -2.476937 1.280124 -0.000000
v 2.085342 0.868167 -0.000000
v 1.952484 0.877481 -0.420809
v 1.843993 0.885087 -0.651725
v 1.287970 0.924066 -0.744114
v -1.367178 1.110784 -0.943094
v -2.238122 1.173082 -0.136508
v 1.786165 0.889141 -0.690857
v 2.080219 0.868526 -0.108120
v -1.963336 1.152578 -0.609370
v 2.003009 0.847144 -0.000000
v 1.878720 0.855857 -0.430992
v 1.777227 0.862972 -0.647014
v 1.225332 0.899438 -0.733445
v -1.364983 1.074113 -0.919591
v -2.214554 1.133672 -0.136508
v 1.723128 0.866765 -0.683623
v 1.998217 0.847480 -0.138472
v -1.922689 1.113211 -0.607392
v -2.023345 0.825604 -0.000000
v 1.902748 0.825604 -0.000000
v 1.783677 0.825604 -0.400558
v 1.686446 0.825604 -0.607510
v 1.188125 0.825604 -0.690312
v -1.198900 0.825604 -0.868642
v -2.012800 0.825604 -0.136508
v 1.634619 0.825604 -0.642581
v 1.898157 0.825604 -0.120320
v -1.733190 0.825604 -0.569551
v -2.858114 1.161278 -0.151998
v -2.874652 1.162437 -0.000000
v -1.931857 0.165199 -0.116983
v 2.125746 0.904741 -0.536034
v 2.080842 0.960603 -0.514853
v 1.955165 0.969414 -0.782352
v 1.993345 0.914023 -0.817844
v 1.312259 0.961770 -0.969750
v 1.309246 1.014696 -0.917522
v -1.403562 1.204875 -1.118105
v -1.419865 1.153304 -1.170961
v -2.424969 1.276480 -0.166758
v -2.463529 1.226470 -0.209145
v 1.839121 0.977549 -0.860878
v 1.854528 0.923755 -0.911781
v 2.225092 0.950491 -0.000000
v 2.274452 0.894317 -0.000000
v 2.218976 0.950920 -0.176710
v 2.267948 0.894772 -0.187934
v -2.061503 1.251000 -0.749796
v -2.101975 1.201123 -0.789122
v -2.803838 1.325238 -0.141300
v -2.855687 1.275579 -0.151998
v -2.872224 1.276739 -0.000000
v -2.816279 1.326085 -0.000000
v -2.200078 0.854599 -0.240384
v -2.064436 0.854598 -0.432345
v 1.972524 0.854599 -0.240384
v 1.895128 0.854598 -0.432345
v -2.064436 0.818678 -0.449320
v -2.200078 0.818678 -0.223410
v 1.895128 0.818678 -0.449320
v 1.972524 0.818678 -0.223410
v -2.200078 0.854599 -0.017571
v -2.200078 0.854599 -0.209532
v 2.005936 0.854599 -0.017571
v 2.005936 0.854599 -0.209532
v -2.200078 0.818678 -0.226506
v -2.200078 0.818678 -0.000596
v 2.005936 0.818678 -0.226506
v 2.005936 0.818678 -0.000596
v -2.064436 0.854598 -0.472533
v -1.885520 0.854598 -0.664494
v 1.862273 0.854598 -0.472533
v 1.862273 0.854598 -0.664494
v -1.885520 0.818678 -0.681468
v -2.064436 0.818678 -0.455558
v 1.862273 0.818678 -0.681468
v 1.862273 0.818678 -0.455558
v -1.839542 0.854598 -0.702366
v -1.488009 0.854598 -0.894327
v 1.539735 0.854598 -0.702366
v 1.539735 0.854598 -0.894327
v -1.488009 0.818678 -0.911301
v -1.839542 0.818678 -0.685391
v 1.539735 0.818678 -0.911301
v 1.539735 0.818678 -0.685391
v -2.152205 1.266180 -0.136508
v -2.149325 1.267004 -0.000000
v -1.886973 0.825604 -0.136508
v -1.882872 0.825604 -0.000000
v 0.560791 0.458172 -0.851398
v 0.176734 0.458172 -0.896656
v -0.267416 0.458172 -0.934194
v 0.558756 0.172361 -0.618619
v -0.267174 0.172361 -0.758313
v 0.175855 0.172361 -0.690614
v 0.559151 -0.011840 -0.167529
v -0.267409 0.005812 -0.292842
v 0.175975 -0.007110 -0.223273
v 0.562042 0.725749 -0.904253
v 0.177343 0.735940 -0.945584
v -0.267312 0.747800 -0.979372
v 0.559151 -0.011840 -0.036312
v 0.175910 -0.008415 -0.040864
v -0.267653 0.000941 -0.045942
v 0.560688 0.383139 -0.790379
v -0.267417 0.383139 -0.899265
v 0.176686 0.383139 -0.849014
v 0.558914 0.034210 -0.376389
v -0.267344 0.054933 -0.537749
v 0.175883 0.039763 -0.453267
v 0.562446 0.824295 -0.917012
v 0.177539 0.846545 -0.957525
v -0.267280 0.872507 -0.990519
v 0.562283 0.862407 -1.065373
v 0.177507 0.889326 -1.106121
v -0.267119 0.920494 -1.139165
v 0.562321 1.066938 -0.878496
v -0.267125 1.125050 -0.952369
v 0.177522 1.093878 -0.919293
v 0.559151 -0.011840 0.000000
v 0.175908 -0.008458 0.000000
v -0.267660 0.000782 -0.000000
v 0.562300 0.975032 -0.838272
v 0.177512 1.002071 -0.879235
v -0.267127 1.033340 -0.912439
v 0.562347 0.945147 -0.817891
v 0.177532 0.971436 -0.858034
v -0.267133 1.001434 -0.890435
v 0.561101 0.825604 -0.769134
v -0.267243 0.825604 -0.841206
v 0.176925 0.825604 -0.808838
v 0.562343 1.066551 -1.013323
v 0.177536 1.093377 -1.053846
v -0.267111 1.124549 -1.086744
v 0.562349 1.013806 -1.065884
v -0.267110 1.071794 -1.139273
v 0.177540 1.040624 -1.106388
v -1.947477 0.166504 -0.000000
v -1.434237 0.037854 -0.114113
v -2.366138 0.459868 -0.129147
v -2.381689 0.452360 -0.000000
v -2.524927 0.808901 -0.129594
v -2.548303 0.793298 -0.000000
v -2.243375 0.304604 -0.000000
v -1.448048 0.039008 -0.000000
v -1.793633 1.242109 1.070423
v -1.825557 1.288788 1.031265
v -1.825261 1.349234 0.998438
v -1.792823 1.407251 0.980738
v -1.736946 1.447294 0.982907
v -1.765461 1.232206 1.087458
v -2.113387 0.935748 1.086538
v -2.104511 0.877545 1.121303
v -2.156379 1.001107 1.032622
v -2.215669 1.069251 0.969181
v -1.999174 0.650350 1.302186
v -2.223941 0.851424 1.086975
v -2.172570 0.872207 1.097978
v -1.994555 0.747147 1.249819
v -2.109641 0.805072 1.165209
v -2.160067 0.764170 1.167659
v -2.066157 0.687085 1.253335
v -2.109172 0.914041 1.100403
v -2.231878 0.933244 1.038878
v -2.167539 0.941643 1.062502
v -1.861392 1.145877 1.063334
v -1.852933 1.176964 1.081474
v -1.906185 1.254829 1.016154
v -1.920997 1.233031 0.990222
v -1.905690 1.355660 0.961395
v -1.920443 1.345890 0.928931
v -1.851581 1.452437 0.931870
v -1.859879 1.454212 0.895884
v -1.758352 1.519233 0.935490
v -1.755525 1.528977 0.899936
v -1.811680 1.129072 1.094849
v -1.792620 1.156451 1.119101
v -1.828509 1.036052 1.138586
v -1.821393 1.024494 1.174733
v -1.850820 0.954760 1.173195
v -1.832832 0.983136 1.192356
v -1.936334 1.033646 1.118564
v -1.924681 1.043522 1.091086
v -1.948334 0.990218 1.137087
v -1.947581 0.960650 1.126433
v -1.856408 0.901044 1.226771
v -1.869353 0.892741 1.198343
v -1.910354 0.733861 1.295020
v -1.936182 0.737924 1.280856
v -1.948183 0.628453 1.336105
v -1.757116 1.150721 1.137635
v -1.671389 1.458530 1.004921
v -1.736849 1.221624 1.105959
v -1.671312 1.232863 1.127993
v -1.615425 1.272905 1.130163
v -1.582986 1.330922 1.112463
v -1.582690 1.391368 1.079636
v -1.614606 1.438047 1.040486
v -1.703338 1.227511 1.116696
v -1.520062 0.890901 1.365785
v -1.559487 0.836348 1.377818
v -1.443586 0.947230 1.368096
v -1.786389 1.039063 1.181900
v -1.349196 1.003757 1.376984
v -1.807127 0.964016 1.213909
v -1.905433 0.608048 1.365616
v -1.792544 0.634732 1.399436
v -1.461169 0.793769 1.445971
v -1.499397 0.821324 1.414805
v -1.871561 0.730834 1.313366
v -1.825181 0.898681 1.241776
v -1.743362 0.728160 1.368042
v -1.598860 0.766464 1.405607
v -1.574024 0.719874 1.443478
v -1.708370 0.660041 1.421727
v -1.536025 0.870719 1.370153
v -1.409202 0.871061 1.426069
v -1.466801 0.888676 1.392302
v -1.634178 1.550053 0.940558
v -1.649810 1.538053 0.971844
v -1.635061 1.128769 1.169856
v -1.650472 1.161661 1.176761
v -1.557246 1.228454 1.180381
v -1.530714 1.203531 1.173907
v -1.503137 1.325232 1.150856
v -1.470150 1.311853 1.140860
v -1.502641 1.426062 1.096097
v -1.469596 1.424712 1.079569
v -1.555895 1.503930 1.030775
v -1.529205 1.511870 1.006453
v -1.692607 1.120072 1.150891
v -1.719839 1.150949 1.153356
v -1.727015 1.028381 1.186353
v -1.760645 1.019903 1.203324
v -1.749525 0.947103 1.220870
v -1.772053 0.978542 1.220961
v -1.644057 1.011554 1.256123
v -1.629103 1.021180 1.230199
v -1.656058 0.968126 1.274646
v -1.652003 0.938308 1.265546
v -1.793717 0.896305 1.256276
v -1.764783 0.884837 1.247558
v -1.832689 0.727991 1.331573
v -1.805061 0.728013 1.342567
v -1.853365 0.621286 1.380730
v -1.851499 1.132635 1.039680
v -1.911208 1.219941 0.966441
v -1.910653 1.332996 0.905044
v -1.849983 1.441507 0.871939
v -1.745448 1.516402 0.875999
v -2.088926 0.858196 1.087340
v -2.096921 0.917341 1.051662
v -1.773157 1.219612 1.025906
v -1.755620 1.193850 0.981905
v -1.804549 1.265514 0.987399
v -1.787544 1.240529 0.942747
v -1.804257 1.324954 0.955119
v -1.787247 1.300976 0.909920
v -1.772359 1.382005 0.937713
v -1.754809 1.358992 0.892220
v -1.717416 1.421375 0.939845
v -1.698930 1.399033 0.894383
v -1.801924 1.115355 1.070391
v -1.745748 1.209763 1.043045
v -1.727715 1.184288 0.999564
v -2.083255 0.897493 1.016369
v -2.074829 0.839862 1.052185
v -2.126142 0.962720 0.962212
v -2.139883 0.982954 0.997441
v -2.244017 0.969192 0.960225
v -1.818531 1.023457 1.113360
v -2.185913 1.031474 0.899889
v -2.243644 0.970130 0.959874
v -1.841214 0.940777 1.148695
v -2.200742 1.051391 0.933995
v -1.962661 0.603996 1.217161
v -2.256573 0.806123 1.043735
v -2.192683 0.811741 1.014186
v -2.141154 0.832323 1.024821
v -1.915163 1.030931 1.067788
v -1.938052 0.948097 1.103119
v -2.153103 0.850908 1.063754
v -2.018969 0.557989 1.281051
v -1.859722 0.879728 1.174031
v -1.923089 0.721973 1.232824
v -1.958957 0.701954 1.166925
v -2.076134 0.762534 1.087184
v -2.091453 0.785227 1.126037
v -1.975863 0.726342 1.207779
v -2.187542 0.691324 1.135967
v -2.091860 0.600616 1.226509
v -2.125514 0.720304 1.087197
v -2.029678 0.640774 1.168389
v -2.092416 0.895370 1.065574
v -2.078911 0.875624 1.029937
v -2.200667 0.893620 0.966199
v -2.135996 0.901598 0.989050
v -2.263911 0.892416 0.993538
v -1.841033 1.120031 1.015926
v -1.814340 1.127969 0.991606
v -1.867593 1.205835 0.926286
v -1.900638 1.207185 0.942814
v -1.867097 1.306665 0.871527
v -1.900084 1.320044 0.881523
v -1.812988 1.403443 0.842002
v -1.839520 1.428366 0.848476
v -1.719759 1.470239 0.845623
v -1.735167 1.503131 0.852529
v -1.790738 1.102486 1.046084
v -1.753712 1.107056 1.028500
v -1.807422 1.009282 1.089483
v -1.784776 0.978009 1.089467
v -1.829808 0.928084 1.124265
v -1.796223 0.936659 1.107107
v -1.900772 0.988499 1.035754
v -1.904827 1.018317 1.044854
v -1.912773 0.945071 1.054277
v -1.927727 0.935445 1.080201
v -1.819924 0.854726 1.141813
v -1.848749 0.866585 1.150366
v -1.873713 0.687345 1.209698
v -1.900038 0.692039 1.196692
v -1.911622 0.582037 1.250968
v -1.973408 0.504928 1.329545
v -1.623892 1.537515 0.916690
v -1.718114 1.101206 1.046813
v -1.624779 1.115498 1.146386
v -1.520251 1.190390 1.150444
v -1.459581 1.298901 1.117340
v -1.459026 1.411956 1.055942
v -1.518740 1.499266 0.982699
v -1.652927 1.432440 0.961506
v -1.633381 1.410278 0.916416
v -1.545634 0.817131 1.343039
v -1.505948 0.872671 1.329802
v -1.717307 1.199457 1.060878
v -1.698846 1.173378 1.017465
v -1.652832 1.210517 1.082536
v -1.633299 1.184604 1.039475
v -1.597874 1.249892 1.084670
v -1.577411 1.224646 1.041646
v -1.565977 1.306943 1.067265
v -1.544974 1.282663 1.023946
v -1.565685 1.366383 1.034984
v -1.544677 1.343109 0.991119
v -1.597068 1.412278 0.996486
v -1.576590 1.389786 0.951962
v -1.681681 1.106266 1.126983
v -1.684449 1.205130 1.071895
v -1.665592 1.179592 1.028802
v -1.489929 0.852646 1.295616
v -1.529805 0.798666 1.308699
v -1.413349 0.908843 1.297686
v -1.429224 0.929238 1.331911
v -1.336802 0.900619 1.387203
v -1.749728 0.992521 1.096529
v -1.715501 1.015670 1.161851
v -1.319439 0.965980 1.307692
v -1.336652 0.901574 1.386747
v -1.770465 0.917473 1.128538
v -1.738505 0.933014 1.197035
v -1.333807 0.985863 1.342015
v -1.868856 0.561612 1.280441
v -1.756030 0.588377 1.314411
v -1.413036 0.742363 1.440744
v -1.429911 0.754086 1.373183
v -1.467981 0.781440 1.341648
v -1.618778 1.008528 1.207281
v -1.641667 0.925695 1.242612
v -1.488029 0.800637 1.376769
v -1.775244 0.539567 1.395759
v -1.925320 0.446678 1.381953
v -1.834899 0.684290 1.227995
v -1.788519 0.852138 1.156404
v -1.753804 0.871722 1.223881
v -1.778429 0.711039 1.300907
v -1.707764 0.682968 1.285149
v -1.565353 0.723926 1.327582
v -1.582712 0.746773 1.365474
v -1.725450 0.707414 1.325635
v -1.541389 0.642483 1.440078
v -1.682260 0.569656 1.419286
v -1.539471 0.676007 1.363016
v -1.671891 0.613730 1.336781
v -1.522162 0.852267 1.333963
v -1.505764 0.832302 1.299687
v -1.377991 0.831437 1.353390
v -1.435258 0.848632 1.318850
v -1.359284 0.824038 1.419299
v -1.613819 1.524207 0.893150
v -1.611216 1.489057 0.881974
v -1.614702 1.102923 1.122448
v -1.611879 1.112666 1.086894
v -1.518653 1.179460 1.090513
v -1.510355 1.177685 1.126500
v -1.464544 1.276237 1.060988
v -1.449791 1.286008 1.093453
v -1.464049 1.377068 1.006230
v -1.449237 1.398866 1.032162
v -1.517303 1.454936 0.940908
v -1.508847 1.486024 0.959046
v -1.671665 1.093486 1.102125
v -1.680931 1.101555 1.062754
v -1.705928 1.001610 1.137251
v -1.724028 0.973417 1.118058
v -1.728513 0.920427 1.171940
v -1.735444 0.932065 1.135712
v -1.608495 0.966407 1.173313
v -1.609249 0.995975 1.183968
v -1.620496 0.922979 1.191836
v -1.632149 0.913103 1.219314
v -1.757233 0.849987 1.171319
v -1.744180 0.858681 1.199581
v -1.796049 0.681474 1.246251
v -1.768917 0.682128 1.258403
v -1.816804 0.574871 1.295594
v -1.847666 0.495423 1.388725
v -1.701129 1.581533 1.027791
v -1.633053 1.628575 0.909490
v -1.667393 1.632132 0.979214
v -1.564706 1.543970 0.745146
v -1.561987 1.409291 0.693215
v -1.549396 1.486067 0.695484
v -1.721625 1.382210 0.999485
v -1.724368 1.516893 1.051403
v -1.736457 1.440030 1.049388
v -1.585225 1.344651 0.716827
v -1.653278 1.297605 0.835141
v -1.618459 1.293964 0.765658
v -1.576304 1.618659 0.938195
v -1.644356 1.571612 1.056509
v -1.611122 1.622300 1.007678
v -1.505213 1.399371 0.721933
v -1.507957 1.534054 0.773851
v -1.493125 1.476234 0.723948
v -1.667594 1.506973 1.080121
v -1.664876 1.372294 1.028191
v -1.680185 1.430197 1.077852
v -1.596529 1.287688 0.863846
v -1.528452 1.334731 0.745545
v -1.562189 1.284131 0.794122
v -1.629039 1.446174 1.033824
v -1.622397 1.490779 1.034714
v -1.718130 1.507506 0.986289
v -1.725864 1.463093 0.984847
v -1.618102 1.412235 0.998716
v -1.713540 1.428912 0.950440
v -1.640879 1.357892 0.780497
v -1.620947 1.387205 0.752606
v -1.525213 1.370477 0.801031
v -1.544055 1.340974 0.829474
v -1.661600 1.364616 0.825547
v -1.566162 1.347940 0.873823
v -1.685527 1.575290 0.943862
v -1.704368 1.545787 0.972305
v -1.608634 1.529059 1.020730
v -1.588703 1.558371 0.992839
v -1.663419 1.568325 0.899513
v -1.567981 1.551648 0.947789
v -1.503718 1.453171 0.788489
v -1.511451 1.408757 0.787047
v -1.607184 1.425485 0.738622
v -1.600542 1.470090 0.739512
v -1.516041 1.487352 0.822897
v -1.611479 1.504029 0.774621
v -1.560105 1.467877 0.858227
v -1.430602 1.418510 0.817798
v -1.485571 1.446558 0.865181
v -1.352827 1.353481 0.648799
v -1.401768 1.335489 0.514175
v -1.351297 1.334289 0.573415
v -1.672529 1.461011 0.690106
v -1.623580 1.479028 0.824724
v -1.674213 1.479698 0.765614
v -1.465243 1.346640 0.480673
v -1.594754 1.395982 0.521108
v -1.539939 1.367429 0.473848
v -1.448872 1.358559 0.832458
v -1.578383 1.407901 0.872894
v -1.503687 1.387112 0.879718
v -1.420046 1.275513 0.528842
v -1.371097 1.293530 0.663459
v -1.369413 1.274843 0.587952
v -1.641858 1.419052 0.839391
v -1.690799 1.401060 0.704767
v -1.692329 1.420252 0.780151
v -1.613023 1.336031 0.535768
v -1.483521 1.286664 0.495339
v -1.558054 1.307983 0.488385
v -1.640841 1.376234 0.765282
v -1.611313 1.376238 0.799379
v -1.580493 1.477372 0.774647
v -1.609669 1.478521 0.740269
v -1.635178 1.363594 0.717196
v -1.604453 1.464416 0.692541
v -1.512961 1.397662 0.530132
v -1.469903 1.384907 0.534346
v -1.500724 1.283773 0.559078
v -1.544133 1.295375 0.555145
v -1.545348 1.414998 0.564111
v -1.576074 1.314175 0.588766
v -1.499493 1.459166 0.798421
v -1.542902 1.470769 0.794488
v -1.573723 1.369634 0.819220
v -1.530665 1.356879 0.823434
v -1.467552 1.440366 0.764799
v -1.498278 1.339543 0.789454
v -1.433957 1.276020 0.613297
v -1.463133 1.277169 0.578919
v -1.432312 1.378303 0.554187
v -1.402785 1.378307 0.588283
v -1.439173 1.290125 0.661024
v -1.408447 1.390947 0.636369
v -1.308678 1.292285 0.257358
v -1.313455 1.152215 0.222717
v -1.323733 1.216360 0.265533
v -1.258533 1.045373 0.066490
v -1.196866 1.074774 -0.060691
v -1.228913 1.031904 -0.004182
v -1.223410 1.381972 0.097244
v -1.285053 1.352567 0.224437
v -1.253520 1.395512 0.167696
v -1.173240 1.135056 -0.093612
v -1.168488 1.275130 -0.058982
v -1.158700 1.211056 -0.102020
v -1.371617 1.160681 0.196480
v -1.366864 1.300755 0.231110
v -1.381405 1.224755 0.239517
v -1.255052 1.083244 -0.086940
v -1.316695 1.053839 0.040253
v -1.286584 1.040298 -0.030198
v -1.343239 1.361037 0.198189
v -1.281572 1.390438 0.071007
v -1.311192 1.403907 0.141679
v -1.226649 1.283596 -0.085219
v -1.231427 1.143526 -0.119861
v -1.216371 1.219451 -0.128036
v -1.333312 1.343870 0.114924
v -1.351162 1.318856 0.147940
v -1.253046 1.304574 0.192201
v -1.234078 1.329425 0.159689
v -1.314351 1.330629 0.070547
v -1.216537 1.316391 0.114672
v -1.165786 1.196575 -0.034568
v -1.174951 1.152654 -0.029939
v -1.273067 1.166936 -0.074200
v -1.265020 1.211020 -0.079332
v -1.174799 1.235197 -0.004052
v -1.272613 1.249435 -0.048176
v -1.275085 1.224791 0.216830
v -1.267037 1.268874 0.211697
v -1.365153 1.283156 0.167436
v -1.374319 1.239236 0.172065
v -1.267492 1.186376 0.185674
v -1.365306 1.200614 0.141550
v -1.306027 1.106386 -0.022191
v -1.287059 1.131237 -0.054704
v -1.188942 1.116954 -0.010443
v -1.206793 1.091941 0.022574
v -1.323567 1.119420 0.022826
v -1.225754 1.105182 0.066950
v -1.283940 1.196965 0.036246
v -1.385954 1.110626 -0.018355
v -1.349796 1.177071 -0.000159
v -1.412477 0.886793 -0.030177
v -1.146792 1.070903 0.115299
v -1.221190 1.186543 0.071314
v -1.163310 1.146098 0.104057
v -1.171388 0.846751 0.104554
v -1.354728 1.109305 -0.074623
v -1.252701 1.195644 -0.020046
v -1.318834 1.175762 -0.055953
v -1.382611 0.885530 -0.083994
v -1.189952 1.185222 0.015022
v -1.115566 1.069582 0.059032
v -1.132348 1.144787 0.048263
v -1.141523 0.845487 0.050737
v -1.166417 1.103665 0.004015
v -1.200215 1.127039 -0.014582
v -1.252891 1.129267 0.080340
v -1.219693 1.105919 0.100018
v -1.160037 1.054350 0.009613
v -1.212550 1.056571 0.104241
v -1.231977 0.874255 0.098064
v -1.178549 0.871995 0.001787
v -1.328610 1.124009 0.039150
v -1.290052 1.135439 0.059572
v -1.237376 1.133211 -0.035349
v -1.275334 1.121756 -0.056852
v -1.347887 1.079049 0.028610
v -1.295373 1.076828 -0.066019
v -1.316966 0.894985 -0.075566
v -1.370394 0.897245 0.020710
v -1.473949 0.827243 0.208978
v -1.473949 0.903467 0.208978
v -1.473949 0.827243 -0.187449
v -1.473949 0.903467 -0.187449
v -1.077522 0.827243 0.208978
v -1.077522 0.903467 0.208978
v -1.077522 0.827243 -0.187449
v -1.077522 0.903467 -0.187449
v -1.491818 1.284185 0.672977
v -1.462615 1.174530 0.583728
v -1.488770 1.210722 0.647442
v -1.380211 1.158132 0.405460
v -1.324058 1.250801 0.310057
v -1.346504 1.182412 0.339675
v -1.426113 1.448825 0.575369
v -1.482241 1.356152 0.670784
v -1.460307 1.424603 0.640924
v -1.314481 1.322769 0.307864
v -1.343709 1.432427 0.397102
v -1.318042 1.396293 0.333158
v -1.520464 1.181394 0.556355
v -1.549692 1.291052 0.645594
v -1.546131 1.217528 0.620300
v -1.381932 1.257669 0.282674
v -1.438060 1.164997 0.378088
v -1.403865 1.189218 0.312533
v -1.540114 1.363020 0.643400
v -1.483962 1.455689 0.547997
v -1.517668 1.431409 0.613783
v -1.401558 1.439291 0.369730
v -1.372354 1.329636 0.280481
v -1.375403 1.403099 0.306016
v -1.524356 1.385420 0.562306
v -1.536630 1.345669 0.579732
v -1.439042 1.334089 0.625907
v -1.425656 1.373708 0.609008
v -1.501713 1.396522 0.519084
v -1.404426 1.384978 0.565117
v -1.323193 1.353318 0.387346
v -1.321870 1.310773 0.372427
v -1.419459 1.322352 0.326252
v -1.421893 1.365030 0.340644
v -1.341804 1.372517 0.429644
v -1.439091 1.384061 0.383611
v -1.442279 1.248791 0.612814
v -1.444713 1.291469 0.627206
v -1.542302 1.303048 0.581030
v -1.540980 1.260503 0.566112
v -1.425082 1.229761 0.569847
v -1.522369 1.241304 0.523814
v -1.438516 1.240113 0.344450
v -1.425131 1.279732 0.327551
v -1.327542 1.268152 0.373726
v -1.339816 1.228402 0.391152
v -1.459746 1.228843 0.388341
v -1.362459 1.217299 0.434374
v -1.376259 1.306051 0.445080
v -1.239490 1.295462 0.400085
v -1.298773 1.300766 0.450192
v -1.151147 1.283873 0.224302
v -1.196407 1.282458 0.087218
v -1.146253 1.280759 0.146715
v -1.486270 1.307863 0.275242
v -1.441007 1.309305 0.412325
v -1.491200 1.310436 0.352846
v -1.261155 1.285712 0.054462
v -1.397926 1.296274 0.099459
v -1.338680 1.290429 0.049369
v -1.243769 1.231273 0.402166
v -1.380540 1.241835 0.447163
v -1.303016 1.237119 0.452256
v -1.200688 1.218242 0.089300
v -1.155425 1.219684 0.226383
v -1.150496 1.217111 0.148778
v -1.445288 1.245089 0.414407
v -1.490549 1.243674 0.277323
v -1.495442 1.246788 0.354910
v -1.402205 1.232085 0.101541
v -1.265436 1.221496 0.056545
v -1.342922 1.226781 0.051433
v -1.435615 1.219044 0.333448
v -1.406438 1.218835 0.367843
v -1.399220 1.327118 0.364331
v -1.428315 1.328561 0.329896
v -1.427837 1.217711 0.284033
v -1.420642 1.325661 0.280532
v -1.318466 1.314151 0.111323
v -1.273603 1.310640 0.114384
v -1.280820 1.202356 0.117895
v -1.325766 1.204634 0.114875
v -1.353505 1.316854 0.146947
v -1.360701 1.208904 0.150447
v -1.315929 1.322914 0.386750
v -1.360875 1.325191 0.383730
v -1.368092 1.216908 0.387241
v -1.323229 1.213396 0.390302
v -1.280994 1.318643 0.351178
v -1.288190 1.210694 0.354678
v -1.213380 1.198986 0.171729
v -1.242476 1.200429 0.137294
v -1.235258 1.308713 0.133782
v -1.206080 1.308504 0.168178
v -1.221053 1.201887 0.221093
v -1.213858 1.309836 0.217593
v 0.463058 0.965591 1.610038
v 0.469304 0.869423 1.655910
v 0.399397 0.965591 1.142408
v 0.393152 0.869423 1.096535
v 0.450303 1.109653 1.516344
v 0.464028 0.998645 1.617158
v 0.411926 1.109653 1.234440
v 0.398202 0.998645 1.133626
v 0.442157 0.979012 1.612883
v 0.448402 0.856003 1.658756
v 0.378496 0.979012 1.145254
v 0.372251 0.856002 1.099381
v 0.429402 1.109653 1.519190
v 0.444505 0.986644 1.630132
v 0.391025 1.109653 1.237285
v 0.375922 0.986644 1.126344
v 0.463058 0.738124 1.610038
v 0.469304 0.834293 1.655910
v 0.399397 0.738124 1.142408
v 0.393152 0.834293 1.096535
v 0.450303 0.594062 1.516345
v 0.464028 0.705071 1.617159
v 0.411926 0.594062 1.234440
v 0.398202 0.705071 1.133626
v 0.442157 0.724704 1.612883
v 0.448402 0.847713 1.658756
v 0.378496 0.724704 1.145254
v 0.372251 0.847713 1.099381
v 0.429402 0.594062 1.519190
v 0.444505 0.717072 1.630132
v 0.391025 0.594062 1.237286
v 0.375922 0.717072 1.126344
v 0.213422 0.851858 1.045233
v 0.261475 0.851858 1.038691
v 0.217091 0.715108 1.072186
v 0.265144 0.715108 1.065644
v 0.227541 0.599177 1.148940
v 0.275593 0.599177 1.142398
v 0.243179 0.521714 1.263812
v 0.291231 0.521714 1.257270
v 0.261625 0.494513 1.399312
v 0.309677 0.494513 1.392771
v 0.280071 0.521714 1.534812
v 0.328124 0.521714 1.528270
v 0.295709 0.599177 1.649683
v 0.343762 0.599177 1.643142
v 0.306159 0.715108 1.726438
v 0.354211 0.715108 1.719896
v 0.309828 0.851858 1.753390
v 0.357880 0.851858 1.746849
v 0.306159 0.988608 1.726438
v 0.354211 0.988608 1.719896
v 0.295709 1.104539 1.649683
v 0.343762 1.104539 1.643142
v 0.280071 1.182001 1.534812
v 0.328124 1.182001 1.528270
v 0.261625 1.209203 1.399312
v 0.309677 1.209203 1.392770
v 0.243179 1.182001 1.263811
v 0.291231 1.182001 1.257270
v 0.227541 1.104538 1.148940
v 0.275593 1.104538 1.142398
v 0.217091 0.988607 1.072185
v 0.265144 0.988607 1.065643
v 0.202039 0.851858 1.069289
v 0.205479 0.723642 1.094560
v 0.282315 0.723642 1.084100
v 0.278875 0.851858 1.058829
v 0.215276 0.614946 1.166525
v 0.292112 0.614946 1.156065
v 0.229939 0.542318 1.274227
v 0.306774 0.542318 1.263767
v 0.247234 0.516814 1.401271
v 0.324070 0.516814 1.390811
v 0.264529 0.542318 1.528315
v 0.341364 0.542318 1.517855
v 0.279191 0.614946 1.636017
v 0.356027 0.614946 1.625557
v 0.288988 0.723642 1.707982
v 0.365824 0.723642 1.697522
v 0.292428 0.851858 1.733252
v 0.369264 0.851858 1.722792
v 0.288988 0.980073 1.707982
v 0.365824 0.980073 1.697522
v 0.279191 1.088769 1.636017
v 0.356027 1.088769 1.625557
v 0.264528 1.161398 1.528315
v 0.341364 1.161398 1.517855
v 0.247233 1.186901 1.401271
v 0.324070 1.186901 1.390811
v 0.229938 1.161398 1.274227
v 0.306774 1.161398 1.263767
v 0.215276 1.088769 1.166525
v 0.292112 1.088769 1.156064
v 0.205479 0.980073 1.094560
v 0.282315 0.980073 1.084100
v -0.058724 0.851858 1.082281
v -0.106776 0.851858 1.088823
v -0.055055 0.715108 1.109234
v -0.103107 0.715108 1.115776
v -0.044605 0.599177 1.185989
v -0.092658 0.599177 1.192531
v -0.028967 0.521714 1.300861
v -0.077020 0.521714 1.307402
v -0.010521 0.494513 1.436360
v -0.058574 0.494513 1.442902
v 0.007925 0.521714 1.571861
v -0.040127 0.521714 1.578403
v 0.023563 0.599177 1.686732
v -0.024489 0.599177 1.693274
v 0.034013 0.715108 1.763487
v -0.014040 0.715108 1.770028
v 0.037682 0.851858 1.790439
v -0.010371 0.851858 1.796981
v 0.034013 0.988608 1.763487
v -0.014040 0.988608 1.770028
v 0.023563 1.104539 1.686732
v -0.024489 1.104539 1.693273
v 0.007925 1.182001 1.571860
v -0.040127 1.182001 1.578402
v -0.010521 1.209203 1.436360
v -0.058574 1.209203 1.442902
v -0.028968 1.182001 1.300860
v -0.077020 1.182001 1.307402
v -0.044606 1.104538 1.185989
v -0.092658 1.104538 1.192530
v -0.055055 0.988607 1.109234
v -0.103107 0.988607 1.115776
v -0.041324 0.851858 1.102420
v -0.037884 0.723642 1.127690
v -0.114719 0.723642 1.138151
v -0.118160 0.851858 1.112880
v -0.028087 0.614946 1.199655
v -0.104922 0.614946 1.210115
v -0.013424 0.542318 1.307358
v -0.090261 0.542318 1.317818
v 0.003871 0.516814 1.434401
v -0.072965 0.516814 1.444862
v 0.021166 0.542318 1.561445
v -0.055670 0.542318 1.571905
v 0.035828 0.614946 1.669147
v -0.041008 0.614946 1.679608
v 0.045625 0.723642 1.741112
v -0.031211 0.723642 1.751572
v 0.049065 0.851858 1.766383
v -0.027771 0.851858 1.776843
v 0.045625 0.980073 1.741112
v -0.031211 0.980073 1.751572
v 0.035828 1.088769 1.669147
v -0.041008 1.088769 1.679608
v 0.021165 1.161398 1.561445
v -0.055670 1.161398 1.571905
v 0.003870 1.186901 1.434401
v -0.072965 1.186901 1.444861
v -0.013425 1.161398 1.307357
v -0.090261 1.161398 1.317817
v -0.028087 1.088769 1.199655
v -0.104923 1.088769 1.210115
v -0.037884 0.980073 1.127690
v -0.114719 0.980073 1.138150
v 0.490665 0.964971 1.653740
v 0.490665 0.738745 1.653741
v -0.163213 0.964970 1.742757
v -0.163213 0.738745 1.742757
v 0.169802 0.964970 1.742883
v 0.169802 0.738745 1.742883
v 0.337459 0.964970 1.703990
v -0.002149 0.964970 1.750223
v -0.002149 0.738745 1.750223
v 0.337459 0.738745 1.703990
v 0.485327 0.948469 1.614526
v 0.485327 0.755247 1.614526
v -0.007487 0.948469 1.711007
v 0.164464 0.948469 1.703668
v -0.168552 0.755247 1.703542
v -0.168552 0.948469 1.703542
v 0.332120 0.755247 1.664775
v 0.164464 0.755247 1.703668
v -0.007488 0.755247 1.711007
v 0.332120 0.948469 1.664775
v -0.082129 0.964970 1.750550
v -0.082129 0.738745 1.750550
v -0.087467 0.948469 1.711335
v -0.087467 0.755247 1.711335
v 0.468696 1.131951 1.492358
v 0.490274 0.971986 1.650862
v -0.185183 1.131951 1.581374
v -0.163605 0.971986 1.739878
v 0.146052 1.163804 1.568428
v 0.167631 1.003838 1.726930
v 0.314338 1.152545 1.534155
v -0.025270 1.152545 1.580387
v -0.003692 0.992579 1.738891
v 0.335916 0.992579 1.692659
v 0.466495 1.092298 1.476190
v 0.484925 0.955669 1.611571
v -0.027470 1.112891 1.564220
v 0.143852 1.124151 1.552260
v -0.168954 0.955669 1.700587
v -0.187384 1.092298 1.565206
v 0.330567 0.976263 1.653368
v 0.162282 0.987522 1.687640
v -0.009041 0.976263 1.699600
v 0.312137 1.112891 1.517987
v -0.104836 1.145145 1.583752
v -0.083258 0.985180 1.742255
v -0.107037 1.105492 1.567584
v -0.088607 0.968863 1.702965
v 0.437233 1.134857 1.261249
v 0.467749 1.134857 1.485407
v -0.216645 1.134857 1.350265
v -0.186130 1.134857 1.574423
v 0.110294 1.179903 1.305757
v 0.140810 1.179903 1.529915
v 0.280098 1.163981 1.282641
v -0.059510 1.163981 1.328874
v -0.028994 1.163981 1.553031
v 0.310613 1.163981 1.506799
v 0.439459 1.095280 1.277600
v 0.465523 1.095280 1.469057
v -0.057284 1.124404 1.345224
v 0.112520 1.140326 1.322108
v -0.188355 1.095280 1.558072
v -0.214419 1.095280 1.366616
v 0.308388 1.124404 1.490448
v 0.138584 1.140326 1.513564
v -0.031220 1.124404 1.536681
v 0.282324 1.124404 1.298991
v -0.138078 1.153516 1.339569
v -0.107562 1.153516 1.563727
v -0.135852 1.113940 1.355920
v -0.109788 1.113940 1.547377
v 0.414709 0.971986 1.095795
v 0.436288 1.131951 1.254298
v -0.239169 0.971985 1.184811
v -0.217591 1.131951 1.343314
v 0.083473 1.003838 1.108741
v 0.105051 1.163803 1.267244
v 0.254795 0.992579 1.096781
v -0.084812 0.992579 1.143014
v -0.063234 1.152544 1.301517
v 0.276374 1.152545 1.255284
v 0.420058 0.955669 1.135086
v 0.438488 1.092298 1.270465
v -0.079463 0.976262 1.182304
v 0.088822 0.987521 1.148032
v -0.215391 1.092298 1.359482
v -0.233821 0.955669 1.224102
v 0.278574 1.112891 1.271452
v 0.107253 1.124150 1.283412
v -0.061033 1.112891 1.317684
v 0.260145 0.976262 1.136072
v -0.162381 0.985180 1.161041
v -0.140804 1.145145 1.319544
v -0.157033 0.968863 1.200332
v -0.138603 1.105492 1.335712
v 0.414317 0.738745 1.092916
v 0.414317 0.964970 1.092915
v -0.239561 0.738745 1.181932
v -0.239561 0.964970 1.181931
v 0.081302 0.738745 1.092789
v 0.081302 0.964970 1.092789
v 0.253253 0.738745 1.085450
v -0.086354 0.738745 1.131683
v -0.086354 0.964970 1.131682
v 0.253253 0.964970 1.085450
v 0.419656 0.755247 1.132131
v 0.419656 0.948469 1.132131
v -0.081016 0.755246 1.170897
v 0.086640 0.755246 1.132004
v -0.234223 0.948469 1.221147
v -0.234223 0.755247 1.221147
v 0.258592 0.948469 1.124664
v 0.086640 0.948469 1.132004
v -0.081016 0.948469 1.170897
v 0.258592 0.755247 1.124665
v -0.163511 0.738745 1.152747
v -0.163511 0.964970 1.152747
v -0.158172 0.755247 1.191962
v -0.158172 0.948469 1.191962
v 0.436288 0.571765 1.254298
v 0.414709 0.731730 1.095795
v -0.217591 0.571765 1.343314
v -0.239169 0.731730 1.184811
v 0.105051 0.539912 1.267245
v 0.083473 0.699877 1.108741
v 0.276374 0.551171 1.255285
v -0.063233 0.551171 1.301517
v -0.084812 0.711136 1.143014
v 0.254795 0.711136 1.096781
v 0.438488 0.611418 1.270465
v 0.420058 0.748047 1.135086
v -0.061032 0.590824 1.317685
v 0.107253 0.579565 1.283412
v -0.233821 0.748046 1.224102
v -0.215391 0.611418 1.359482
v 0.260145 0.727453 1.136072
v 0.088822 0.716194 1.148032
v -0.079463 0.727453 1.182305
v 0.278574 0.590824 1.271452
v -0.140804 0.558570 1.319544
v -0.162381 0.718535 1.161041
v -0.138603 0.598223 1.335712
v -0.157033 0.734852 1.200332
v 0.467749 0.568859 1.485407
v 0.437233 0.568859 1.261249
v -0.186130 0.568859 1.574423
v -0.216645 0.568859 1.350265
v 0.140810 0.523812 1.529915
v 0.110294 0.523812 1.305757
v 0.310613 0.539735 1.506799
v -0.028994 0.539735 1.553031
v -0.059510 0.539735 1.328874
v 0.280098 0.539735 1.282641
v 0.465523 0.608436 1.469057
v 0.439459 0.608436 1.277600
v -0.031219 0.579312 1.536681
v 0.138584 0.563389 1.513564
v -0.214419 0.608435 1.366616
v -0.188355 0.608435 1.558072
v 0.282324 0.579312 1.298992
v 0.112520 0.563389 1.322108
v -0.057284 0.579312 1.345224
v 0.308388 0.579312 1.490448
v -0.107562 0.550199 1.563727
v -0.138078 0.550199 1.339570
v -0.109788 0.589776 1.547377
v -0.135852 0.589776 1.355920
v 0.490274 0.731730 1.650861
v 0.468696 0.571765 1.492358
v -0.163605 0.731730 1.739877
v -0.185183 0.571765 1.581375
v 0.167631 0.699877 1.726931
v 0.146052 0.539912 1.568428
v 0.335916 0.711136 1.692658
v -0.003691 0.711136 1.738891
v -0.025270 0.551171 1.580388
v 0.314338 0.551171 1.534155
v 0.484925 0.748047 1.611571
v 0.466495 0.611418 1.476190
v -0.009040 0.727453 1.699600
v 0.162282 0.716194 1.687640
v -0.187384 0.611418 1.565206
v -0.168954 0.748047 1.700587
v 0.312137 0.590824 1.517987
v 0.143852 0.579565 1.552260
v -0.027470 0.590824 1.564220
v 0.330567 0.727453 1.653368
v -0.083258 0.718535 1.742255
v -0.104836 0.558570 1.583753
v -0.088607 0.734852 1.702965
v -0.107037 0.598223 1.567584
v -0.201516 0.965591 1.223368
v -0.207761 0.869423 1.177495
v -0.137856 0.965591 1.690997
v -0.131611 0.869423 1.736870
v -0.188762 1.109653 1.317061
v -0.202486 0.998645 1.216247
v -0.150384 1.109653 1.598965
v -0.136660 0.998645 1.699780
v -0.180615 0.979012 1.220523
v -0.186861 0.856002 1.174649
v -0.116954 0.979012 1.688151
v -0.110709 0.856003 1.734025
v -0.167860 1.109653 1.314215
v -0.182964 0.986644 1.203274
v -0.129483 1.109653 1.596120
v -0.114380 0.986644 1.707061
v -0.201516 0.738124 1.223368
v -0.207762 0.834293 1.177495
v -0.137856 0.738124 1.690997
v -0.131611 0.834293 1.736870
v -0.188762 0.594062 1.317061
v -0.202486 0.705071 1.216247
v -0.150385 0.594062 1.598966
v -0.136660 0.705071 1.699780
v -0.180615 0.724704 1.220523
v -0.186861 0.847713 1.174649
v -0.116955 0.724704 1.688152
v -0.110709 0.847713 1.734025
v -0.167861 0.594062 1.314215
v -0.182964 0.717072 1.203274
v -0.129483 0.594062 1.596120
v -0.114380 0.717072 1.707062
v -0.102737 0.851722 1.079314
v -0.051184 0.711710 1.100430
v -0.005924 0.592899 1.174388
v 0.036888 0.513512 1.288466
v 0.071509 0.485635 1.425193
v 0.090413 0.513512 1.564060
v 0.106440 0.592899 1.681785
v 0.101433 0.711710 1.762586
v 0.078450 0.851818 1.794169
v 0.041277 0.982311 1.779610
v -0.031691 1.108540 1.716217
v -0.080166 1.146701 1.595319
v -0.128770 1.174578 1.452465
v -0.154038 1.146701 1.314458
v -0.163702 1.078765 1.195866
v -0.145784 0.980489 1.113308
v -0.147679 0.851587 1.085432
v -0.096126 0.711710 1.106548
v -0.050865 0.592899 1.180506
v -0.008053 0.513512 1.294585
v 0.026568 0.485635 1.431311
v 0.045472 0.513512 1.570178
v 0.061499 0.592899 1.687903
v 0.056491 0.711710 1.768704
v 0.033552 0.851730 1.800599
v -0.003580 0.980794 1.786350
v -0.061351 1.078747 1.719561
v -0.125333 1.146701 1.599780
v -0.173712 1.174578 1.458576
v -0.198980 1.146701 1.320576
v -0.208644 1.078765 1.201984
v -0.190726 0.980208 1.119426
v 0.255034 0.851722 1.030608
v 0.211002 0.711710 1.064737
v 0.187158 0.592899 1.148102
v 0.176400 0.513512 1.269474
v 0.179588 0.485635 1.410480
v 0.198493 0.513512 1.549346
v 0.214520 0.592899 1.667072
v 0.240945 0.711710 1.743594
v 0.271533 0.851818 1.767884
v 0.303463 0.982311 1.743918
v 0.356829 1.108540 1.663326
v 0.371221 1.146701 1.533869
v 0.379870 1.174578 1.383222
v 0.367327 1.146701 1.243482
v 0.344937 1.078765 1.126623
v 0.305602 0.980489 1.051858
v 0.299976 0.851587 1.024490
v 0.255943 0.711710 1.058619
v 0.232100 0.592899 1.141984
v 0.221342 0.513512 1.263356
v 0.224530 0.485635 1.404362
v 0.243434 0.513512 1.543229
v 0.259461 0.592899 1.660954
v 0.285886 0.711710 1.737476
v 0.316517 0.851730 1.762077
v 0.348489 0.980794 1.738421
v 0.386303 1.078747 1.658620
v 0.415937 1.146701 1.526094
v 0.424811 1.174578 1.377096
v 0.412268 1.146701 1.237364
v 0.389879 1.078765 1.120505
v 0.350544 0.980208 1.045740
v 1.285103 0.965591 1.498128
v 1.291348 0.869423 1.544001
v 1.221442 0.965591 1.030499
v 1.215197 0.869423 0.984626
v 1.272348 1.109653 1.404435
v 1.286073 0.998645 1.505249
v 1.233971 1.109653 1.122530
v 1.220246 0.998645 1.021717
v 1.264202 0.979012 1.500973
v 1.270446 0.856002 1.546847
v 1.200541 0.979012 1.033344
v 1.194296 0.856002 0.987471
v 1.251446 1.109653 1.407281
v 1.266550 0.986644 1.518222
v 1.213069 1.109653 1.125376
v 1.197966 0.986644 1.014434
v 1.285103 0.738124 1.498128
v 1.291348 0.834293 1.544001
v 1.221442 0.738124 1.030499
v 1.215197 0.834293 0.984626
v 1.272348 0.594062 1.404436
v 1.286073 0.705071 1.505249
v 1.233971 0.594062 1.122530
v 1.220246 0.705070 1.021717
v 1.264202 0.724704 1.500973
v 1.270446 0.847713 1.546847
v 1.200541 0.724704 1.033344
v 1.194296 0.847713 0.987471
v 1.251446 0.594062 1.407281
v 1.266550 0.717072 1.518222
v 1.213069 0.594062 1.125376
v 1.197966 0.717072 1.014434
v 1.035467 0.851858 0.933324
v 1.083520 0.851858 0.926782
v 1.039136 0.715108 0.960276
v 1.087189 0.715108 0.953734
v 1.049586 0.599177 1.037031
v 1.097638 0.599177 1.030490
v 1.065224 0.521714 1.151902
v 1.113276 0.521714 1.145361
v 1.083670 0.494513 1.287402
v 1.131722 0.494513 1.280861
v 1.102117 0.521714 1.422903
v 1.150168 0.521714 1.416361
v 1.117754 0.599177 1.537774
v 1.165807 0.599177 1.531232
v 1.128204 0.715108 1.614529
v 1.176255 0.715108 1.607987
v 1.131873 0.851858 1.641481
v 1.179925 0.851858 1.634940
v 1.128204 0.988608 1.614529
v 1.176255 0.988608 1.607987
v 1.117754 1.104539 1.537774
v 1.165807 1.104539 1.531232
v 1.102116 1.182001 1.422902
v 1.150168 1.182001 1.416361
v 1.083672 1.209166 1.287402
v 1.131722 1.209202 1.280861
v 1.065223 1.182001 1.151902
v 1.113276 1.182001 1.145360
v 1.049585 1.104538 1.037031
v 1.097638 1.104538 1.030489
v 1.039136 0.988607 0.960276
v 1.087189 0.988607 0.953734
v 1.024084 0.851858 0.957380
v 1.027524 0.723642 0.982651
v 1.104360 0.723642 0.972191
v 1.100919 0.851858 0.946920
v 1.037321 0.614946 1.054615
v 1.114156 0.614946 1.044155
v 1.051983 0.542318 1.162318
v 1.128819 0.542318 1.151858
v 1.069278 0.516814 1.289362
v 1.146114 0.516814 1.278902
v 1.086573 0.542318 1.416405
v 1.163409 0.542318 1.405945
v 1.101236 0.614946 1.524108
v 1.178071 0.614946 1.513648
v 1.111033 0.723642 1.596073
v 1.187868 0.723642 1.585612
v 1.114473 0.851858 1.621343
v 1.191308 0.851858 1.610883
v 1.111033 0.980073 1.596072
v 1.187868 0.980073 1.585612
v 1.101236 1.088769 1.524108
v 1.178071 1.088769 1.513648
v 1.086573 1.161398 1.416405
v 1.163409 1.161398 1.405945
v 1.069299 1.186397 1.289359
v 1.146114 1.186901 1.278902
v 1.051983 1.161398 1.162318
v 1.128819 1.161398 1.151857
v 1.037321 1.088769 1.054615
v 1.114156 1.088769 1.044155
v 1.027524 0.980073 0.982651
v 1.104360 0.980073 0.972191
v 0.763321 0.851858 0.970372
v 0.715268 0.851858 0.976914
v 0.766990 0.715108 0.997325
v 0.718938 0.715108 1.003867
v 0.777439 0.599177 1.074080
v 0.729387 0.599177 1.080621
v 0.793077 0.521714 1.188951
v 0.745025 0.521714 1.195493
v 0.811524 0.494513 1.324451
v 0.763471 0.494513 1.330993
v 0.829970 0.521714 1.459952
v 0.781917 0.521714 1.466493
v 0.845608 0.599177 1.574823
v 0.797555 0.599177 1.581364
v 0.856057 0.715108 1.651577
v 0.808005 0.715108 1.658119
v 0.859727 0.851858 1.678530
v 0.811674 0.851858 1.685072
v 0.856057 0.988608 1.651577
v 0.808005 0.988608 1.658119
v 0.845608 1.104539 1.574823
v 0.797555 1.104539 1.581364
v 0.829970 1.182001 1.459951
v 0.781917 1.182001 1.466493
v 0.812009 1.198254 1.324385
v 0.763488 1.208811 1.330991
v 0.793077 1.182001 1.188951
v 0.745025 1.182001 1.195492
v 0.777439 1.104538 1.074079
v 0.729387 1.104538 1.080621
v 0.766990 0.988607 0.997325
v 0.718938 0.988607 1.003866
v 0.780720 0.851858 0.990511
v 0.784161 0.723642 1.015781
v 0.707325 0.723642 1.026241
v 0.703885 0.851858 1.000970
v 0.793958 0.614946 1.087746
v 0.717122 0.614946 1.098206
v 0.808620 0.542318 1.195448
v 0.731784 0.542318 1.205908
v 0.825915 0.516814 1.322492
v 0.749079 0.516814 1.332952
v 0.843210 0.542318 1.449536
v 0.766375 0.542318 1.459995
v 0.857873 0.614946 1.557238
v 0.781037 0.614946 1.567698
v 0.867669 0.723642 1.629203
v 0.790834 0.723642 1.639663
v 0.871109 0.851858 1.654473
v 0.794274 0.851858 1.664933
v 0.867669 0.980073 1.629203
v 0.790834 0.980073 1.639663
v 0.857873 1.088769 1.557238
v 0.781036 1.088769 1.567698
v 0.843210 1.161398 1.449536
v 0.766374 1.161398 1.459995
v 0.828228 1.173342 1.322177
v 0.749079 1.186901 1.332952
v 0.808619 1.161398 1.195448
v 0.731784 1.161398 1.205908
v 0.793958 1.088769 1.087745
v 0.717122 1.088769 1.098206
v 0.784161 0.980073 1.015781
v 0.707325 0.980073 1.026241
v 1.312710 0.964970 1.541831
v 1.312711 0.738745 1.541831
v 0.658831 0.964970 1.630847
v 0.658831 0.738745 1.630847
v 0.991847 0.964970 1.630974
v 0.991847 0.738745 1.630974
v 1.159503 0.964970 1.592081
v 0.819896 0.964970 1.638314
v 0.819896 0.738745 1.638314
v 1.159503 0.738745 1.592081
v 1.307372 0.948469 1.502616
v 1.307372 0.755247 1.502616
v 0.814557 0.948469 1.599098
v 0.986508 0.948469 1.591759
v 0.653492 0.755247 1.591632
v 0.653492 0.948469 1.591632
v 1.154164 0.755247 1.552866
v 0.986508 0.755247 1.591759
v 0.814557 0.755247 1.599098
v 1.154164 0.948469 1.552866
v 0.739916 0.964970 1.638641
v 0.739916 0.738745 1.638641
v 0.734578 0.948469 1.599426
v 0.734578 0.755247 1.599426
v 1.290740 1.131951 1.380448
v 1.312318 0.971986 1.538952
v 0.636861 1.131951 1.469465
v 0.658439 0.971986 1.627968
v 0.968097 1.163804 1.456518
v 0.989675 1.003838 1.615021
v 1.136382 1.152544 1.422246
v 0.796775 1.152544 1.468478
v 0.818353 0.992579 1.626982
v 1.157960 0.992579 1.580749
v 1.288539 1.092298 1.364281
v 1.306969 0.955669 1.499661
v 0.794573 1.112891 1.452311
v 0.965897 1.124150 1.440350
v 0.653090 0.955669 1.588678
v 0.634660 1.092298 1.453297
v 1.152612 0.976263 1.541458
v 0.984326 0.987521 1.575730
v 0.813004 0.976263 1.587691
v 1.134181 1.112891 1.406078
v 0.717209 1.145145 1.471843
v 0.738787 0.985180 1.630346
v 0.715008 1.105492 1.455675
v 0.733438 0.968863 1.591055
v 1.259278 1.134857 1.149340
v 1.289794 1.134857 1.373497
v 0.605399 1.134857 1.238356
v 0.635915 1.134857 1.462513
v 0.932475 1.178345 1.193829
v 0.962992 1.178343 1.417987
v 1.102142 1.163980 1.170732
v 0.762535 1.163980 1.216964
v 0.793051 1.163980 1.441122
v 1.132658 1.163980 1.394889
v 1.261504 1.095280 1.165690
v 1.287568 1.095280 1.357147
v 0.764761 1.124404 1.233315
v 0.934764 1.138956 1.210171
v 0.633689 1.095280 1.446163
v 0.607626 1.095280 1.254706
v 1.130432 1.124404 1.378539
v 0.960830 1.138955 1.401628
v 0.790825 1.124404 1.424771
v 1.104368 1.124404 1.187082
v 0.683967 1.153516 1.227660
v 0.714483 1.153516 1.451818
v 0.686193 1.113940 1.244011
v 0.712257 1.113940 1.435467
v 1.236754 0.971986 0.983886
v 1.258332 1.131951 1.142389
v 0.582875 0.971985 1.072902
v 0.604453 1.131951 1.231405
v 0.905518 1.003838 0.996832
v 0.927096 1.163803 1.155335
v 1.076840 0.992579 0.984872
v 0.737233 0.992579 1.031104
v 0.758811 1.152544 1.189608
v 1.098418 1.152544 1.143375
v 1.242103 0.955669 1.023176
v 1.260533 1.092298 1.158556
v 0.742582 0.976262 1.070395
v 0.910866 0.987521 1.036123
v 0.606654 1.092297 1.247573
v 0.588224 0.955669 1.112192
v 1.100619 1.112891 1.159543
v 0.929296 1.124150 1.171503
v 0.761012 1.112891 1.205775
v 1.082189 0.976262 1.024162
v 0.659663 0.985180 1.049132
v 0.681241 1.145145 1.207635
v 0.665012 0.968863 1.088423
v 0.683442 1.105492 1.223802
v 1.236362 0.738745 0.981006
v 1.236362 0.964970 0.981006
v 0.582483 0.738745 1.070022
v 0.582483 0.964970 1.070022
v 0.903346 0.738745 0.980880
v 0.903346 0.964970 0.980880
v 1.075298 0.738745 0.973540
v 0.735690 0.738745 1.019773
v 0.735690 0.964970 1.019773
v 1.075298 0.964970 0.973540
v 1.241701 0.755247 1.020221
v 1.241701 0.948469 1.020221
v 0.741029 0.755246 1.058988
v 0.908685 0.755246 1.020095
v 0.587822 0.948469 1.109237
v 0.587822 0.755246 1.109237
v 1.080636 0.948469 1.012756
v 0.908685 0.948469 1.020095
v 0.741029 0.948469 1.058988
v 1.080636 0.755247 1.012756
v 0.658534 0.738745 1.040837
v 0.658534 0.964970 1.040837
v 0.663872 0.755246 1.080052
v 0.663872 0.948469 1.080052
v 1.258332 0.571765 1.142389
v 1.236754 0.731730 0.983886
v 0.604453 0.571765 1.231405
v 0.582875 0.731730 1.072902
v 0.927096 0.539912 1.155335
v 0.905518 0.699877 0.996832
v 1.098418 0.551171 1.143376
v 0.758811 0.551171 1.189608
v 0.737233 0.711136 1.031104
v 1.076840 0.711136 0.984872
v 1.260533 0.611418 1.158557
v 1.242103 0.748047 1.023176
v 0.761012 0.590824 1.205775
v 0.929296 0.579565 1.171503
v 0.588224 0.748046 1.112192
v 0.606654 0.611418 1.247573
v 1.082189 0.727453 1.024162
v 0.910866 0.716194 1.036123
v 0.742582 0.727453 1.070395
v 1.100619 0.590824 1.159543
v 0.681241 0.558570 1.207635
v 0.659663 0.718535 1.049132
v 0.683442 0.598223 1.223803
v 0.665012 0.734852 1.088423
v 1.289795 0.568859 1.373498
v 1.259278 0.568859 1.149340
v 0.635915 0.568859 1.462514
v 0.605399 0.568859 1.238356
v 0.962855 0.523813 1.418006
v 0.932339 0.523812 1.193848
v 1.132658 0.539735 1.394889
v 0.793051 0.539735 1.441122
v 0.762536 0.539735 1.216964
v 1.102142 0.539735 1.170732
v 1.287568 0.608436 1.357147
v 1.261505 0.608435 1.165690
v 0.790825 0.579312 1.424771
v 0.960629 0.563389 1.401655
v 0.607626 0.608435 1.254706
v 0.633689 0.608435 1.446163
v 1.104368 0.579312 1.187082
v 0.934565 0.563389 1.210199
v 0.764761 0.579312 1.233315
v 1.130432 0.579312 1.378539
v 0.714483 0.550199 1.451818
v 0.683968 0.550199 1.227660
v 0.712257 0.589776 1.435467
v 0.686193 0.589776 1.244011
v 1.312318 0.731730 1.538952
v 1.290740 0.571765 1.380449
v 0.658439 0.731730 1.627968
v 0.636861 0.571765 1.469465
v 0.989675 0.699877 1.615022
v 0.968097 0.539912 1.456519
v 1.157961 0.711136 1.580749
v 0.818353 0.711136 1.626981
v 0.796775 0.551171 1.468479
v 1.136382 0.551171 1.422246
v 1.306969 0.748047 1.499661
v 1.288540 0.611418 1.364281
v 0.813004 0.727453 1.587691
v 0.984326 0.716194 1.575731
v 0.634660 0.611418 1.453297
v 0.653090 0.748047 1.588678
v 1.134181 0.590824 1.406078
v 0.965897 0.579565 1.440351
v 0.794574 0.590824 1.452311
v 1.152612 0.727453 1.541458
v 0.738787 0.718535 1.630346
v 0.717209 0.558570 1.471843
v 0.733438 0.734852 1.591055
v 0.715008 0.598223 1.455675
v 0.620528 0.965591 1.111459
v 0.614283 0.869423 1.065585
v 0.684189 0.965591 1.579087
v 0.690434 0.869423 1.624961
v 0.633283 1.109653 1.205151
v 0.619558 0.998645 1.104338
v 0.671660 1.109653 1.487056
v 0.685384 0.998645 1.587870
v 0.641429 0.979012 1.108613
v 0.635185 0.856002 1.062740
v 0.705090 0.979012 1.576242
v 0.711335 0.856002 1.622115
v 0.654184 1.109653 1.202305
v 0.639081 0.986644 1.091364
v 0.692562 1.109653 1.484210
v 0.707665 0.986644 1.595152
v 0.620528 0.738124 1.111459
v 0.614283 0.834293 1.065585
v 0.684189 0.738124 1.579087
v 0.690434 0.834293 1.624961
v 0.633283 0.594062 1.205151
v 0.619558 0.705070 1.104338
v 0.671660 0.594062 1.487056
v 0.685384 0.705071 1.587870
v 0.641429 0.724704 1.108613
v 0.635185 0.847713 1.062740
v 0.705090 0.724704 1.576242
v 0.711335 0.847713 1.622115
v 0.654184 0.594062 1.202306
v 0.639081 0.717072 1.091364
v 0.692562 0.594062 1.484211
v 0.707665 0.717072 1.595152
v 0.867561 0.875209 0.948788
v 0.875661 0.727811 0.975701
v 0.884313 0.604528 1.054305
v 0.902444 0.521046 1.171238
v 0.928031 0.489846 1.308599
v 0.955036 0.516350 1.445767
v 0.994289 0.591826 1.559824
v 1.024872 0.709481 1.635442
v 1.044303 0.850691 1.661132
v 1.047131 0.985082 1.641210
v 1.014354 1.123970 1.572654
v 0.979914 1.178854 1.450384
v 0.941350 1.195989 1.306793
v 0.906714 1.180052 1.170657
v 0.876869 1.113610 1.055318
v 0.864586 1.011620 0.977209
v 0.824793 0.888512 0.954611
v 0.832933 0.741242 0.981518
v 0.841585 0.617959 1.060122
v 0.859717 0.534477 1.177055
v 0.885304 0.503277 1.314416
v 0.912309 0.529781 1.451583
v 0.951561 0.605257 1.565641
v 0.982144 0.722912 1.641259
v 1.001592 0.864038 1.667262
v 1.004043 0.997070 1.647706
v 0.977409 1.104480 1.576993
v 0.935744 1.183075 1.454715
v 0.896672 1.198602 1.312867
v 0.863988 1.193437 1.176474
v 0.834141 1.127041 1.061135
v 0.821776 1.024784 0.983037
v 1.077079 0.851722 0.918699
v 1.033047 0.711710 0.952827
v 1.009204 0.592899 1.036193
v 0.998445 0.513512 1.157565
v 1.001633 0.485635 1.298570
v 1.020537 0.513512 1.437437
v 1.036564 0.592899 1.555162
v 1.062990 0.711710 1.631684
v 1.093578 0.851818 1.655974
v 1.125507 0.982311 1.632008
v 1.178873 1.108540 1.551416
v 1.193265 1.146700 1.421960
v 1.201914 1.174577 1.271312
v 1.189371 1.146701 1.131572
v 1.166982 1.078765 1.014713
v 1.127646 0.980489 0.939949
v 1.122021 0.851587 0.912581
v 1.077988 0.711710 0.946709
v 1.054145 0.592899 1.030075
v 1.043386 0.513512 1.151447
v 1.046575 0.485635 1.292452
v 1.065479 0.513512 1.431319
v 1.081506 0.592899 1.549044
v 1.107931 0.711710 1.625566
v 1.138562 0.851730 1.650168
v 1.170533 0.980794 1.626512
v 1.208348 1.078747 1.546711
v 1.237982 1.146701 1.414184
v 1.246855 1.174577 1.265187
v 1.234313 1.146701 1.125454
v 1.211924 1.078765 1.008595
v 1.172589 0.980208 0.933831
v 0.463058 0.965590 -1.610038
v 0.469304 0.869422 -1.655911
v 0.399397 0.965591 -1.142409
v 0.393152 0.869422 -1.096536
v 0.450303 1.109652 -1.516345
v 0.464028 0.998644 -1.617159
v 0.411926 1.109653 -1.234440
v 0.398202 0.998644 -1.133626
v 0.442157 0.979011 -1.612883
v 0.448402 0.856002 -1.658756
v 0.378496 0.979011 -1.145254
v 0.372251 0.856002 -1.099381
v 0.429402 1.109652 -1.519191
v 0.444505 0.986643 -1.630132
v 0.391025 1.109653 -1.237286
v 0.375922 0.986643 -1.126345
v 0.463058 0.738124 -1.610038
v 0.469304 0.834292 -1.655911
v 0.399397 0.738124 -1.142409
v 0.393152 0.834292 -1.096536
v 0.450303 0.594061 -1.516345
v 0.464028 0.705070 -1.617159
v 0.411926 0.594061 -1.234440
v 0.398202 0.705070 -1.133626
v 0.442157 0.724703 -1.612883
v 0.448402 0.847712 -1.658756
v 0.378496 0.724703 -1.145254
v 0.372251 0.847713 -1.099381
v 0.429402 0.594061 -1.519190
v 0.444505 0.717071 -1.630132
v 0.391025 0.594061 -1.237286
v 0.375922 0.717071 -1.126345
v 0.213422 0.851857 -1.045233
v 0.261475 0.851857 -1.038692
v 0.217091 0.715107 -1.072186
v 0.265144 0.715107 -1.065644
v 0.227541 0.599176 -1.148941
v 0.275593 0.599176 -1.142399
v 0.243179 0.521713 -1.263812
v 0.291231 0.521713 -1.257270
v 0.261625 0.494512 -1.399312
v 0.309677 0.494512 -1.392771
v 0.280071 0.521713 -1.534812
v 0.328124 0.521713 -1.528271
v 0.295709 0.599176 -1.649683
v 0.343762 0.599176 -1.643142
v 0.306159 0.715107 -1.726438
v 0.354211 0.715107 -1.719897
v 0.309828 0.851857 -1.753391
v 0.357880 0.851857 -1.746850
v 0.306159 0.988607 -1.726438
v 0.354211 0.988607 -1.719897
v 0.295709 1.104538 -1.649684
v 0.343762 1.104538 -1.643142
v 0.280071 1.182001 -1.534813
v 0.328124 1.182001 -1.528271
v 0.261625 1.209202 -1.399313
v 0.309677 1.209202 -1.392771
v 0.243179 1.182000 -1.263812
v 0.291231 1.182000 -1.257270
v 0.227541 1.104538 -1.148941
v 0.275593 1.104538 -1.142399
v 0.217091 0.988607 -1.072186
v 0.265144 0.988607 -1.065644
v 0.202039 0.851857 -1.069290
v 0.205479 0.723642 -1.094560
v 0.282315 0.723642 -1.084100
v 0.278875 0.851857 -1.058830
v 0.215276 0.614946 -1.166525
v 0.292112 0.614946 -1.156065
v 0.229939 0.542317 -1.274227
v 0.306774 0.542317 -1.263767
v 0.247234 0.516813 -1.401271
v 0.324070 0.516813 -1.390811
v 0.264529 0.542317 -1.528315
v 0.341364 0.542317 -1.517855
v 0.279191 0.614945 -1.636017
v 0.356027 0.614945 -1.625558
v 0.288988 0.723641 -1.707982
v 0.365824 0.723641 -1.697522
v 0.292428 0.851857 -1.733253
v 0.369264 0.851857 -1.722793
v 0.288988 0.980072 -1.707982
v 0.365824 0.980072 -1.697522
v 0.279191 1.088768 -1.636017
v 0.356027 1.088768 -1.625558
v 0.264528 1.161397 -1.528315
v 0.341364 1.161397 -1.517855
v 0.247233 1.186900 -1.401271
v 0.324070 1.186900 -1.390811
v 0.229938 1.161397 -1.274227
v 0.306774 1.161397 -1.263768
v 0.215276 1.088769 -1.166525
v 0.292112 1.088769 -1.156065
v 0.205479 0.980072 -1.094560
v 0.282315 0.980072 -1.084101
v -0.058724 0.851857 -1.082282
v -0.106776 0.851857 -1.088824
v -0.055055 0.715107 -1.109234
v -0.103107 0.715107 -1.115776
v -0.044605 0.599176 -1.185989
v -0.092658 0.599176 -1.192531
v -0.028967 0.521713 -1.300861
v -0.077020 0.521713 -1.307402
v -0.010521 0.494512 -1.436361
v -0.058574 0.494512 -1.442902
v 0.007925 0.521713 -1.571861
v -0.040127 0.521713 -1.578403
v 0.023563 0.599176 -1.686732
v -0.024489 0.599176 -1.693274
v 0.034013 0.715107 -1.763487
v -0.014040 0.715107 -1.770029
v 0.037682 0.851857 -1.790440
v -0.010371 0.851857 -1.796981
v 0.034013 0.988607 -1.763487
v -0.014040 0.988607 -1.770029
v 0.023563 1.104538 -1.686732
v -0.024489 1.104538 -1.693274
v 0.007925 1.182001 -1.571861
v -0.040127 1.182000 -1.578403
v -0.010521 1.209202 -1.436361
v -0.058574 1.209202 -1.442903
v -0.028968 1.182000 -1.300861
v -0.077020 1.182000 -1.307402
v -0.044606 1.104538 -1.185989
v -0.092658 1.104538 -1.192531
v -0.055055 0.988607 -1.109234
v -0.103107 0.988607 -1.115776
v -0.041324 0.851857 -1.102420
v -0.037884 0.723641 -1.127690
v -0.114719 0.723641 -1.138151
v -0.118160 0.851857 -1.112880
v -0.028087 0.614945 -1.199655
v -0.104922 0.614945 -1.210115
v -0.013424 0.542317 -1.307358
v -0.090261 0.542317 -1.317818
v 0.003871 0.516813 -1.434402
v -0.072965 0.516813 -1.444862
v 0.021166 0.542317 -1.561445
v -0.055670 0.542317 -1.571905
v 0.035828 0.614945 -1.669148
v -0.041008 0.614945 -1.679608
v 0.045625 0.723641 -1.741113
v -0.031211 0.723641 -1.751572
v 0.049065 0.851857 -1.766383
v -0.027771 0.851857 -1.776843
v 0.045625 0.980072 -1.741113
v -0.031211 0.980072 -1.751573
v 0.035828 1.088768 -1.669148
v -0.041008 1.088768 -1.679608
v 0.021165 1.161397 -1.561446
v -0.055670 1.161397 -1.571905
v 0.003870 1.186900 -1.434402
v -0.072965 1.186900 -1.444862
v -0.013425 1.161397 -1.307358
v -0.090261 1.161397 -1.317818
v -0.028087 1.088769 -1.199655
v -0.104923 1.088768 -1.210115
v -0.037884 0.980072 -1.127691
v -0.114719 0.980072 -1.138151
v 0.490665 0.964970 -1.653741
v 0.490665 0.738744 -1.653741
v -0.163213 0.964969 -1.742757
v -0.163213 0.738744 -1.742757
v 0.169802 0.964969 -1.742884
v 0.169802 0.738744 -1.742884
v 0.337459 0.964969 -1.703990
v -0.002149 0.964969 -1.750223
v -0.002149 0.738744 -1.750223
v 0.337459 0.738744 -1.703990
v 0.485327 0.948468 -1.614526
v 0.485327 0.755246 -1.614526
v -0.007487 0.948468 -1.711008
v 0.164464 0.948468 -1.703669
v -0.168552 0.755246 -1.703542
v -0.168552 0.948468 -1.703542
v 0.332120 0.755246 -1.664775
v 0.164464 0.755246 -1.703668
v -0.007488 0.755246 -1.711008
v 0.332120 0.948468 -1.664775
v -0.082129 0.964969 -1.750550
v -0.082129 0.738744 -1.750550
v -0.087467 0.948468 -1.711336
v -0.087467 0.755246 -1.711336
v 0.468696 1.131950 -1.492358
v 0.490274 0.971985 -1.650862
v -0.185183 1.131950 -1.581375
v -0.163605 0.971985 -1.739878
v 0.146052 1.163803 -1.568428
v 0.167631 1.003837 -1.726931
v 0.314338 1.152544 -1.534156
v -0.025270 1.152544 -1.580388
v -0.003692 0.992578 -1.738892
v 0.335916 0.992578 -1.692659
v 0.466495 1.092297 -1.476191
v 0.484925 0.955668 -1.611571
v -0.027470 1.112890 -1.564221
v 0.143852 1.124150 -1.552261
v -0.168954 0.955668 -1.700587
v -0.187384 1.092297 -1.565207
v 0.330567 0.976262 -1.653368
v 0.162282 0.987521 -1.687640
v -0.009041 0.976262 -1.699601
v 0.312137 1.112890 -1.517988
v -0.104836 1.145144 -1.583753
v -0.083258 0.985179 -1.742256
v -0.107037 1.105491 -1.567585
v -0.088607 0.968863 -1.702965
v 0.437233 1.134856 -1.261250
v 0.467749 1.134856 -1.485407
v -0.216645 1.134856 -1.350266
v -0.186130 1.134856 -1.574424
v 0.110294 1.179902 -1.305758
v 0.140810 1.179902 -1.529916
v 0.280098 1.163980 -1.282642
v -0.059510 1.163980 -1.328874
v -0.028994 1.163980 -1.553032
v 0.310613 1.163980 -1.506799
v 0.439459 1.095279 -1.277600
v 0.465523 1.095279 -1.469057
v -0.057284 1.124403 -1.345225
v 0.112520 1.140326 -1.322109
v -0.188355 1.095279 -1.558073
v -0.214419 1.095279 -1.366616
v 0.308388 1.124403 -1.490449
v 0.138584 1.140326 -1.513565
v -0.031220 1.124403 -1.536681
v 0.282324 1.124403 -1.298992
v -0.138078 1.153516 -1.339570
v -0.107562 1.153515 -1.563728
v -0.135852 1.113939 -1.355921
v -0.109788 1.113939 -1.547377
v 0.414709 0.971985 -1.095795
v 0.436288 1.131950 -1.254299
v -0.239169 0.971985 -1.184811
v -0.217591 1.131950 -1.343315
v 0.083473 1.003837 -1.108742
v 0.105051 1.163803 -1.267245
v 0.254795 0.992579 -1.096782
v -0.084812 0.992579 -1.143014
v -0.063234 1.152544 -1.301517
v 0.276374 1.152544 -1.255285
v 0.420058 0.955668 -1.135086
v 0.438488 1.092297 -1.270466
v -0.079463 0.976262 -1.182305
v 0.088822 0.987521 -1.148033
v -0.215391 1.092297 -1.359482
v -0.233821 0.955668 -1.224102
v 0.278574 1.112890 -1.271453
v 0.107253 1.124149 -1.283413
v -0.061033 1.112890 -1.317685
v 0.260145 0.976262 -1.136073
v -0.162381 0.985179 -1.161041
v -0.140804 1.145145 -1.319545
v -0.157033 0.968863 -1.200333
v -0.138603 1.105491 -1.335713
v 0.414317 0.738745 -1.092916
v 0.414317 0.964970 -1.092916
v -0.239561 0.738744 -1.181932
v -0.239561 0.964970 -1.181932
v 0.081302 0.738744 -1.092789
v 0.081302 0.964970 -1.092789
v 0.253253 0.738745 -1.085450
v -0.086354 0.738744 -1.131683
v -0.086354 0.964970 -1.131683
v 0.253253 0.964970 -1.085450
v 0.419656 0.755246 -1.132131
v 0.419656 0.948468 -1.132131
v -0.081016 0.755246 -1.170898
v 0.086640 0.755246 -1.132004
v -0.234223 0.948468 -1.221147
v -0.234223 0.755246 -1.221147
v 0.258592 0.948468 -1.124665
v 0.086640 0.948468 -1.132004
v -0.081016 0.948468 -1.170898
v 0.258592 0.755246 -1.124665
v -0.163511 0.738744 -1.152747
v -0.163511 0.964970 -1.152747
v -0.158172 0.755246 -1.191962
v -0.158172 0.948468 -1.191962
v 0.436288 0.571764 -1.254298
v 0.414709 0.731729 -1.095795
v -0.217591 0.571764 -1.343314
v -0.239169 0.731729 -1.184811
v 0.105051 0.539911 -1.267245
v 0.083473 0.699876 -1.108742
v 0.276374 0.551170 -1.255285
v -0.063233 0.551170 -1.301517
v -0.084812 0.711135 -1.143014
v 0.254795 0.711135 -1.096782
v 0.438488 0.611417 -1.270466
v 0.420058 0.748046 -1.135086
v -0.061032 0.590823 -1.317685
v 0.107253 0.579564 -1.283412
v -0.233821 0.748046 -1.224102
v -0.215391 0.611417 -1.359482
v 0.260145 0.727452 -1.136073
v 0.088822 0.716193 -1.148033
v -0.079463 0.727452 -1.182305
v 0.278574 0.590823 -1.271453
v -0.140804 0.558569 -1.319545
v -0.162381 0.718535 -1.161041
v -0.138603 0.598222 -1.335712
v -0.157033 0.734851 -1.200332
v 0.467749 0.568858 -1.485407
v 0.437233 0.568858 -1.261250
v -0.186130 0.568858 -1.574424
v -0.216645 0.568858 -1.350266
v 0.140810 0.523812 -1.529915
v 0.110294 0.523812 -1.305757
v 0.310613 0.539734 -1.506799
v -0.028994 0.539734 -1.553031
v -0.059510 0.539734 -1.328874
v 0.280098 0.539734 -1.282641
v 0.465523 0.608435 -1.469057
v 0.439459 0.608435 -1.277600
v -0.031219 0.579311 -1.536681
v 0.138584 0.563388 -1.513565
v -0.214419 0.608435 -1.366616
v -0.188355 0.608435 -1.558073
v 0.282324 0.579311 -1.298992
v 0.112520 0.563388 -1.322108
v -0.057284 0.579311 -1.345224
v 0.308388 0.579311 -1.490448
v -0.107562 0.550198 -1.563727
v -0.138078 0.550198 -1.339570
v -0.109788 0.589775 -1.547377
v -0.135852 0.589775 -1.355920
v 0.490274 0.731729 -1.650861
v 0.468696 0.571764 -1.492358
v -0.163605 0.731729 -1.739878
v -0.185183 0.571764 -1.581375
v 0.167631 0.699876 -1.726931
v 0.146052 0.539911 -1.568428
v 0.335916 0.711135 -1.692659
v -0.003691 0.711135 -1.738891
v -0.025270 0.551170 -1.580388
v 0.314338 0.551170 -1.534156
v 0.484925 0.748046 -1.611571
v 0.466495 0.611417 -1.476190
v -0.009040 0.727452 -1.699601
v 0.162282 0.716193 -1.687640
v -0.187384 0.611417 -1.565206
v -0.168954 0.748046 -1.700587
v 0.312137 0.590823 -1.517987
v 0.143852 0.579564 -1.552260
v -0.027470 0.590823 -1.564220
v 0.330567 0.727452 -1.653368
v -0.083258 0.718534 -1.742255
v -0.104836 0.558569 -1.583753
v -0.088607 0.734851 -1.702965
v -0.107037 0.598222 -1.567585
v -0.201516 0.965591 -1.223368
v -0.207761 0.869422 -1.177495
v -0.137856 0.965590 -1.690997
v -0.131611 0.869422 -1.736871
v -0.188762 1.109653 -1.317061
v -0.202486 0.998644 -1.216247
v -0.150384 1.109652 -1.598966
v -0.136660 0.998644 -1.699780
v -0.180615 0.979011 -1.220523
v -0.186861 0.856002 -1.174650
v -0.116954 0.979011 -1.688152
v -0.110709 0.856002 -1.734025
v -0.167860 1.109653 -1.314216
v -0.182964 0.986643 -1.203274
v -0.129483 1.109652 -1.596121
v -0.114380 0.986643 -1.707062
v -0.201516 0.738123 -1.223368
v -0.207762 0.834292 -1.177495
v -0.137856 0.738123 -1.690997
v -0.131611 0.834292 -1.736871
v -0.188762 0.594061 -1.317061
v -0.202486 0.705070 -1.216247
v -0.150385 0.594061 -1.598966
v -0.136660 0.705070 -1.699780
v -0.180615 0.724703 -1.220523
v -0.186861 0.847713 -1.174650
v -0.116955 0.724703 -1.688152
v -0.110709 0.847712 -1.734025
v -0.167861 0.594061 -1.314215
v -0.182964 0.717071 -1.203274
v -0.129483 0.594061 -1.596121
v -0.114380 0.717071 -1.707062
v -0.102737 0.851721 -1.079314
v -0.051184 0.711710 -1.100430
v -0.005924 0.592898 -1.174388
v 0.036888 0.513511 -1.288467
v 0.071509 0.485634 -1.425194
v 0.090413 0.513511 -1.564060
v 0.106440 0.592898 -1.681785
v 0.101433 0.711709 -1.762587
v 0.078450 0.851817 -1.794170
v 0.041277 0.982311 -1.779611
v -0.031691 1.108539 -1.716218
v -0.080166 1.146700 -1.595320
v -0.128770 1.174577 -1.452466
v -0.154038 1.146700 -1.314459
v -0.163702 1.078764 -1.195867
v -0.145784 0.980488 -1.113309
v -0.147679 0.851586 -1.085432
v -0.096126 0.711710 -1.106548
v -0.050865 0.592898 -1.180506
v -0.008053 0.513511 -1.294585
v 0.026568 0.485634 -1.431312
v 0.045472 0.513511 -1.570178
v 0.061499 0.592898 -1.687903
v 0.056491 0.711709 -1.768704
v 0.033552 0.851729 -1.800599
v -0.003580 0.980793 -1.786350
v -0.061351 1.078746 -1.719562
v -0.125333 1.146700 -1.599781
v -0.173712 1.174577 -1.458577
v -0.198980 1.146700 -1.320577
v -0.208644 1.078764 -1.201985
v -0.190726 0.980207 -1.119426
v 0.255034 0.851721 -1.030609
v 0.211002 0.711710 -1.064737
v 0.187158 0.592898 -1.148102
v 0.176400 0.513511 -1.269474
v 0.179588 0.485634 -1.410480
v 0.198493 0.513511 -1.549347
v 0.214520 0.592898 -1.667072
v 0.240945 0.711709 -1.743594
v 0.271533 0.851817 -1.767884
v 0.303463 0.982311 -1.743918
v 0.356829 1.108539 -1.663327
v 0.371221 1.146700 -1.533870
v 0.379870 1.174577 -1.383222
v 0.367327 1.146700 -1.243483
v 0.344937 1.078764 -1.126623
v 0.305602 0.980488 -1.051859
v 0.299976 0.851586 -1.024491
v 0.255943 0.711710 -1.058619
v 0.232100 0.592898 -1.141984
v 0.221342 0.513511 -1.263356
v 0.224530 0.485634 -1.404362
v 0.243434 0.513511 -1.543229
v 0.259461 0.592898 -1.660954
v 0.285886 0.711709 -1.737476
v 0.316517 0.851729 -1.762078
v 0.348489 0.980793 -1.738421
v 0.386303 1.078746 -1.658621
v 0.415937 1.146700 -1.526095
v 0.424811 1.174577 -1.377097
v 0.412268 1.146700 -1.237364
v 0.389879 1.078764 -1.120505
v 0.350544 0.980207 -1.045741
v 1.285103 0.965590 -1.498129
v 1.291348 0.869422 -1.544001
v 1.221442 0.965591 -1.030500
v 1.215197 0.869422 -0.984626
v 1.272348 1.109652 -1.404436
v 1.286073 0.998644 -1.505250
v 1.233971 1.109653 -1.122531
v 1.220246 0.998644 -1.021717
v 1.264202 0.979011 -1.500974
v 1.270446 0.856002 -1.546847
v 1.200541 0.979011 -1.033345
v 1.194296 0.856002 -0.987472
v 1.251446 1.109652 -1.407281
v 1.266550 0.986643 -1.518223
v 1.213069 1.109653 -1.125377
v 1.197966 0.986643 -1.014435
v 1.285103 0.738124 -1.498128
v 1.291348 0.834292 -1.544001
v 1.221442 0.738124 -1.030499
v 1.215197 0.834292 -0.984626
v 1.272348 0.594061 -1.404436
v 1.286073 0.705070 -1.505250
v 1.233971 0.594061 -1.122530
v 1.220246 0.705070 -1.021717
v 1.264202 0.724703 -1.500974
v 1.270446 0.847713 -1.546847
v 1.200541 0.724703 -1.033344
v 1.194296 0.847713 -0.987472
v 1.251446 0.594061 -1.407281
v 1.266550 0.717071 -1.518223
v 1.213069 0.594061 -1.125376
v 1.197966 0.717071 -1.014435
v 1.035467 0.851857 -0.933324
v 1.083520 0.851857 -0.926782
v 1.039136 0.715107 -0.960277
v 1.087189 0.715107 -0.953735
v 1.049586 0.599176 -1.037031
v 1.097638 0.599176 -1.030490
v 1.065224 0.521713 -1.151903
v 1.113276 0.521713 -1.145361
v 1.083670 0.494512 -1.287403
v 1.131722 0.494512 -1.280861
v 1.102117 0.521713 -1.422903
v 1.150168 0.521713 -1.416361
v 1.117754 0.599176 -1.537774
v 1.165807 0.599176 -1.531233
v 1.128204 0.715107 -1.614529
v 1.176255 0.715107 -1.607988
v 1.131873 0.851857 -1.641482
v 1.179925 0.851857 -1.634940
v 1.128204 0.988607 -1.614529
v 1.176255 0.988607 -1.607988
v 1.117754 1.104538 -1.537775
v 1.165807 1.104538 -1.531233
v 1.102116 1.182000 -1.422903
v 1.150168 1.182000 -1.416362
v 1.083672 1.209165 -1.287403
v 1.131722 1.209202 -1.280862
v 1.065223 1.182000 -1.151903
v 1.113276 1.182000 -1.145361
v 1.049585 1.104538 -1.037031
v 1.097638 1.104538 -1.030490
v 1.039136 0.988607 -0.960277
v 1.087189 0.988607 -0.953735
v 1.024084 0.851857 -0.957381
v 1.027524 0.723642 -0.982651
v 1.104360 0.723642 -0.972191
v 1.100919 0.851857 -0.946921
v 1.037321 0.614946 -1.054615
v 1.114156 0.614946 -1.044156
v 1.051983 0.542317 -1.162318
v 1.128819 0.542317 -1.151858
v 1.069278 0.516813 -1.289362
v 1.146114 0.516814 -1.278902
v 1.086573 0.542317 -1.416405
v 1.163409 0.542317 -1.405946
v 1.101236 0.614945 -1.524108
v 1.178071 0.614945 -1.513648
v 1.111033 0.723641 -1.596073
v 1.187868 0.723641 -1.585613
v 1.114473 0.851857 -1.621343
v 1.191308 0.851857 -1.610883
v 1.111033 0.980073 -1.596073
v 1.187868 0.980073 -1.585613
v 1.101236 1.088768 -1.524108
v 1.178071 1.088768 -1.513648
v 1.086573 1.161397 -1.416406
v 1.163409 1.161397 -1.405946
v 1.069299 1.186397 -1.289359
v 1.146114 1.186900 -1.278902
v 1.051983 1.161397 -1.162318
v 1.128819 1.161397 -1.151858
v 1.037321 1.088768 -1.054615
v 1.114156 1.088768 -1.044156
v 1.027524 0.980072 -0.982651
v 1.104360 0.980072 -0.972191
v 0.763321 0.851857 -0.970373
v 0.715268 0.851857 -0.976914
v 0.766990 0.715107 -0.997326
v 0.718938 0.715107 -1.003867
v 0.777439 0.599176 -1.074080
v 0.729387 0.599176 -1.080621
v 0.793077 0.521713 -1.188951
v 0.745025 0.521713 -1.195493
v 0.811524 0.494512 -1.324452
v 0.763471 0.494512 -1.330993
v 0.829970 0.521713 -1.459952
v 0.781917 0.521713 -1.466493
v 0.845608 0.599176 -1.574823
v 0.797555 0.599176 -1.581365
v 0.856057 0.715107 -1.651578
v 0.808005 0.715107 -1.658119
v 0.859727 0.851857 -1.678530
v 0.811674 0.851857 -1.685072
v 0.856057 0.988607 -1.651578
v 0.808005 0.988607 -1.658119
v 0.845608 1.104538 -1.574823
v 0.797555 1.104538 -1.581365
v 0.829970 1.182000 -1.459952
v 0.781917 1.182000 -1.466493
v 0.812009 1.198253 -1.324386
v 0.763488 1.208810 -1.330991
v 0.793077 1.182000 -1.188951
v 0.745025 1.182000 -1.195493
v 0.777439 1.104538 -1.074080
v 0.729387 1.104538 -1.080621
v 0.766990 0.988607 -0.997326
v 0.718938 0.988607 -1.003867
v 0.780720 0.851857 -0.990511
v 0.784161 0.723641 -1.015781
v 0.707325 0.723641 -1.026241
v 0.703885 0.851857 -1.000971
v 0.793958 0.614946 -1.087746
v 0.717122 0.614946 -1.098206
v 0.808620 0.542317 -1.195448
v 0.731784 0.542317 -1.205908
v 0.825915 0.516813 -1.322492
v 0.749079 0.516813 -1.332952
v 0.843210 0.542317 -1.449536
v 0.766375 0.542317 -1.459996
v 0.857873 0.614945 -1.557239
v 0.781037 0.614945 -1.567698
v 0.867669 0.723641 -1.629203
v 0.790834 0.723641 -1.639663
v 0.871109 0.851857 -1.654474
v 0.794274 0.851857 -1.664934
v 0.867669 0.980073 -1.629204
v 0.790834 0.980073 -1.639663
v 0.857873 1.088768 -1.557239
v 0.781036 1.088768 -1.567699
v 0.843210 1.161397 -1.449536
v 0.766374 1.161397 -1.459996
v 0.828228 1.173341 -1.322178
v 0.749079 1.186900 -1.332953
v 0.808619 1.161397 -1.195449
v 0.731784 1.161397 -1.205909
v 0.793958 1.088768 -1.087746
v 0.717122 1.088768 -1.098206
v 0.784161 0.980072 -1.015781
v 0.707325 0.980072 -1.026242
v 1.312710 0.964969 -1.541831
v 1.312711 0.738744 -1.541831
v 0.658831 0.964969 -1.630847
v 0.658831 0.738744 -1.630847
v 0.991847 0.964969 -1.630975
v 0.991847 0.738744 -1.630975
v 1.159503 0.964969 -1.592081
v 0.819896 0.964969 -1.638314
v 0.819896 0.738744 -1.638314
v 1.159503 0.738744 -1.592081
v 1.307372 0.948468 -1.502616
v 1.307372 0.755246 -1.502616
v 0.814557 0.948468 -1.599099
v 0.986508 0.948468 -1.591759
v 0.653492 0.755246 -1.591633
v 0.653492 0.948468 -1.591633
v 1.154164 0.755246 -1.552866
v 0.986508 0.755246 -1.591759
v 0.814557 0.755246 -1.599099
v 1.154164 0.948468 -1.552866
v 0.739916 0.964969 -1.638641
v 0.739916 0.738744 -1.638641
v 0.734578 0.948468 -1.599426
v 0.734578 0.755246 -1.599426
v 1.290740 1.131950 -1.380449
v 1.312318 0.971985 -1.538952
v 0.636861 1.131950 -1.469465
v 0.658439 0.971985 -1.627969
v 0.968097 1.163803 -1.456519
v 0.989675 1.003837 -1.615022
v 1.136382 1.152543 -1.422247
v 0.796775 1.152543 -1.468479
v 0.818353 0.992579 -1.626982
v 1.157960 0.992579 -1.580750
v 1.288539 1.092297 -1.364282
v 1.306969 0.955668 -1.499662
v 0.794573 1.112890 -1.452311
v 0.965897 1.124149 -1.440351
v 0.653090 0.955668 -1.588678
v 0.634660 1.092297 -1.453297
v 1.152612 0.976262 -1.541459
v 0.984326 0.987521 -1.575731
v 0.813004 0.976262 -1.587691
v 1.134181 1.112890 -1.406079
v 0.717209 1.145144 -1.471843
v 0.738787 0.985179 -1.630346
v 0.715008 1.105491 -1.455675
v 0.733438 0.968863 -1.591056
v 1.259278 1.134856 -1.149340
v 1.289794 1.134856 -1.373498
v 0.605399 1.134856 -1.238356
v 0.635915 1.134856 -1.462514
v 0.932475 1.178345 -1.193830
v 0.962992 1.178342 -1.417987
v 1.102142 1.163980 -1.170732
v 0.762535 1.163980 -1.216964
v 0.793051 1.163979 -1.441122
v 1.132658 1.163979 -1.394890
v 1.261504 1.095279 -1.165691
v 1.287568 1.095279 -1.357148
v 0.764761 1.124403 -1.233315
v 0.934764 1.138956 -1.210172
v 0.633689 1.095279 -1.446163
v 0.607626 1.095279 -1.254707
v 1.130432 1.124403 -1.378539
v 0.960830 1.138954 -1.401628
v 0.790825 1.124403 -1.424772
v 1.104368 1.124403 -1.187083
v 0.683967 1.153516 -1.227661
v 0.714483 1.153515 -1.451818
v 0.686193 1.113939 -1.244011
v 0.712257 1.113939 -1.435468
v 1.236754 0.971985 -0.983886
v 1.258332 1.131950 -1.142390
v 0.582875 0.971985 -1.072902
v 0.604453 1.131950 -1.231406
v 0.905518 1.003838 -0.996833
v 0.927096 1.163803 -1.155336
v 1.076840 0.992579 -0.984872
v 0.737233 0.992579 -1.031105
v 0.758811 1.152544 -1.189608
v 1.098418 1.152544 -1.143376
v 1.242103 0.955668 -1.023177
v 1.260533 1.092297 -1.158557
v 0.742582 0.976262 -1.070395
v 0.910866 0.987521 -1.036124
v 0.606654 1.092297 -1.247573
v 0.588224 0.955668 -1.112193
v 1.100619 1.112890 -1.159543
v 0.929296 1.124149 -1.171504
v 0.761012 1.112890 -1.205776
v 1.082189 0.976262 -1.024163
v 0.659663 0.985179 -1.049132
v 0.681241 1.145145 -1.207636
v 0.665012 0.968863 -1.088423
v 0.683442 1.105491 -1.223803
v 1.236362 0.738745 -0.981007
v 1.236362 0.964970 -0.981007
v 0.582483 0.738744 -1.070023
v 0.582483 0.964970 -1.070023
v 0.903346 0.738744 -0.980880
v 0.903346 0.964970 -0.980880
v 1.075298 0.738745 -0.973541
v 0.735690 0.738744 -1.019773
v 0.735690 0.964970 -1.019773
v 1.075298 0.964970 -0.973541
v 1.241701 0.755246 -1.020222
v 1.241701 0.948468 -1.020222
v 0.741029 0.755246 -1.058988
v 0.908685 0.755246 -1.020095
v 0.587822 0.948468 -1.109238
v 0.587822 0.755246 -1.109238
v 1.080636 0.948468 -1.012756
v 0.908685 0.948468 -1.020095
v 0.741029 0.948468 -1.058988
v 1.080636 0.755246 -1.012756
v 0.658534 0.738744 -1.040838
v 0.658534 0.964970 -1.040838
v 0.663872 0.755246 -1.080052
v 0.663872 0.948468 -1.080052
v 1.258332 0.571764 -1.142389
v 1.236754 0.731729 -0.983886
v 0.604453 0.571764 -1.231405
v 0.582875 0.731729 -1.072902
v 0.927096 0.539911 -1.155335
v 0.905518 0.699877 -0.996833
v 1.098418 0.551170 -1.143376
v 0.758811 0.551170 -1.189608
v 0.737233 0.711136 -1.031105
v 1.076840 0.711136 -0.984872
v 1.260533 0.611417 -1.158557
v 1.242103 0.748046 -1.023177
v 0.761012 0.590823 -1.205775
v 0.929296 0.579565 -1.171503
v 0.588224 0.748046 -1.112193
v 0.606654 0.611417 -1.247573
v 1.082189 0.727452 -1.024163
v 0.910866 0.716193 -1.036123
v 0.742582 0.727452 -1.070395
v 1.100619 0.590824 -1.159543
v 0.681241 0.558569 -1.207635
v 0.659663 0.718535 -1.049132
v 0.683442 0.598223 -1.223803
v 0.665012 0.734851 -1.088423
v 1.289795 0.568858 -1.373498
v 1.259278 0.568858 -1.149340
v 0.635915 0.568858 -1.462514
v 0.605399 0.568858 -1.238356
v 0.962855 0.523812 -1.418006
v 0.932339 0.523812 -1.193848
v 1.132658 0.539734 -1.394890
v 0.793051 0.539734 -1.441122
v 0.762536 0.539734 -1.216964
v 1.102142 0.539734 -1.170732
v 1.287568 0.608435 -1.357147
v 1.261505 0.608435 -1.165691
v 0.790825 0.579311 -1.424772
v 0.960629 0.563388 -1.401655
v 0.607626 0.608435 -1.254707
v 0.633689 0.608435 -1.446163
v 1.104368 0.579311 -1.187082
v 0.934565 0.563388 -1.210199
v 0.764761 0.579311 -1.233315
v 1.130432 0.579311 -1.378539
v 0.714483 0.550198 -1.451818
v 0.683968 0.550198 -1.227660
v 0.712257 0.589775 -1.435467
v 0.686193 0.589775 -1.244011
v 1.312318 0.731729 -1.538952
v 1.290740 0.571764 -1.380449
v 0.658439 0.731729 -1.627968
v 0.636861 0.571764 -1.469465
v 0.989675 0.699876 -1.615022
v 0.968097 0.539911 -1.456519
v 1.157961 0.711135 -1.580749
v 0.818353 0.711135 -1.626981
v 0.796775 0.551170 -1.468479
v 1.136382 0.551170 -1.422246
v 1.306969 0.748046 -1.499662
v 1.288540 0.611417 -1.364281
v 0.813004 0.727452 -1.587691
v 0.984326 0.716193 -1.575731
v 0.634660 0.611417 -1.453297
v 0.653090 0.748046 -1.588678
v 1.134181 0.590823 -1.406078
v 0.965897 0.579564 -1.440351
v 0.794574 0.590823 -1.452311
v 1.152612 0.727452 -1.541459
v 0.738787 0.718535 -1.630346
v 0.717209 0.558569 -1.471843
v 0.733438 0.734851 -1.591056
v 0.715008 0.598223 -1.455675
v 0.620528 0.965591 -1.111459
v 0.614283 0.869422 -1.065586
v 0.684189 0.965590 -1.579088
v 0.690434 0.869422 -1.624961
v 0.633283 1.109653 -1.205152
v 0.619558 0.998644 -1.104338
v 0.671660 1.109652 -1.487057
v 0.685384 0.998644 -1.587871
v 0.641429 0.979011 -1.108614
v 0.635185 0.856002 -1.062740
v 0.705090 0.979011 -1.576243
v 0.711335 0.856002 -1.622116
v 0.654184 1.109653 -1.202306
v 0.639081 0.986643 -1.091365
v 0.692562 1.109652 -1.484211
v 0.707665 0.986643 -1.595153
v 0.620528 0.738124 -1.111459
v 0.614283 0.834292 -1.065586
v 0.684189 0.738124 -1.579088
v 0.690434 0.834292 -1.624961
v 0.633283 0.594061 -1.205151
v 0.619558 0.705070 -1.104338
v 0.671660 0.594061 -1.487057
v 0.685384 0.705070 -1.587871
v 0.641429 0.724703 -1.108614
v 0.635185 0.847713 -1.062740
v 0.705090 0.724703 -1.576243
v 0.711335 0.847712 -1.622116
v 0.654184 0.594061 -1.202306
v 0.639081 0.717071 -1.091364
v 0.692562 0.594061 -1.484211
v 0.707665 0.717071 -1.595152
v 0.867561 0.875208 -0.948789
v 0.875661 0.727811 -0.975702
v 0.884313 0.604527 -1.054305
v 0.902444 0.521046 -1.171239
v 0.928031 0.489845 -1.308599
v 0.955036 0.516349 -1.445767
v 0.994289 0.591825 -1.559824
v 1.024872 0.709480 -1.635443
v 1.044303 0.850690 -1.661132
v 1.047131 0.985081 -1.641211
v 1.014354 1.123969 -1.572655
v 0.979914 1.178853 -1.450384
v 0.941350 1.195989 -1.306793
v 0.906714 1.180052 -1.170658
v 0.876869 1.113609 -1.055319
v 0.864586 1.011620 -0.977209
v 0.824793 0.888511 -0.954611
v 0.832933 0.741242 -0.981519
v 0.841585 0.617958 -1.060122
v 0.859717 0.534477 -1.177055
v 0.885304 0.503276 -1.314416
v 0.912309 0.529780 -1.451584
v 0.951561 0.605256 -1.565641
v 0.982144 0.722911 -1.641259
v 1.001592 0.864037 -1.667262
v 1.004043 0.997069 -1.647707
v 0.977409 1.104479 -1.576994
v 0.935744 1.183074 -1.454716
v 0.896672 1.198601 -1.312868
v 0.863988 1.193436 -1.176474
v 0.834141 1.127041 -1.061136
v 0.821776 1.024784 -0.983037
v 1.077079 0.851721 -0.918700
v 1.033047 0.711710 -0.952828
v 1.009204 0.592899 -1.036193
v 0.998445 0.513511 -1.157565
v 1.001633 0.485634 -1.298571
v 1.020537 0.513511 -1.437437
v 1.036564 0.592898 -1.555163
v 1.062990 0.711710 -1.631685
v 1.093578 0.851817 -1.655975
v 1.125507 0.982311 -1.632009
v 1.178873 1.108539 -1.551417
v 1.193265 1.146699 -1.421961
v 1.201914 1.174577 -1.271313
v 1.189371 1.146700 -1.131573
v 1.166982 1.078764 -1.014714
v 1.127646 0.980488 -0.939949
v 1.122021 0.851587 -0.912581
v 1.077988 0.711710 -0.946710
v 1.054145 0.592899 -1.030075
v 1.043386 0.513511 -1.151447
v 1.046575 0.485634 -1.292452
v 1.065479 0.513511 -1.431319
v 1.081506 0.592898 -1.549044
v 1.107931 0.711710 -1.625566
v 1.138562 0.851729 -1.650168
v 1.170533 0.980793 -1.626512
v 1.208348 1.078746 -1.546711
v 1.237982 1.146700 -1.414185
v 1.246855 1.174577 -1.265188
v 1.234313 1.146700 -1.125455
v 1.211924 1.078764 -1.008596
v 1.172589 0.980207 -0.933831
v 1.456097 1.537518 -0.021495
v 1.456097 1.511376 -0.279165
v 1.460246 1.538629 -0.021495
v 1.473317 1.515990 -0.279165
v 1.463283 1.541666 -0.021495
v 1.485922 1.528595 -0.279165
v 1.464394 1.545815 -0.021495
v 1.490536 1.545815 -0.279165
v 1.463283 1.549963 -0.021495
v 1.485922 1.563034 -0.279165
v 1.460246 1.553000 -0.021495
v 1.473317 1.575639 -0.279165
v 1.456097 1.554111 -0.021495
v 1.456097 1.580253 -0.279165
v 1.451949 1.553000 -0.021495
v 1.438878 1.575639 -0.279165
v 1.448912 1.549963 -0.021495
v 1.426273 1.563034 -0.279165
v 1.447801 1.545815 -0.021495
v 1.421659 1.545815 -0.279165
v 1.448912 1.541666 -0.021495
v 1.426273 1.528595 -0.279165
v 1.451949 1.538629 -0.021495
v 1.438878 1.515990 -0.279165
v 1.477562 1.508637 -0.315786
v 1.456097 1.502886 -0.315786
v 1.493275 1.524350 -0.315786
v 1.499026 1.545815 -0.315786
v 1.493275 1.567279 -0.315786
v 1.477562 1.582992 -0.315786
v 1.456097 1.588743 -0.315786
v 1.434633 1.582992 -0.315786
v 1.418920 1.567279 -0.315786
v 1.413169 1.545815 -0.315786
v 1.418920 1.524350 -0.315786
v 1.434633 1.508637 -0.315786
v 1.477091 1.509452 -0.418326
v 1.456097 1.503826 -0.418326
v 1.492460 1.524820 -0.418326
v 1.498085 1.545814 -0.418326
v 1.492460 1.566808 -0.418326
v 1.477091 1.582177 -0.418326
v 1.456097 1.587802 -0.418326
v 1.435103 1.582177 -0.418326
v 1.419735 1.566808 -0.418326
v 1.414109 1.545814 -0.418326
v 1.419735 1.524820 -0.418326
v 1.435103 1.509452 -0.418326
v 1.456097 1.545814 -0.434440
v 1.456097 1.554111 0.021494
v 1.456097 1.580253 0.279164
v 1.460246 1.552999 0.021494
v 1.473317 1.575639 0.279164
v 1.463283 1.549963 0.021494
v 1.485922 1.563034 0.279164
v 1.464394 1.545814 0.021494
v 1.490536 1.545814 0.279164
v 1.463283 1.541666 0.021494
v 1.485922 1.528595 0.279164
v 1.460246 1.538629 0.021494
v 1.473317 1.515989 0.279164
v 1.456097 1.537517 0.021494
v 1.456097 1.511376 0.279164
v 1.451949 1.538629 0.021494
v 1.438878 1.515989 0.279164
v 1.448912 1.541666 0.021494
v 1.426273 1.528595 0.279164
v 1.447801 1.545814 0.021494
v 1.421659 1.545814 0.279164
v 1.448912 1.549963 0.021494
v 1.426273 1.563034 0.279164
v 1.451949 1.552999 0.021494
v 1.438878 1.575639 0.279164
v 1.477562 1.582992 0.315785
v 1.456097 1.588743 0.315785
v 1.493275 1.567279 0.315785
v 1.499026 1.545814 0.315785
v 1.493275 1.524350 0.315785
v 1.477562 1.508637 0.315785
v 1.456097 1.502885 0.315785
v 1.434633 1.508637 0.315785
v 1.418920 1.524350 0.315785
v 1.413169 1.545814 0.315785
v 1.418920 1.567279 0.315785
v 1.434633 1.582992 0.315785
v 1.477091 1.582177 0.418325
v 1.456097 1.587802 0.418325
v 1.492460 1.566808 0.418325
v 1.498085 1.545814 0.418325
v 1.492460 1.524820 0.418325
v 1.477091 1.509452 0.418325
v 1.456097 1.503826 0.418325
v 1.435103 1.509452 0.418325
v 1.419735 1.524820 0.418325
v 1.414109 1.545814 0.418325
v 1.419735 1.566808 0.418325
v 1.435103 1.582177 0.418325
v 1.456097 1.545814 0.434439
v 1.456097 1.524319 0.008296
v 1.456097 1.266650 0.034438
v 1.460246 1.524319 0.007185
v 1.473317 1.266650 0.029824
v 1.463283 1.524319 0.004148
v 1.485922 1.266650 0.017219
v 1.464394 1.524319 -0.000001
v 1.490536 1.266650 -0.000000
v 1.463283 1.524319 -0.004149
v 1.485922 1.266650 -0.017220
v 1.460246 1.524319 -0.007186
v 1.473317 1.266650 -0.029825
v 1.456097 1.524319 -0.008297
v 1.456097 1.266650 -0.034439
v 1.451949 1.524319 -0.007186
v 1.438878 1.266650 -0.029825
v 1.448912 1.524319 -0.004149
v 1.426273 1.266650 -0.017220
v 1.447801 1.524319 -0.000001
v 1.421659 1.266650 -0.000000
v 1.448912 1.524319 0.004148
v 1.426273 1.266650 0.017219
v 1.451949 1.524319 0.007185
v 1.438878 1.266650 0.029824
v 1.477562 1.230028 0.037177
v 1.456097 1.230028 0.042929
v 1.493275 1.230028 0.021464
v 1.499026 1.230028 -0.000000
v 1.493275 1.230028 -0.021465
v 1.477562 1.230028 -0.037178
v 1.456097 1.230028 -0.042929
v 1.434633 1.230028 -0.037178
v 1.418920 1.230028 -0.021465
v 1.413169 1.230028 -0.000000
v 1.418920 1.230028 0.021464
v 1.434633 1.230028 0.037177
v 1.477091 1.127488 0.036362
v 1.456097 1.127488 0.041988
v 1.492460 1.127488 0.020994
v 1.498085 1.127488 -0.000000
v 1.492460 1.127488 -0.020994
v 1.477091 1.127488 -0.036363
v 1.456097 1.127488 -0.041988
v 1.435103 1.127488 -0.036363
v 1.419735 1.127488 -0.020994
v 1.414109 1.127488 -0.000000
v 1.419735 1.127488 0.020994
v 1.435103 1.127488 0.036362
v 1.456097 1.111375 -0.000000
v 1.456097 1.567309 -0.008297
v 1.456097 1.824978 -0.034439
v 1.460246 1.567309 -0.007186
v 1.473317 1.824978 -0.029825
v 1.463283 1.567309 -0.004149
v 1.485922 1.824978 -0.017220
v 1.464394 1.567309 -0.000001
v 1.490536 1.824978 -0.000001
v 1.463283 1.567309 0.004148
v 1.485922 1.824978 0.017219
v 1.460246 1.567309 0.007185
v 1.473317 1.824978 0.029824
v 1.456097 1.567309 0.008296
v 1.456097 1.824978 0.034438
v 1.451949 1.567309 0.007185
v 1.438878 1.824978 0.029824
v 1.448912 1.567309 0.004148
v 1.426273 1.824978 0.017219
v 1.447801 1.567309 -0.000001
v 1.421659 1.824978 -0.000001
v 1.448912 1.567309 -0.004149
v 1.426273 1.824978 -0.017220
v 1.451949 1.567309 -0.007186
v 1.438878 1.824978 -0.029825
v 1.477562 1.861600 -0.037178
v 1.456097 1.861600 -0.042930
v 1.493275 1.861600 -0.021465
v 1.499026 1.861600 -0.000001
v 1.493275 1.861600 0.021464
v 1.477562 1.861600 0.037177
v 1.456097 1.861600 0.042928
v 1.434633 1.861600 0.037177
v 1.418920 1.861600 0.021464
v 1.413169 1.861600 -0.000001
v 1.418920 1.861600 -0.021465
v 1.434633 1.861600 -0.037178
v 1.477091 1.964140 -0.036363
v 1.456097 1.964140 -0.041989
v 1.492460 1.964140 -0.020995
v 1.498085 1.964140 -0.000001
v 1.492460 1.964140 0.020993
v 1.477091 1.964140 0.036362
v 1.456097 1.964140 0.041987
v 1.435103 1.964140 0.036362
v 1.419735 1.964140 0.020993
v 1.414109 1.964140 -0.000001
v 1.419735 1.964140 -0.020995
v 1.435103 1.964140 -0.036363
v 1.456097 1.980254 -0.000001
v 1.420183 1.545814 -0.266287
v 1.493894 1.545814 -0.266287
v 1.420183 1.412671 -0.230611
v 1.493894 1.412671 -0.230611
v 1.420183 1.315204 -0.133143
v 1.493894 1.315204 -0.133143
v 1.420183 1.279528 -0.000000
v 1.493894 1.279528 -0.000000
v 1.420183 1.315204 0.133143
v 1.493894 1.315204 0.133143
v 1.420183 1.412671 0.230610
v 1.493894 1.412671 0.230610
v 1.420183 1.545814 0.266285
v 1.493894 1.545814 0.266285
v 1.420183 1.678957 0.230610
v 1.493894 1.678957 0.230610
v 1.420183 1.776425 0.133142
v 1.493894 1.776425 0.133142
v 1.420183 1.812100 -0.000001
v 1.493894 1.812100 -0.000001
v 1.420183 1.776425 -0.133143
v 1.493894 1.776425 -0.133143
v 1.420183 1.678957 -0.230611
v 1.493894 1.678957 -0.230611
v 1.420159 1.545814 -0.203160
v 1.420159 1.444234 -0.175942
v 1.493918 1.444234 -0.175942
v 1.493918 1.545814 -0.203160
v 1.420159 1.369873 -0.101580
v 1.493918 1.369873 -0.101580
v 1.420159 1.342654 -0.000000
v 1.493918 1.342654 -0.000000
v 1.420159 1.369873 0.101579
v 1.493918 1.369873 0.101579
v 1.420159 1.444234 0.175941
v 1.493918 1.444234 0.175941
v 1.420159 1.545814 0.203159
v 1.493918 1.545814 0.203159
v 1.420159 1.647394 0.175941
v 1.493918 1.647394 0.175941
v 1.420159 1.721756 0.101579
v 1.493918 1.721756 0.101579
v 1.420159 1.748974 -0.000001
v 1.493918 1.748974 -0.000001
v 1.420159 1.721756 -0.101580
v 1.493918 1.721756 -0.101580
v 1.420159 1.647394 -0.175942
v 1.493918 1.647394 -0.175942
v 1.485267 1.495291 -0.382331
v 1.485000 1.495753 -0.346156
v 1.456097 1.488008 -0.346156
v 1.456097 1.487475 -0.382331
v 1.506621 1.516645 -0.382331
v 1.506159 1.516912 -0.346156
v 1.514437 1.545814 -0.382331
v 1.513904 1.545815 -0.346156
v 1.506621 1.574984 -0.382332
v 1.506159 1.574718 -0.346156
v 1.485267 1.596338 -0.382332
v 1.485000 1.595876 -0.346156
v 1.456097 1.604154 -0.382332
v 1.456097 1.603621 -0.346156
v 1.426928 1.596338 -0.382332
v 1.427194 1.595876 -0.346156
v 1.405574 1.574984 -0.382332
v 1.406036 1.574718 -0.346156
v 1.397758 1.545814 -0.382331
v 1.398291 1.545815 -0.346156
v 1.405574 1.516645 -0.382331
v 1.406036 1.516912 -0.346156
v 1.426928 1.495291 -0.382331
v 1.427194 1.495753 -0.346156
v 1.485267 1.596338 0.382330
v 1.485000 1.595876 0.346155
v 1.456097 1.603621 0.346155
v 1.456097 1.604154 0.382330
v 1.506621 1.574984 0.382330
v 1.506159 1.574717 0.346155
v 1.514437 1.545814 0.382330
v 1.513904 1.545814 0.346155
v 1.506621 1.516645 0.382330
v 1.506159 1.516911 0.346155
v 1.485267 1.495291 0.382330
v 1.485000 1.495753 0.346155
v 1.456097 1.487475 0.382330
v 1.456097 1.488008 0.346155
v 1.426928 1.495291 0.382330
v 1.427194 1.495753 0.346155
v 1.405574 1.516645 0.382330
v 1.406036 1.516911 0.346155
v 1.397758 1.545814 0.382330
v 1.398291 1.545814 0.346155
v 1.405574 1.574984 0.382330
v 1.406036 1.574717 0.346155
v 1.426928 1.596338 0.382330
v 1.427194 1.595876 0.346155
v 1.485267 1.163483 0.050523
v 1.485000 1.199658 0.050061
v 1.456097 1.199658 0.057806
v 1.456097 1.163483 0.058339
v 1.506621 1.163483 0.029169
v 1.506159 1.199658 0.028903
v 1.514437 1.163483 -0.000000
v 1.513904 1.199658 -0.000000
v 1.506621 1.163483 -0.029170
v 1.506159 1.199658 -0.028903
v 1.485267 1.163483 -0.050524
v 1.485000 1.199658 -0.050062
v 1.456097 1.163483 -0.058340
v 1.456097 1.199658 -0.057807
v 1.426928 1.163483 -0.050524
v 1.427194 1.199658 -0.050062
v 1.405574 1.163483 -0.029170
v 1.406036 1.199658 -0.028903
v 1.397758 1.163483 -0.000000
v 1.398291 1.199658 -0.000000
v 1.405574 1.163483 0.029169
v 1.406036 1.199658 0.028903
v 1.426928 1.163483 0.050523
v 1.427194 1.199658 0.050061
v 1.485267 1.928145 -0.050524
v 1.485000 1.891970 -0.050062
v 1.456097 1.891970 -0.057807
v 1.456097 1.928145 -0.058340
v 1.506621 1.928145 -0.029170
v 1.506159 1.891970 -0.028904
v 1.514437 1.928145 -0.000001
v 1.513904 1.891970 -0.000001
v 1.506621 1.928145 0.029169
v 1.506159 1.891970 0.028902
v 1.485267 1.928145 0.050523
v 1.485000 1.891970 0.050061
v 1.456097 1.928145 0.058339
v 1.456097 1.891970 0.057806
v 1.426928 1.928145 0.050523
v 1.427194 1.891970 0.050061
v 1.405574 1.928145 0.029169
v 1.406036 1.891970 0.028902
v 1.397758 1.928145 -0.000001
v 1.398291 1.891970 -0.000001
v 1.405574 1.928145 -0.029170
v 1.406036 1.891970 -0.028904
v 1.426928 1.928145 -0.050524
v 1.427194 1.891970 -0.050062
v 1.041722 0.924727 0.495401
v 1.469001 0.925583 0.430521
v 1.469113 0.858080 0.430521
v 1.041834 0.857224 0.495401
v 1.402063 0.894090 0.186566
v 1.259504 0.894090 0.186566
v 1.401994 1.545815 0.033041
v 1.402016 1.392290 0.186566
v 1.401995 1.534128 0.091792
v 1.402000 1.500848 0.141599
v 1.402008 1.451041 0.174879
v 1.259457 1.392290 0.186566
v 1.259435 1.545815 0.033041
v 1.259448 1.451041 0.174879
v 1.259441 1.500848 0.141599
v 1.259436 1.534128 0.091792
v 1.041722 0.924726 -0.495402
v 1.041721 0.924727 -0.000000
v 1.469001 0.925583 -0.430522
v 1.469003 0.925583 -0.000000
v 1.469113 0.858080 -0.430522
v 1.041834 0.857223 -0.495402
v 1.041834 0.857224 -0.000000
v 1.469115 0.858080 -0.000000
v 1.401994 1.545815 -0.000001
v 1.402063 0.894090 -0.186567
v 1.402064 0.894090 -0.000000
v 1.259435 1.545815 -0.000001
v 1.259504 0.894090 -0.186567
v 1.259505 0.894090 -0.000000
v 1.401994 1.545815 -0.033042
v 1.402016 1.392290 -0.186567
v 1.401995 1.534128 -0.091794
v 1.402000 1.500848 -0.141600
v 1.402008 1.451041 -0.174880
v 1.259457 1.392290 -0.186567
v 1.259435 1.545815 -0.033042
v 1.259448 1.451041 -0.174880
v 1.259441 1.500848 -0.141600
v 1.259436 1.534128 -0.091794
v -1.397648 1.194675 0.976533
v -1.380215 1.101577 0.940632
v -1.344419 0.825604 0.868513
v -1.342688 1.194675 0.863344
v -1.233500 0.825604 0.651398
v -1.643243 1.194675 0.857284
v -1.525584 1.195500 0.927492
v -1.625810 1.101577 0.821382
v -1.590014 0.825604 0.749264
v -1.588283 1.194675 0.744094
v -1.464227 1.195500 0.801128
v -1.479095 0.825604 0.532148
v -1.354506 0.825604 0.588085
v -0.235056 1.084461 1.002750
v -0.236257 0.991363 0.962858
v -0.237978 0.715390 0.882363
v -0.238841 1.084461 0.876980
v -0.240366 0.715390 0.638567
v -0.507948 1.084461 1.010962
v -0.371149 1.085286 1.018616
v -0.509149 0.991363 0.971070
v -0.510870 0.715390 0.890575
v -0.511733 1.084461 0.885191
v -0.375374 1.085286 0.878207
v -0.513258 0.715390 0.646778
v -0.376935 0.715390 0.638574
v -1.397648 1.194674 -0.976534
v -1.380215 1.101577 -0.940632
v -1.344419 0.825604 -0.868514
v -1.342688 1.194674 -0.863344
v -1.233500 0.825604 -0.651398
v -1.643243 1.194674 -0.857284
v -1.525584 1.195499 -0.927493
v -1.625810 1.101577 -0.821382
v -1.590014 0.825604 -0.749264
v -1.588283 1.194675 -0.744094
v -1.464227 1.195499 -0.801129
v -1.479095 0.825604 -0.532149
v -1.354506 0.825604 -0.588085
v -0.235056 1.084460 -1.002751
v -0.236257 0.991363 -0.962859
v -0.237978 0.715390 -0.882364
v -0.238841 1.084460 -0.876980
v -0.240366 0.715390 -0.638567
v -0.507948 1.084460 -1.010962
v -0.371149 1.085285 -1.018617
v -0.509149 0.991363 -0.971070
v -0.510870 0.715390 -0.890575
v -0.511733 1.084460 -0.885192
v -0.375374 1.085285 -0.878208
v -0.513258 0.715390 -0.646779
v -0.376935 0.715390 -0.638575
vn 0.6996 -0.6867 0.1975
vn 0.4946 -0.8322 0.2506
vn 0.4435 -0.7762 0.4481
vn 0.0762 -0.4861 0.8706
vn 0.0567 -0.4777 0.8767
vn 0.0796 -0.7420 0.6656
vn 0.6299 -0.7161 0.3006
vn 0.4037 -0.8463 0.3477
vn 0.0471 -0.0876 0.9950
vn 0.0258 -0.0894 0.9957
vn 0.0505 -0.1206 0.9914
vn 0.1175 -0.1608 0.9800
vn 0.1201 -0.2211 0.9678
vn 0.1116 -0.2025 0.9729
vn -0.1006 -0.3868 0.9167
vn -0.0925 -0.3962 0.9135
vn -0.0919 -0.3952 0.9140
vn 0.1240 -0.7649 0.6321
vn 0.1360 -0.6252 0.7686
vn 0.1276 -0.7576 0.6402
vn -0.5894 -0.4505 0.6706
vn -0.4831 -0.1466 0.8632
vn -0.6708 -0.1467 0.7270
vn 0.1027 -0.9835 0.1490
vn -0.0000 -1.0000 -0.0000
vn 0.1307 -0.9889 0.0708
vn 0.3049 -0.9058 0.2943
vn 0.1492 -0.9187 0.3657
vn 0.0683 -0.9269 0.3689
vn 0.0142 -0.9931 0.1164
vn -0.2720 -0.8923 0.3603
vn -0.0992 -0.9905 0.0950
vn -0.0939 -0.9792 0.1797
vn -0.1616 -0.1215 0.9793
vn -0.1298 -0.1864 0.9739
vn -0.1045 -0.2181 0.9703
vn -0.0248 -0.9997 -0.0000
vn -0.1206 -0.9927 0.0060
vn -0.1418 -0.9899 -0.0000
vn -0.4373 -0.7590 0.4825
vn -0.3509 -0.8912 0.2875
vn -0.5404 -0.7452 0.3908
vn 0.3088 -0.3387 0.8888
vn 0.5318 -0.6850 0.4980
vn 0.6496 -0.4881 0.5828
vn -0.1049 -0.2818 0.9537
vn 0.0124 -0.9938 0.1106
vn -0.0044 -1.0000 -0.0000
vn -0.0073 -0.9435 0.3314
vn 0.0259 -0.9406 0.3385
vn -0.0210 -0.9939 0.1082
vn 0.0649 -0.9317 0.3575
vn 0.4752 -0.8191 0.3215
vn 0.3844 -0.9012 0.2002
vn 0.5438 -0.8127 0.2092
vn 0.3750 -0.8379 0.3966
vn 0.3275 -0.8777 0.3499
vn 0.1925 -0.7919 0.5795
vn 0.2138 -0.7899 0.5748
vn 0.1160 -0.6878 0.7166
vn 0.1125 -0.1281 0.9854
vn 0.0309 -0.1562 0.9872
vn 0.0601 -0.2887 0.9555
vn -0.0461 -0.9495 0.3103
vn -0.1172 -0.9352 0.3342
vn -0.0447 -0.9517 0.3037
vn 0.2215 -0.8377 0.4993
vn 0.2593 -0.3216 0.9107
vn 0.7531 -0.6579 -0.0000
vn 0.8163 -0.5431 0.1966
vn 0.0969 -0.7300 0.6765
vn -0.0315 -0.9994 0.0120
vn -0.0294 -0.9996 -0.0000
vn 0.3495 -0.3474 0.8701
vn 0.1071 -0.1797 0.9779
vn -0.8162 0.0447 0.5760
vn -0.8020 -0.1059 0.5878
vn -0.7264 -0.4347 0.5324
vn -0.4876 -0.0888 0.8686
vn -0.6940 -0.0912 0.7142
vn 0.7720 -0.5289 0.3525
vn 0.7725 -0.5256 0.3564
vn 0.8332 -0.5529 -0.0000
vn 0.8112 -0.5547 0.1851
vn 0.6666 -0.4889 0.5626
vn -0.8341 -0.5517 -0.0000
vn -0.6030 -0.7946 0.0701
vn -0.8320 -0.5368 0.1398
vn -0.0390 -0.9792 0.1993
vn -0.0293 -0.9681 0.2488
vn -0.0265 -0.9682 0.2487
vn 0.4038 -0.9149 -0.0000
vn 0.5635 -0.8261 -0.0000
vn -0.4667 -0.3696 0.8035
vn -0.1542 -0.9084 0.3886
vn -0.3656 -0.7031 0.6100
vn 0.1101 -0.9939 -0.0000
vn 0.4554 -0.8903 -0.0000
vn 0.0696 -0.9974 0.0213
vn 0.0811 -0.9967 -0.0000
vn 0.0622 -0.9975 0.0321
vn -0.0110 0.4849 -0.8745
vn 0.2752 0.4630 -0.8425
vn 0.2419 0.4594 -0.8547
vn 0.0372 -0.9959 0.0821
vn 0.0575 -0.9969 0.0545
vn 0.0286 -0.9957 0.0882
vn 0.0561 -0.9971 0.0518
vn -0.0147 -0.9915 0.1295
vn -0.0216 -0.9896 0.1419
vn -0.0177 0.3991 -0.9167
vn 0.2448 0.3928 -0.8864
vn -0.2768 -0.9278 0.2501
vn -0.1559 -0.9357 0.3164
vn -0.2939 -0.9232 0.2475
vn -0.0406 -0.9806 0.1919
vn 0.1165 -0.0037 0.9932
vn 0.1167 -0.0067 0.9931
vn 0.1155 -0.0032 0.9933
vn -0.3894 -0.8970 0.2089
vn -0.4016 -0.8911 0.2114
vn 0.0702 0.9975 0.0002
vn 0.0699 0.9976 -0.0000
vn 0.0702 0.9975 0.0001
vn 0.0369 0.9993 -0.0000
vn 0.0873 0.9962 -0.0054
vn 0.0479 0.9988 0.0019
vn -0.9998 0.0212 -0.0000
vn -0.9939 0.0211 0.1083
vn 0.9031 -0.0538 0.4261
vn 0.9137 -0.0545 0.4027
vn -0.0733 0.5404 -0.8382
vn -0.0686 0.4829 -0.8730
vn -0.0678 0.4579 -0.8864
vn 0.0698 0.9976 0.0002
vn 0.1058 0.9944 -0.0000
vn 0.1327 0.9911 -0.0093
vn -0.3337 -0.9421 0.0339
vn -0.0000 1.0000 -0.0000
vn -0.0801 0.4016 -0.9123
vn -0.0788 0.3996 -0.9133
vn -0.0597 0.3514 0.9343
vn -0.1584 -0.0611 0.9855
vn -0.1456 -0.1504 0.9778
vn 0.3437 -0.0205 0.9388
vn 0.5585 -0.0333 0.8288
vn 0.3409 -0.0203 0.9399
vn 0.1166 -0.0069 0.9932
vn 0.9760 -0.0582 0.2098
vn 0.9982 -0.0595 -0.0000
vn 0.9759 -0.0582 0.2103
vn -0.6874 0.0410 0.7251
vn -0.4867 0.0290 0.8731
vn -0.6891 0.0411 0.7235
vn -0.8465 0.0505 0.5299
vn 0.5812 0.5366 -0.6118
vn 0.6625 0.4647 -0.5875
vn -0.5026 0.3703 -0.7812
vn -0.2823 0.4046 -0.8698
vn -0.2724 0.3976 -0.8762
vn -0.9977 0.0674 -0.0000
vn -0.9775 0.1277 -0.1679
vn -0.9531 0.1675 -0.2520
vn -0.8922 0.2246 -0.3918
vn -0.8863 0.2290 -0.4026
vn -0.8766 0.2358 -0.4196
vn 0.6481 0.3198 -0.6912
vn 0.0495 -0.0008 0.9988
vn 0.0274 -0.0016 0.9996
vn 0.0516 -0.0008 0.9987
vn 0.8192 0.3366 -0.4643
vn 0.8007 0.3977 -0.4480
vn 0.0699 0.9976 0.0027
vn -0.0213 0.4225 -0.9061
vn -0.0147 0.1993 -0.9798
vn 0.7614 0.4816 -0.4339
vn -0.0795 0.4725 -0.8777
vn -0.0813 0.5227 -0.8486
vn -0.1056 0.3765 -0.9204
vn -0.0000 -0.0000 1.0000
vn -0.2675 0.9103 -0.3159
vn -0.2502 0.8530 -0.4581
vn -0.2878 0.9231 -0.2551
vn -0.1389 0.7225 -0.6772
vn -0.2307 0.9730 -0.0000
vn -0.2654 0.9626 -0.0541
vn -0.2474 0.9689 -0.0000
vn -0.2473 0.9655 -0.0819
vn -0.2976 0.9418 -0.1560
vn -0.0572 0.9284 -0.3671
vn 0.1308 0.6998 0.7022
vn 0.1313 0.7001 0.7019
vn 0.1314 0.7001 0.7019
vn -0.1172 0.9926 -0.0331
vn -0.2770 0.9496 -0.1467
vn -0.1392 0.9879 -0.0678
vn -0.1610 0.9728 -0.1664
vn 0.5742 0.4756 -0.6664
vn 0.0855 0.7030 0.7060
vn -0.1156 0.7286 0.6752
vn -0.1146 0.7285 0.6754
vn 0.7371 0.5048 -0.4494
vn -0.3468 -0.9379 -0.0000
vn -0.8275 -0.5614 -0.0000
vn -0.8067 -0.5516 0.2119
vn 0.5737 0.6841 0.4504
vn 0.6922 0.6638 0.2833
vn 0.6921 0.6638 0.2833
vn 0.0702 0.9975 0.0036
vn 0.2886 0.7004 0.6528
vn 0.5745 0.6840 0.4495
vn 0.2872 0.7005 0.6533
vn 0.7307 0.6667 0.1468
vn 0.7512 0.6601 -0.0000
vn 0.7308 0.6667 0.1465
vn -0.4298 0.7478 0.5061
vn -0.4307 0.7478 0.5052
vn -0.5516 0.7443 0.3764
vn -0.6751 0.7339 0.0748
vn -0.6681 0.7440 -0.0000
vn -0.6809 0.7280 0.0796
vn -0.0887 0.3381 0.9369
vn 0.0295 0.6330 0.7736
vn 0.9138 -0.0545 0.4026
vn -0.0000 0.4273 0.9041
vn -0.0000 0.4273 -0.9041
vn 0.8566 0.5159 -0.0000
vn 0.8559 0.5165 0.0250
vn 0.8561 0.5168 -0.0000
vn 0.0970 -0.3578 0.9288
vn 0.1076 -0.5654 0.8178
vn 0.1290 -0.4214 0.8977
vn 0.1040 -0.7523 0.6506
vn 0.0460 -0.9364 0.3480
vn -0.0017 -0.9944 0.1060
vn 0.0876 -0.1391 0.9864
vn 0.0844 -0.1055 0.9908
vn -0.0154 -0.9999 0.0038
vn -0.0149 -0.9999 -0.0000
vn -0.0376 -0.9593 0.2799
vn -0.0358 -0.9613 0.2731
vn -0.0537 0.3993 -0.9152
vn -0.0449 0.4859 -0.8728
vn -0.0534 0.4458 -0.8935
vn -0.0420 0.2748 -0.9606
vn -0.0748 0.3251 -0.9427
vn 0.0852 0.7030 0.7060
vn 0.1120 0.7012 0.7041
vn 0.1122 0.7012 0.7040
vn 0.1305 0.6998 0.7023
vn 0.0702 0.9975 0.0037
vn 0.0701 0.9975 0.0037
vn 0.0701 0.9975 0.0036
vn 0.0699 0.9976 0.0029
vn 0.0886 -0.0017 0.9961
vn 0.0900 -0.0020 0.9959
vn 0.0396 -0.2708 0.9618
vn -0.7409 -0.6644 0.0983
vn -0.7492 -0.6623 -0.0000
vn -0.1287 -0.1293 0.9832
vn -0.1675 -0.0885 0.9819
vn 0.0114 -0.1584 0.9873
vn -0.1734 -0.1988 0.9646
vn 0.6996 -0.6867 -0.1975
vn 0.4946 -0.8322 -0.2506
vn 0.6299 -0.7161 -0.3006
vn 0.0567 -0.4777 -0.8767
vn 0.0762 -0.4861 -0.8706
vn 0.0796 -0.7420 -0.6656
vn 0.4037 -0.8463 -0.3477
vn 0.5318 -0.6850 -0.4980
vn 0.0258 -0.0894 -0.9957
vn 0.0471 -0.0876 -0.9950
vn 0.0505 -0.1206 -0.9914
vn 0.1175 -0.1608 -0.9800
vn 0.1201 -0.2211 -0.9678
vn 0.1290 -0.4214 -0.8977
vn -0.0925 -0.3962 -0.9135
vn -0.1006 -0.3868 -0.9167
vn -0.0919 -0.3952 -0.9140
vn 0.1360 -0.6252 -0.7686
vn 0.1240 -0.7649 -0.6321
vn 0.1276 -0.7576 -0.6402
vn -0.5894 -0.4505 -0.6706
vn -0.4831 -0.1466 -0.8632
vn -0.4667 -0.3696 -0.8035
vn 0.1027 -0.9835 -0.1490
vn 0.1307 -0.9889 -0.0708
vn 0.1492 -0.9187 -0.3657
vn 0.3049 -0.9058 -0.2943
vn 0.0683 -0.9269 -0.3689
vn 0.3844 -0.9012 -0.2002
vn -0.2720 -0.8923 -0.3603
vn -0.0992 -0.9905 -0.0950
vn -0.3509 -0.8912 -0.2875
vn -0.1298 -0.1864 -0.9739
vn -0.1616 -0.1215 -0.9794
vn -0.1045 -0.2181 -0.9703
vn -0.1206 -0.9927 -0.0060
vn -0.4373 -0.7590 -0.4825
vn -0.5404 -0.7452 -0.3908
vn -0.7264 -0.4347 -0.5324
vn 0.3088 -0.3387 -0.8888
vn 0.2593 -0.3216 -0.9107
vn -0.1049 -0.2818 -0.9537
vn 0.0124 -0.9938 -0.1106
vn -0.0073 -0.9435 -0.3314
vn 0.0259 -0.9406 -0.3385
vn -0.0210 -0.9939 -0.1082
vn 0.0649 -0.9317 -0.3575
vn 0.4752 -0.8191 -0.3215
vn 0.5438 -0.8127 -0.2092
vn 0.3275 -0.8777 -0.3499
vn 0.3750 -0.8379 -0.3966
vn 0.1925 -0.7919 -0.5795
vn 0.2138 -0.7899 -0.5748
vn 0.1160 -0.6878 -0.7166
vn 0.4435 -0.7762 -0.4481
vn 0.1125 -0.1281 -0.9854
vn 0.1116 -0.2025 -0.9729
vn 0.0309 -0.1562 -0.9872
vn 0.0601 -0.2887 -0.9555
vn -0.1172 -0.9352 -0.3342
vn -0.0461 -0.9495 -0.3103
vn -0.0447 -0.9517 -0.3037
vn 0.2215 -0.8377 -0.4993
vn 0.8163 -0.5431 -0.1966
vn 0.0969 -0.7300 -0.6765
vn -0.0315 -0.9994 -0.0120
vn 0.3495 -0.3474 -0.8701
vn 0.6496 -0.4881 -0.5828
vn 0.1071 -0.1797 -0.9779
vn -0.8162 0.0447 -0.5760
vn -0.6708 -0.1467 -0.7270
vn -0.8020 -0.1059 -0.5878
vn -0.4876 -0.0888 -0.8686
vn 0.0142 -0.9931 -0.1164
vn 0.7720 -0.5289 -0.3525
vn 0.7725 -0.5256 -0.3564
vn 0.8112 -0.5547 -0.1851
vn 0.6666 -0.4889 -0.5626
vn -0.6030 -0.7946 -0.0701
vn -0.8320 -0.5368 -0.1398
vn -0.0293 -0.9681 -0.2488
vn -0.0390 -0.9792 -0.1993
vn -0.0265 -0.9682 -0.2487
vn -0.0939 -0.9792 -0.1797
vn -0.1542 -0.9084 -0.3886
vn -0.3656 -0.7031 -0.6100
vn 0.0696 -0.9974 -0.0213
vn 0.0827 -0.9966 -0.0000
vn -0.0110 0.4849 0.8745
vn 0.2752 0.4630 0.8425
vn -0.0213 0.4225 0.9061
vn 0.0372 -0.9959 -0.0821
vn 0.0575 -0.9969 -0.0545
vn 0.0561 -0.9971 -0.0517
vn 0.0622 -0.9975 -0.0321
vn -0.0147 -0.9915 -0.1295
vn -0.0216 -0.9896 -0.1419
vn -0.0177 0.3991 0.9167
vn 0.2419 0.4594 0.8547
vn -0.2768 -0.9278 -0.2501
vn -0.1559 -0.9357 -0.3164
vn -0.0406 -0.9806 -0.1919
vn 0.1165 -0.0037 -0.9932
vn 0.1167 -0.0067 -0.9931
vn 0.1166 -0.0070 -0.9932
vn -0.3894 -0.8970 -0.2089
vn -0.2939 -0.9232 -0.2475
vn 0.0702 0.9975 -0.0002
vn 0.0873 0.9962 0.0054
vn 0.0479 0.9988 -0.0019
vn -0.9939 0.0211 -0.1083
vn 0.9031 -0.0538 -0.4261
vn 0.9137 -0.0545 -0.4027
vn 0.9138 -0.0545 -0.4026
vn -0.0686 0.4829 0.8730
vn -0.0733 0.5404 0.8382
vn -0.0678 0.4579 0.8864
vn 0.0698 0.9976 -0.0002
vn 0.1327 0.9911 0.0093
vn -0.3337 -0.9421 -0.0339
vn -0.0801 0.4016 0.9123
vn -0.0788 0.3996 0.9133
vn -0.1584 -0.0611 -0.9855
vn -0.0597 0.3514 -0.9343
vn -0.1456 -0.1504 -0.9778
vn 0.3437 -0.0205 -0.9388
vn 0.5585 -0.0333 -0.8288
vn 0.3409 -0.0203 -0.9399
vn 0.9760 -0.0582 -0.2098
vn -0.6874 0.0410 -0.7251
vn -0.4867 0.0290 -0.8731
vn -0.8465 0.0505 -0.5299
vn -0.6891 0.0411 -0.7235
vn 0.5812 0.5366 0.6118
vn -0.2823 0.4046 0.8698
vn -0.5026 0.3703 0.7812
vn -0.2724 0.3976 0.8762
vn -0.9775 0.1277 0.1679
vn -0.9531 0.1675 0.2520
vn -0.8922 0.2246 0.3918
vn -0.8863 0.2290 0.4026
vn -0.8766 0.2358 0.4196
vn 0.6481 0.3198 0.6912
vn 0.2448 0.3928 0.8864
vn 0.0274 -0.0016 -0.9996
vn 0.0495 -0.0008 -0.9988
vn 0.0516 -0.0008 -0.9987
vn 0.8192 0.3366 0.4643
vn 0.6625 0.4647 0.5875
vn 0.0699 0.9976 -0.0027
vn -0.0147 0.1993 0.9798
vn -0.0420 0.2748 0.9606
vn 0.7614 0.4816 0.4339
vn -0.0795 0.4725 0.8777
vn -0.0813 0.5227 0.8486
vn -0.0000 -0.0000 -1.0000
vn -0.2502 0.8530 0.4581
vn -0.2676 0.9103 0.3159
vn -0.2878 0.9231 0.2551
vn -0.1389 0.7225 0.6772
vn -0.2654 0.9626 0.0541
vn -0.2976 0.9418 0.1560
vn -0.2473 0.9655 0.0819
vn -0.0572 0.9284 0.3671
vn 0.1313 0.7001 -0.7019
vn 0.1308 0.6998 -0.7022
vn 0.1314 0.7001 -0.7019
vn -0.1172 0.9926 0.0331
vn -0.2770 0.9496 0.1467
vn -0.1392 0.9879 0.0678
vn 0.5742 0.4756 0.6664
vn 0.0855 0.7030 -0.7060
vn -0.1156 0.7286 -0.6752
vn 0.0852 0.7030 -0.7060
vn 0.7371 0.5048 0.4494
vn -0.1610 0.9728 0.1664
vn -0.8067 -0.5516 -0.2119
vn 0.6922 0.6638 -0.2833
vn 0.5737 0.6841 -0.4504
vn 0.6921 0.6638 -0.2833
vn 0.0702 0.9975 -0.0036
vn 0.0702 0.9975 -0.0037
vn 0.2886 0.7004 -0.6528
vn 0.2872 0.7005 -0.6533
vn 0.7307 0.6667 -0.1468
vn -0.4298 0.7478 -0.5061
vn -0.4307 0.7478 -0.5052
vn -0.5516 0.7443 -0.3764
vn -0.6751 0.7339 -0.0748
vn -0.6615 0.7499 -0.0000
vn -0.0887 0.3381 -0.9369
vn 0.0295 0.6330 -0.7736
vn 0.9759 -0.0582 -0.2103
vn 0.8559 0.5165 -0.0250
vn 0.8565 0.5156 -0.0212
vn 0.0970 -0.3578 -0.9288
vn 0.1076 -0.5654 -0.8178
vn 0.1040 -0.7523 -0.6506
vn 0.0460 -0.9364 -0.3480
vn -0.0017 -0.9944 -0.1060
vn 0.0876 -0.1391 -0.9864
vn 0.0844 -0.1055 -0.9908
vn -0.0154 -0.9999 -0.0038
vn -0.0376 -0.9593 -0.2799
vn -0.0358 -0.9613 -0.2731
vn -0.0537 0.3993 0.9152
vn -0.0449 0.4859 0.8728
vn -0.0534 0.4458 0.8935
vn -0.0748 0.3251 0.9427
vn 0.1120 0.7012 -0.7041
vn 0.1122 0.7012 -0.7040
vn 0.1305 0.6998 -0.7023
vn 0.0701 0.9975 -0.0037
vn 0.0701 0.9975 -0.0036
vn 0.0699 0.9976 -0.0029
vn 0.0886 -0.0017 -0.9961
vn 0.1155 -0.0032 -0.9933
vn 0.0900 -0.0020 -0.9959
vn 0.0396 -0.2708 -0.9618
vn -0.7409 -0.6644 -0.0983
vn -0.1675 -0.0885 -0.9819
vn -0.1287 -0.1293 -0.9832
vn 0.0114 -0.1584 -0.9873
vn -0.1734 -0.1988 -0.9646
vn -0.9049 -0.3867 -0.1778
vn -0.9079 0.0749 -0.4125
vn -0.9027 0.0682 -0.4248
vn -0.3487 0.4563 0.8186
vn -0.3444 0.4514 0.8232
vn -0.3444 0.4472 0.8254
vn -0.3467 0.4432 0.8267
vn -0.3506 0.4404 0.8265
vn -0.3551 0.4396 0.8250
vn 0.4638 0.8462 -0.2622
vn 0.4539 0.8611 -0.2292
vn 0.4676 0.8449 -0.2598
vn 0.8125 0.5821 0.0315
vn 0.8897 0.4047 0.2114
vn 0.7979 0.5994 0.0641
vn 0.9049 0.3867 0.1778
vn 0.8875 -0.0498 0.4582
vn 0.6586 -0.5048 0.5580
vn 0.9027 -0.0682 0.4248
vn 0.4642 -0.6786 0.5693
vn 0.6436 -0.4860 0.5913
vn -0.0089 -0.8796 0.4757
vn -0.2606 -0.8724 0.4135
vn -0.0230 -0.8611 0.5079
vn -0.3534 0.4502 0.8200
vn -0.3564 0.4345 0.8271
vn -0.3542 0.4427 0.8237
vn -0.6638 0.5115 -0.5457
vn -0.6586 0.5048 -0.5580
vn -0.4573 -0.8485 0.2662
vn -0.4645 -0.8405 0.2791
vn -0.4596 -0.8477 0.2648
vn -0.8125 -0.5821 -0.0315
vn -0.9101 -0.3799 -0.1655
vn -0.4691 0.6850 -0.5574
vn -0.4641 0.6786 -0.5693
vn -0.3435 0.4574 0.8203
vn -0.9217 -0.0153 -0.3875
vn -0.9298 -0.0042 -0.3680
vn -0.9216 -0.0147 -0.3878
vn 0.4712 0.8436 -0.2576
vn 0.4614 0.8589 -0.2223
vn -0.6442 0.4749 0.5995
vn -0.3531 0.4470 0.8219
vn -0.3580 0.4477 0.8194
vn 0.7927 0.6095 0.0081
vn 0.8675 0.4696 0.1641
vn 0.8812 0.4543 0.1308
vn -0.3561 0.4435 0.8225
vn -0.3481 0.4647 0.8142
vn -0.0773 -0.8889 0.4514
vn -0.0816 -0.8764 0.4745
vn -0.0981 -0.8690 0.4850
vn 0.9266 0.2894 0.2401
vn 0.9109 0.3106 0.2717
vn -0.8960 0.0913 -0.4346
vn -0.8949 0.1490 -0.4206
vn -0.9047 0.1027 -0.4134
vn -0.3633 0.4486 0.8166
vn -0.8965 0.2585 0.3598
vn -0.9218 0.2787 0.2696
vn -0.8821 0.2579 0.3942
vn -0.3999 0.2317 0.8868
vn -0.6361 0.1234 0.7617
vn -0.4127 0.1420 0.8997
vn 0.2927 0.8868 -0.3578
vn 0.4007 0.8855 -0.2353
vn 0.2726 0.9329 -0.2355
vn -0.3493 0.4570 0.8180
vn -0.3225 0.4496 0.8330
vn -0.3394 0.4615 0.8197
vn -0.3547 0.4563 0.8161
vn -0.3417 0.4659 0.8162
vn -0.3459 0.4602 0.8176
vn -0.8736 0.1568 -0.4607
vn -0.8824 0.1329 -0.4514
vn 0.7527 0.6583 -0.0083
vn 0.7783 0.6265 0.0417
vn 0.2535 0.8909 -0.3769
vn 0.2476 0.8931 -0.3757
vn 0.2449 0.9027 -0.3538
vn -0.8255 0.2790 -0.4907
vn -0.8624 0.1852 -0.4711
vn -0.8683 0.1708 -0.4657
vn -0.9154 0.0852 -0.3933
vn -0.4960 0.1998 0.8450
vn -0.3546 0.4630 0.8123
vn -0.3499 0.4669 0.8121
vn -0.2410 -0.8919 0.3828
vn -0.2466 -0.8899 0.3839
vn -0.2463 -0.8915 0.3802
vn -0.4823 0.2498 0.8396
vn -0.3528 0.4480 0.8215
vn -0.3634 0.4494 0.8160
vn -0.7456 -0.0148 0.6662
vn -0.8345 0.0924 0.5432
vn -0.7366 -0.0097 0.6762
vn -0.3502 0.4769 0.8062
vn -0.3600 0.4603 0.8115
vn -0.6522 -0.0374 0.7571
vn -0.6320 0.0071 0.7749
vn -0.3496 0.4765 0.8067
vn 0.6412 0.7622 -0.0888
vn 0.4100 0.8632 -0.2945
vn 0.6576 0.7433 -0.1228
vn -0.6561 -0.0441 0.7534
vn 0.7478 0.6628 -0.0402
vn 0.7328 0.6804 -0.0066
vn -0.3154 0.4681 0.8254
vn -0.8388 0.0887 0.5372
vn 0.9205 0.2670 0.2852
vn -0.7166 -0.1957 0.6695
vn -0.8848 0.0501 0.4633
vn -0.8832 0.3680 0.2906
vn -0.7126 0.6732 0.1975
vn -0.4177 0.8842 0.2092
vn -0.4179 0.8841 0.2091
vn -0.0801 0.9435 0.3217
vn -0.0802 0.9434 0.3218
vn -0.5764 -0.2824 0.7668
vn -0.7141 -0.1959 0.6721
vn -0.9043 0.3160 0.2871
vn -0.8911 0.3180 0.3237
vn -0.8861 0.3186 0.3367
vn -0.9285 0.1047 -0.3562
vn -0.0786 0.9477 0.3094
vn -0.0799 0.9452 0.3165
vn -0.0783 0.9483 0.3076
vn -0.4265 -0.3064 0.8510
vn -0.4280 -0.3140 0.8475
vn -0.4284 -0.3160 0.8466
vn -0.3879 0.4585 0.7996
vn -0.8605 0.4352 0.2647
vn -0.8838 0.3733 0.2821
vn -0.8850 0.3717 0.2804
vn 0.0017 0.8856 -0.4645
vn 0.2463 0.8915 -0.3802
vn 0.0068 0.8792 -0.4764
vn 0.8973 -0.0615 0.4371
vn 0.6532 -0.4981 0.5703
vn -0.3521 0.4566 0.8171
vn -0.3589 0.4525 0.8163
vn -0.3565 0.4583 0.8142
vn -0.3611 0.4485 0.8176
vn -0.3612 0.4443 0.8199
vn -0.3611 0.4443 0.8199
vn -0.3589 0.4410 0.8226
vn -0.3589 0.4411 0.8226
vn -0.0040 0.8957 -0.4447
vn 0.0133 0.8803 -0.4742
vn 0.0089 0.8796 -0.4757
vn -0.4777 0.6958 -0.5363
vn -0.9164 0.0865 -0.3908
vn -0.9186 -0.3679 -0.1440
vn -0.9049 -0.3866 -0.1778
vn -0.8125 -0.5821 -0.0316
vn -0.4676 -0.8449 0.2598
vn -0.3510 0.4500 0.8212
vn -0.3520 0.4432 0.8245
vn 0.8995 0.3933 0.1901
vn -0.0208 -0.8815 0.4717
vn -0.0251 -0.8737 0.4859
vn -0.0297 -0.8714 0.4897
vn 0.4641 -0.6786 0.5693
vn 0.4590 -0.6721 0.5811
vn 0.8073 0.5885 0.0434
vn -0.3541 0.4649 0.8115
vn 0.8673 -0.1400 0.4778
vn 0.8758 -0.1511 0.4585
vn 0.8760 -0.1506 0.4583
vn 0.0048 0.8788 -0.4771
vn 0.0043 0.4259 0.9048
vn -0.3479 0.4470 0.8241
vn -0.4303 0.7020 -0.5675
vn -0.6142 0.5816 -0.5333
vn -0.4449 0.7189 -0.5340
vn -0.4206 -0.8508 0.3150
vn -0.4071 -0.8640 0.2962
vn -0.4173 -0.8449 0.3348
vn -0.7320 0.4148 -0.5405
vn -0.7437 0.4357 -0.5070
vn 0.9088 -0.0451 0.4149
vn 0.9045 0.0130 0.4263
vn 0.9182 -0.0032 0.3961
vn -0.3423 0.4470 0.8264
vn 0.4079 0.1782 0.8954
vn 0.3204 0.1665 0.9325
vn 0.2849 0.1697 0.9434
vn -0.1685 0.0880 0.9818
vn -0.3096 0.2367 0.9209
vn 0.0373 0.9130 -0.4064
vn 0.1993 0.8938 -0.4017
vn 0.1239 0.9441 -0.3055
vn -0.3805 0.4539 0.8057
vn -0.3512 0.4571 0.8171
vn -0.3581 0.4629 0.8108
vn -0.3463 0.4557 0.8200
vn -0.3534 0.4668 0.8107
vn 0.9228 0.0210 0.3848
vn 0.8553 0.0895 0.5103
vn -0.3865 0.7444 -0.5445
vn -0.3769 0.7356 -0.5629
vn 0.2422 0.8935 -0.3782
vn 0.2392 0.8920 -0.3836
vn 0.2284 0.9039 -0.3616
vn 0.9305 0.1463 0.3358
vn 0.9272 0.0499 0.3711
vn 0.9352 0.1408 0.3248
vn 0.9027 -0.0682 0.4249
vn 0.8886 -0.0512 0.4558
vn -0.3112 0.1858 0.9320
vn -0.3427 0.4621 0.8179
vn -0.3125 0.4528 0.8350
vn -0.2517 -0.8911 0.3777
vn -0.2488 -0.8897 0.3828
vn -0.2618 -0.8790 0.3985
vn -0.3417 0.4478 0.8263
vn 0.1202 0.0203 0.9925
vn -0.0433 -0.0679 0.9968
vn -0.0560 -0.0611 0.9966
vn -0.3391 0.4760 0.8114
vn -0.3399 0.4758 0.8112
vn -0.1746 -0.0735 0.9819
vn -0.1955 -0.0259 0.9804
vn -0.3450 0.4665 0.8144
vn 0.0741 0.8886 -0.4526
vn -0.2417 0.8290 -0.5044
vn -0.2283 0.8102 -0.5398
vn -0.1702 -0.0809 0.9821
vn -0.3584 0.7464 -0.5608
vn -0.3390 0.4587 0.8214
vn -0.3768 0.4728 0.7965
vn 0.1271 0.0157 0.9918
vn -0.7655 0.3944 -0.5084
vn -0.7620 0.3721 -0.5301
vn 0.2080 -0.0325 0.9776
vn -0.0864 -0.2433 0.9661
vn 0.3786 0.2726 0.8845
vn 0.3802 0.5906 0.7118
vn 0.2115 0.8366 0.5053
vn 0.2117 0.8365 0.5054
vn -0.0900 -0.2431 0.9658
vn -0.2599 -0.3063 0.9158
vn 0.3520 0.2241 0.9088
vn 0.3882 0.2183 0.8954
vn 0.3390 0.2260 0.9133
vn 0.8708 -0.0313 0.4907
vn -0.0711 0.9471 0.3129
vn -0.0760 0.9449 0.3183
vn -0.0770 0.9445 0.3193
vn -0.4192 -0.3147 0.8516
vn -0.4219 -0.3067 0.8532
vn -0.4185 -0.3167 0.8512
vn 0.3924 0.3405 0.8544
vn 0.3861 0.2773 0.8798
vn 0.4643 0.8506 -0.2468
vn 0.4695 0.8442 -0.2587
vn -0.8995 -0.3933 -0.1901
vn 0.3568 -0.4394 -0.8244
vn 0.3612 -0.4443 -0.8199
vn 0.3620 -0.4383 -0.8227
vn 0.3611 -0.4485 -0.8176
vn 0.3589 -0.4526 -0.8163
vn 0.3589 -0.4525 -0.8163
vn 0.3550 -0.4553 -0.8165
vn 0.3505 -0.4561 -0.8180
vn 0.4802 0.8277 -0.2904
vn 0.9186 0.3680 0.1440
vn 0.9164 -0.0865 0.3908
vn 0.6725 -0.5228 0.5239
vn -0.2317 -0.9091 0.3463
vn 0.3522 -0.4456 -0.8230
vn 0.3491 -0.4611 -0.8158
vn 0.3494 -0.4523 -0.8206
vn -0.6532 0.4981 -0.5703
vn -0.8973 0.0615 -0.4371
vn -0.4527 -0.8554 0.2516
vn -0.4484 -0.8587 0.2483
vn -0.8073 -0.5885 -0.0434
vn -0.4590 0.6721 -0.5811
vn 0.3633 -0.4316 -0.8257
vn -0.9130 -0.0255 -0.4072
vn 0.3525 -0.4488 -0.8211
vn 0.0138 -0.3605 -0.9327
vn 0.3476 -0.4480 -0.8237
vn 0.8951 0.4346 0.0999
vn 0.8067 0.5904 -0.0244
vn 0.3574 -0.4309 -0.8286
vn 0.3514 -0.4530 -0.8193
vn -0.0632 -0.8998 0.4317
vn -0.0671 -0.9083 0.4130
vn 0.9398 0.2739 0.2044
vn -0.8688 0.1159 -0.4813
vn 0.3423 -0.4471 -0.8264
vn -0.4479 -0.3228 -0.8337
vn -0.3831 -0.3933 -0.8358
vn -0.3525 -0.4144 -0.8390
vn 0.2870 -0.6402 -0.7126
vn 0.0028 -0.6877 -0.7260
vn 0.2034 -0.6208 -0.7572
vn 0.4444 0.8300 -0.3370
vn 0.3630 0.8180 -0.4461
vn 0.3827 -0.4457 -0.8092
vn 0.3563 -0.4388 -0.8249
vn 0.3661 -0.4341 -0.8231
vn 0.3508 -0.4394 -0.8269
vn 0.3637 -0.4296 -0.8265
vn -0.8078 0.0825 -0.5837
vn 0.7685 0.6382 -0.0452
vn 0.7597 0.6497 -0.0279
vn 0.2505 0.8895 -0.3822
vn 0.2641 0.8783 -0.3986
vn -0.8162 0.2673 -0.5122
vn -0.8207 0.2736 -0.5016
vn -0.8886 0.0512 -0.4557
vn 0.1804 -0.6590 -0.7302
vn 0.3509 -0.4326 -0.8305
vn 0.3170 -0.4365 -0.8420
vn -0.2439 -0.8933 0.3776
vn -0.2307 -0.9033 0.3617
vn 0.3528 -0.4478 -0.8216
vn 0.3421 -0.4463 -0.8269
vn -0.2827 -0.6081 -0.7418
vn -0.1785 -0.7348 -0.6544
vn -0.1643 -0.7363 -0.6565
vn 0.3550 -0.4184 -0.8360
vn 0.3557 -0.4188 -0.8355
vn -0.0628 -0.7857 -0.6154
vn -0.0232 -0.7658 -0.6427
vn 0.3555 -0.4287 -0.8306
vn 0.6710 0.7244 -0.1582
vn -0.0700 -0.7882 -0.6114
vn 0.3455 -0.4353 -0.8314
vn 0.3895 -0.4268 -0.8161
vn -0.2906 -0.6073 -0.7394
vn 0.9411 0.2409 0.2374
vn 0.9322 0.2440 0.2673
vn -0.3802 -0.5906 -0.7118
vn -0.2087 -0.8376 -0.5049
vn -0.2120 -0.8363 -0.5056
vn -0.3786 -0.2726 -0.8845
vn -0.2080 0.0325 -0.9776
vn 0.0870 0.2435 -0.9660
vn 0.0867 0.2435 -0.9660
vn 0.4245 0.3029 -0.8533
vn -0.0777 -0.9156 -0.3946
vn -0.3811 -0.3294 -0.8638
vn -0.4129 -0.3078 -0.8572
vn -0.3696 -0.3370 -0.8659
vn -0.8708 0.0313 -0.4907
vn -0.8886 0.0512 -0.4558
vn 0.4198 0.3149 -0.8512
vn 0.4222 0.3078 -0.8526
vn 0.4227 0.3065 -0.8529
vn 0.0706 -0.9470 -0.3135
vn 0.0762 -0.9445 -0.3195
vn 0.0692 -0.9476 -0.3120
vn -0.3553 -0.2062 -0.9117
vn -0.3822 -0.2634 -0.8857
vn 0.0119 0.8726 -0.4882
vn 0.9079 -0.0749 0.4125
vn 0.3535 -0.4392 -0.8259
vn 0.3467 -0.4432 -0.8267
vn 0.3444 -0.4472 -0.8254
vn 0.3444 -0.4515 -0.8231
vn 0.3466 -0.4547 -0.8204
vn 0.3467 -0.4547 -0.8204
vn 0.0223 0.8623 -0.5059
vn -0.4498 0.6603 -0.6014
vn -0.6436 0.4860 -0.5913
vn -0.8875 0.0498 -0.4582
vn -0.8897 -0.4047 -0.2114
vn -0.4532 -0.8620 0.2271
vn 0.3546 -0.4458 -0.8219
vn -0.0133 -0.8886 0.4584
vn -0.0182 -0.8811 0.4726
vn 0.6638 -0.5115 0.5457
vn 0.8175 0.5756 0.0197
vn 0.3490 -0.4374 -0.8288
vn 0.8841 -0.1613 0.4386
vn 0.0135 0.8597 -0.5107
vn 0.6623 -0.4095 -0.6274
vn 0.3577 -0.4488 -0.8189
vn -0.5867 0.5466 -0.5975
vn -0.5992 0.5662 -0.5660
vn 0.3536 -0.4526 -0.8186
vn -0.4022 -0.8742 0.2721
vn -0.3864 -0.8841 0.2627
vn -0.7148 0.3990 -0.5744
vn 0.9306 -0.0201 0.3656
vn 0.9175 -0.0566 0.3937
vn 0.3633 -0.4487 -0.8165
vn 0.8338 -0.4853 -0.2630
vn 0.8818 -0.4234 -0.2079
vn 0.8145 -0.5026 -0.2898
vn 0.4704 -0.7230 -0.5059
vn 0.2564 -0.7076 -0.6585
vn 0.0809 0.8575 -0.5081
vn 0.2143 0.8293 -0.5161
vn 0.3543 -0.4386 -0.8259
vn 0.3247 -0.4414 -0.8365
vn 0.3473 -0.4327 -0.8320
vn 0.3592 -0.4401 -0.8230
vn 0.3520 -0.4287 -0.8320
vn 0.3529 -0.4350 -0.8284
vn -0.3707 0.7243 -0.5814
vn -0.4165 0.6829 -0.6002
vn 0.2450 0.8899 -0.3848
vn 0.2476 0.8795 -0.4063
vn 0.9398 0.1346 0.3143
vn 0.9251 0.0351 0.3782
vn 0.9154 -0.0852 0.3933
vn 0.3653 -0.6730 -0.6432
vn 0.3627 -0.4335 -0.8249
vn 0.3604 -0.4290 -0.8283
vn -0.2461 -0.8931 0.3766
vn 0.3762 -0.6338 -0.6759
vn 0.3639 -0.4479 -0.8167
vn 0.5238 -0.7879 -0.3238
vn 0.6721 -0.6803 -0.2925
vn 0.5163 -0.7877 -0.3361
vn 0.3661 -0.4193 -0.8308
vn 0.3665 -0.4369 -0.8215
vn 0.4148 -0.8218 -0.3906
vn 0.4132 -0.7988 -0.4373
vn 0.3653 -0.4196 -0.8310
vn -0.2119 0.7912 -0.5737
vn 0.4160 -0.8249 -0.3827
vn -0.3438 0.7274 -0.5939
vn 0.3281 -0.4222 -0.8450
vn 0.6753 -0.6803 -0.2848
vn -0.7450 0.3684 -0.5562
vn 0.4183 -0.8840 -0.2090
vn 0.7126 -0.6732 -0.1975
vn 0.8832 -0.3680 -0.2906
vn 0.8848 -0.0501 -0.4633
vn 0.7162 0.1959 -0.6699
vn 0.7163 0.1959 -0.6697
vn 0.4245 0.3027 -0.8533
vn 0.2388 -0.9395 -0.2456
vn 0.4155 -0.8848 -0.2112
vn 0.8796 -0.4055 -0.2489
vn 0.8620 -0.4234 -0.2788
vn 0.8554 -0.4296 -0.2894
vn 0.9285 -0.1047 0.3562
vn 0.4273 0.3144 -0.8477
vn 0.4260 0.3075 -0.8508
vn 0.4277 0.3161 -0.8469
vn 0.0808 -0.9449 -0.3173
vn 0.0794 -0.9476 -0.3093
vn 0.0790 -0.9483 -0.3073
vn 0.3924 -0.4422 -0.8065
vn 0.8977 -0.3009 -0.3220
vn 0.8876 -0.3594 -0.2881
vn 0.8883 -0.3597 -0.2855
vn 0.4745 0.8377 -0.2705
vn 0.2760 -0.5983 -0.7522
vn 0.4037 -0.2430 -0.8820
vn 0.3828 0.7862 -0.4851
vn 0.2442 0.9577 -0.1520
vn -0.2442 -0.9577 0.1520
vn -0.3828 -0.7862 0.4851
vn -0.4037 0.2430 0.8820
vn -0.4444 0.0464 0.8946
vn -0.4303 -0.6505 0.6259
vn 0.1938 -0.7436 -0.6400
vn -0.1585 -0.9870 -0.0277
vn -0.2760 0.5983 0.7522
vn -0.1938 0.7436 0.6400
vn 0.1585 0.9870 0.0277
vn 0.4444 -0.0464 -0.8946
vn 0.4303 0.6505 -0.6259
vn -0.2759 0.5985 0.7521
vn -0.4037 0.2428 0.8821
vn -0.2621 -0.9458 0.1915
vn -0.3700 -0.8124 0.4507
vn 0.3700 0.8124 -0.4507
vn 0.2621 0.9458 -0.1915
vn 0.4441 -0.0483 -0.8947
vn 0.4037 -0.2428 -0.8821
vn 0.4106 0.7161 -0.5644
vn -0.1946 0.7424 0.6411
vn 0.1986 0.9785 -0.0547
vn 0.2759 -0.5985 -0.7521
vn 0.1946 -0.7424 -0.6411
vn -0.1986 -0.9785 0.0547
vn -0.4441 0.0483 0.8947
vn -0.4106 -0.7161 0.5644
vn -0.4106 -0.7162 0.5644
vn 0.7392 -0.4548 0.4968
vn 0.7009 -0.4113 0.5828
vn 0.7469 -0.4683 0.4721
vn -0.9264 0.3388 -0.1642
vn -0.9664 0.2266 -0.1215
vn -0.9229 0.3476 -0.1657
vn 0.9851 -0.0330 0.1688
vn 0.9664 -0.2266 0.1215
vn 0.9882 -0.0387 0.1483
vn -0.8373 0.4440 -0.3190
vn -0.8388 0.4543 -0.3001
vn 0.6976 -0.0557 0.7143
vn 0.7367 0.0576 0.6737
vn 0.6932 -0.0634 0.7179
vn -0.8360 -0.1516 -0.5274
vn -0.7367 -0.0576 -0.6737
vn -0.8247 -0.1636 -0.5413
vn 0.6882 -0.2594 0.6776
vn 0.6754 -0.2520 0.6931
vn 0.9243 0.1641 0.3446
vn 0.9588 0.1213 0.2568
vn 0.9128 0.1783 0.3674
vn -0.6932 0.0634 -0.7179
vn -0.6882 0.2594 -0.6776
vn -0.6754 0.2520 -0.6931
vn 0.8360 0.1516 0.5274
vn 0.8247 0.1636 0.5413
vn -0.7009 0.4113 -0.5828
vn -0.7391 0.4548 -0.4968
vn -0.7469 0.4683 -0.4721
vn 0.9229 -0.3476 0.1657
vn 0.8373 -0.4440 0.3190
vn 0.8388 -0.4543 0.3001
vn -0.9851 0.0330 -0.1688
vn -0.9882 0.0387 -0.1484
vn 0.9639 -0.2346 0.1262
vn -0.7351 -0.0485 -0.6762
vn -0.9128 -0.1783 -0.3674
vn -0.9588 -0.1213 -0.2568
vn -0.9243 -0.1641 -0.3446
vn 0.2122 -0.2927 -0.9324
vn 0.5612 -0.3540 -0.7482
vn 0.7774 -0.0845 0.6232
vn 0.9351 -0.2163 0.2807
vn 0.7775 -0.0845 0.6232
vn -0.7774 0.0845 -0.6232
vn -0.9351 0.2163 -0.2807
vn -0.5612 0.3540 0.7482
vn -0.7054 0.3637 0.6084
vn -0.9586 0.2705 -0.0883
vn 0.0208 -0.2435 -0.9697
vn -0.6494 0.0119 -0.7604
vn -0.2122 0.2927 0.9324
vn -0.0208 0.2435 0.9697
vn 0.6494 -0.0119 0.7604
vn 0.7054 -0.3637 -0.6084
vn 0.9586 -0.2705 0.0883
vn -0.2121 0.2926 0.9324
vn -0.5613 0.3540 0.7481
vn -0.8019 0.1004 -0.5889
vn -0.9246 0.2029 -0.3224
vn 0.9246 -0.2029 0.3224
vn 0.8019 -0.1004 0.5889
vn 0.7042 -0.3637 -0.6098
vn 0.5613 -0.3540 -0.7481
vn 0.9527 -0.2470 0.1771
vn -0.0226 0.2440 0.9695
vn 0.7115 -0.0453 0.7013
vn 0.2121 -0.2926 -0.9324
vn 0.0226 -0.2440 -0.9695
vn -0.7115 0.0453 -0.7013
vn -0.7042 0.3637 0.6098
vn -0.9527 0.2470 -0.1771
vn -0.5412 -0.8403 0.0308
vn -0.5828 -0.8039 0.1185
vn -0.5305 -0.8477 0.0047
vn 0.1959 0.9754 0.1009
vn 0.0861 0.9954 0.0412
vn 0.0771 0.9963 0.0382
vn 0.0173 -0.9902 0.1383
vn -0.0771 -0.9963 -0.0382
vn 0.0292 -0.9923 0.1205
vn 0.3863 0.9193 0.0747
vn 0.3788 0.9206 0.0949
vn -0.4572 -0.7569 0.4669
vn -0.3464 -0.7778 0.5244
vn -0.3384 -0.7778 0.5296
vn 0.1524 0.8484 -0.5070
vn 0.3384 0.7778 -0.5296
vn 0.1567 0.8368 -0.5246
vn -0.5560 -0.7775 0.2940
vn -0.5648 -0.7651 0.3092
vn 0.0057 -0.9170 0.3989
vn 0.0485 -0.9494 0.3103
vn -0.0039 -0.9056 0.4241
vn 0.4572 0.7569 -0.4669
vn 0.5560 0.7775 -0.2940
vn 0.5648 0.7651 -0.3092
vn -0.1524 -0.8484 0.5070
vn -0.1567 -0.8368 0.5246
vn 0.5828 0.8039 -0.1185
vn 0.5412 0.8403 -0.0308
vn 0.5305 0.8477 -0.0047
vn -0.1959 -0.9754 -0.1009
vn -0.3863 -0.9193 -0.0747
vn -0.3788 -0.9206 -0.0949
vn -0.0173 0.9902 -0.1383
vn -0.0292 0.9923 -0.1205
vn -0.0861 -0.9954 -0.0412
vn 0.4488 0.7598 -0.4704
vn 0.0039 0.9056 -0.4241
vn -0.0351 0.9416 -0.3350
vn -0.0485 0.9494 -0.3103
vn 0.3380 -0.3655 -0.8673
vn 0.2081 -0.6969 -0.6863
vn -0.3744 -0.7049 0.6024
vn -0.2630 -0.9215 0.2858
vn 0.3744 0.7049 -0.6024
vn 0.2630 0.9215 -0.2858
vn -0.2081 0.6969 0.6863
vn -0.1290 0.8239 0.5519
vn 0.1900 0.9760 -0.1064
vn 0.3838 -0.1738 -0.9069
vn 0.4085 0.5511 -0.7276
vn -0.3380 0.3655 0.8673
vn -0.3838 0.1738 0.9069
vn -0.4085 -0.5511 0.7276
vn 0.1290 -0.8239 -0.5519
vn -0.1900 -0.9760 0.1064
vn -0.2081 0.6970 0.6862
vn -0.3381 0.3654 0.8673
vn 0.3646 0.7356 -0.5709
vn 0.2780 0.9041 -0.3245
vn -0.2780 -0.9041 0.3245
vn -0.3646 -0.7356 0.5709
vn 0.2081 -0.6970 -0.6862
vn 0.1298 -0.8229 -0.5532
vn -0.2245 -0.9559 0.1893
vn -0.3835 0.1756 0.9067
vn -0.3949 -0.6245 0.6738
vn 0.3381 -0.3654 -0.8673
vn 0.3835 -0.1756 -0.9067
vn 0.3949 0.6245 -0.6738
vn -0.1298 0.8229 0.5532
vn 0.2245 0.9559 -0.1893
vn -0.7348 0.3775 -0.5635
vn -0.7612 0.4347 -0.4812
vn -0.7243 0.3627 -0.5864
vn 0.7405 0.0063 0.6721
vn 0.7803 0.1121 0.6153
vn 0.7361 -0.0007 0.6769
vn -0.8727 -0.1834 -0.4526
vn -0.7803 -0.1121 -0.6153
vn -0.8627 -0.1974 -0.4655
vn 0.7224 -0.1999 0.6619
vn 0.7109 -0.1901 0.6772
vn -0.9243 0.3513 -0.1492
vn -0.9648 0.2469 -0.0904
vn -0.9206 0.3597 -0.1520
vn 0.9925 -0.0497 0.1117
vn 0.9648 -0.2469 0.0904
vn 0.9941 -0.0581 0.0920
vn -0.8423 0.4330 -0.3210
vn -0.8422 0.4456 -0.3036
vn -0.9767 -0.1151 -0.1809
vn -0.9493 -0.1698 -0.2646
vn -0.9398 -0.1871 -0.2861
vn 0.9206 -0.3597 0.1520
vn 0.8423 -0.4330 0.3210
vn 0.8422 -0.4456 0.3036
vn -0.9925 0.0497 -0.1117
vn -0.9941 0.0581 -0.0920
vn 0.7556 -0.4180 0.5044
vn 0.7243 -0.3627 0.5864
vn 0.7612 -0.4347 0.4812
vn -0.7361 0.0007 -0.6769
vn -0.7224 0.1999 -0.6619
vn -0.7109 0.1901 -0.6772
vn 0.8727 0.1834 0.4526
vn 0.8627 0.1974 0.4655
vn -0.7405 -0.0063 -0.6721
vn 0.9243 -0.3513 0.1492
vn 0.9767 0.1151 0.1809
vn 0.9493 0.1698 0.2646
vn 0.9398 0.1871 0.2861
vn -0.8217 0.3311 -0.4638
vn -0.8659 0.1281 -0.4835
vn -0.8216 0.3315 -0.4637
vn 0.8671 -0.1183 0.4839
vn 0.8729 0.0699 0.4828
vn 0.8729 0.0703 0.4828
vn 0.3051 0.9409 0.1472
vn 0.4629 0.8542 0.2368
vn 0.8479 0.2557 0.4645
vn -0.0398 0.9982 -0.0455
vn -0.2138 0.9666 -0.1414
vn -0.7418 0.5197 -0.4238
vn 0.8345 -0.2878 0.4699
vn 0.8659 -0.1282 0.4835
vn -0.8743 -0.0290 -0.4845
vn -0.8681 0.1089 -0.4843
vn -0.8743 -0.0293 -0.4845
vn -0.3052 -0.9408 -0.1473
vn -0.4615 -0.8551 -0.2360
vn -0.8639 -0.1658 -0.4755
vn 0.2123 -0.9671 0.1405
vn 0.0400 -0.9982 0.0456
vn 0.7812 -0.4390 0.4438
vn 0.7751 -0.0552 -0.6294
vn 0.7499 -0.0254 -0.6610
vn 0.7514 0.0008 -0.6599
vn -0.4705 0.3567 0.8071
vn -0.3619 0.3373 0.8691
vn -0.3530 0.3371 0.8728
vn -0.6307 0.2653 0.7292
vn -0.6275 0.2860 0.7242
vn 0.5601 0.2985 -0.7728
vn 0.4512 0.3154 -0.8349
vn 0.4427 0.3180 -0.8384
vn 0.6889 0.1601 -0.7069
vn 0.6912 0.1803 -0.6998
vn 0.1724 0.0616 -0.9831
vn 0.1298 0.0339 -0.9910
vn 0.1777 0.0907 -0.9799
vn 0.2900 0.2264 -0.9299
vn 0.2879 0.2473 -0.9252
vn -0.7714 0.0656 0.6330
vn -0.7424 0.0973 0.6629
vn -0.7363 0.1270 0.6646
vn -0.2318 0.1991 0.9522
vn -0.2241 0.2190 0.9496
vn -0.1640 0.0101 0.9864
vn -0.1266 -0.0234 0.9917
vn -0.1615 0.0368 0.9862
vn -1.0000 -0.0000 -0.0000
vn 1.0000 -0.0000 -0.0000
vn 0.4360 0.1163 -0.8924
vn 0.3834 -0.2793 -0.8803
vn -0.2127 -0.9542 0.2103
vn -0.0457 -0.9875 -0.1511
vn 0.0457 0.9875 0.1511
vn 0.2127 0.9542 -0.2103
vn -0.3834 0.2793 0.8803
vn -0.3331 0.4646 0.8205
vn -0.0425 0.9442 0.3267
vn 0.4364 0.3115 -0.8441
vn 0.2852 0.8790 -0.3822
vn -0.4360 -0.1163 0.8924
vn -0.4364 -0.3115 0.8441
vn -0.2852 -0.8790 0.3822
vn 0.3331 -0.4646 -0.8205
vn 0.0425 -0.9442 -0.3267
vn -0.3834 0.2795 0.8803
vn -0.4360 -0.1165 0.8924
vn 0.1952 0.9658 -0.1704
vn 0.0653 0.9917 0.1108
vn -0.0653 -0.9917 -0.1108
vn -0.1952 -0.9658 0.1704
vn 0.3834 -0.2795 -0.8803
vn 0.3336 -0.4630 -0.8212
vn 0.0022 -0.9688 -0.2477
vn -0.4364 -0.3098 0.8447
vn -0.2533 -0.9180 0.3052
vn 0.4361 0.1165 -0.8924
vn 0.4364 0.3098 -0.8447
vn 0.2533 0.9180 -0.3052
vn -0.3336 0.4630 0.8212
vn -0.0022 0.9688 0.2477
vn -0.7745 0.4231 -0.4703
vn -0.8199 0.4304 -0.3774
vn -0.8300 0.4341 -0.3503
vn 0.7012 -0.1311 0.7008
vn 0.7164 -0.0055 0.6977
vn 0.6985 -0.1402 0.7018
vn -0.7934 -0.1455 -0.5911
vn -0.7164 0.0055 -0.6977
vn -0.7801 -0.1503 -0.6073
vn 0.7325 -0.3121 0.6050
vn 0.7186 -0.3123 0.6214
vn -0.9770 0.1859 -0.1041
vn -0.9933 0.0606 -0.0987
vn -0.9753 0.1953 -0.1028
vn 0.9732 0.1097 0.2021
vn 0.9933 -0.0606 0.0987
vn 0.9772 0.1111 0.1810
vn -0.9123 0.3479 -0.2160
vn -0.9156 0.3515 -0.1951
vn -0.9173 -0.2223 -0.3303
vn -0.8757 -0.2292 -0.4249
vn -0.8619 -0.2333 -0.4503
vn 0.9753 -0.1953 0.1028
vn 0.9123 -0.3479 0.2160
vn 0.9156 -0.3515 0.1951
vn -0.9732 -0.1097 -0.2021
vn -0.9772 -0.1111 -0.1810
vn 0.8199 -0.4304 0.3774
vn 0.7745 -0.4231 0.4703
vn 0.8300 -0.4341 0.3503
vn -0.6985 0.1402 -0.7018
vn -0.7325 0.3121 -0.6050
vn -0.7186 0.3123 -0.6214
vn 0.7934 0.1455 0.5911
vn 0.7801 0.1503 0.6073
vn -0.7012 0.1311 -0.7008
vn 0.9770 -0.1859 0.1041
vn 0.9173 0.2223 0.3303
vn 0.8619 0.2333 0.4503
vn 0.9069 0.2230 0.3575
vn 0.2613 -0.0487 -0.9640
vn 0.6172 -0.0666 -0.7840
vn 0.7839 -0.0321 0.6200
vn 0.9630 -0.0556 0.2637
vn -0.9630 0.0556 -0.2637
vn -0.7839 0.0321 -0.6200
vn -0.6172 0.0666 0.7840
vn -0.7616 0.0717 0.6441
vn -0.7616 0.0716 0.6441
vn -0.9958 0.0643 -0.0654
vn 0.0633 -0.0366 -0.9973
vn -0.6445 0.0182 -0.7644
vn -0.2613 0.0487 0.9640
vn -0.0633 0.0366 0.9973
vn 0.6445 -0.0182 0.7644
vn 0.7616 -0.0717 -0.6441
vn 0.9958 -0.0643 0.0654
vn -0.6174 0.0666 0.7839
vn -0.2611 0.0487 0.9641
vn -0.8109 0.0351 -0.5841
vn -0.9503 0.0534 -0.3068
vn 0.9503 -0.0534 0.3068
vn 0.8109 -0.0351 0.5841
vn 0.6174 -0.0666 -0.7839
vn 0.7604 -0.0716 -0.6455
vn 0.9858 -0.0606 0.1568
vn -0.0652 0.0367 0.9972
vn 0.7118 -0.0247 0.7020
vn 0.2611 -0.0487 -0.9641
vn 0.0652 -0.0367 -0.9972
vn -0.7118 0.0247 -0.7020
vn -0.7604 0.0716 0.6455
vn -0.9858 0.0606 -0.1568
vn -0.3281 -0.9277 -0.1781
vn -0.3734 -0.9238 -0.0849
vn -0.3876 -0.9199 -0.0598
vn -0.0330 0.9564 0.2901
vn -0.1465 0.9611 0.2342
vn -0.0253 0.9550 0.2955
vn 0.2391 -0.9693 -0.0570
vn 0.1465 -0.9611 -0.2342
vn 0.2510 -0.9651 -0.0744
vn 0.1725 0.9486 0.2652
vn 0.1652 0.9442 0.2849
vn -0.2627 -0.9176 0.2982
vn -0.1504 -0.9221 0.3564
vn -0.2716 -0.9161 0.2951
vn -0.0464 0.9440 -0.3266
vn 0.1504 0.9221 -0.3564
vn -0.0398 0.9374 -0.3460
vn -0.3653 -0.9233 0.1183
vn -0.3764 -0.9165 0.1354
vn 0.2030 -0.9496 0.2390
vn 0.2480 -0.9577 0.1459
vn 0.2624 -0.9574 0.1206
vn 0.2716 0.9161 -0.2951
vn 0.3653 0.9233 -0.1183
vn 0.3764 0.9165 -0.1354
vn 0.0464 -0.9440 0.3266
vn 0.0398 -0.9374 0.3460
vn 0.3734 0.9238 0.0849
vn 0.3281 0.9277 0.1781
vn 0.3876 0.9199 0.0598
vn 0.0253 -0.9550 -0.2955
vn -0.1725 -0.9486 -0.2652
vn -0.1652 -0.9442 -0.2849
vn -0.2391 0.9693 0.0569
vn -0.2510 0.9651 0.0744
vn 0.0330 -0.9564 -0.2901
vn 0.1583 0.9229 -0.3510
vn -0.2030 0.9496 -0.2390
vn -0.2480 0.9577 -0.1459
vn -0.2624 0.9574 -0.1206
vn 0.9909 -0.0000 -0.1349
vn -0.9909 -0.0000 0.1349
vn 0.4900 -0.8692 -0.0667
vn 0.5319 -0.8437 -0.0724
vn 0.5319 0.8437 -0.0724
vn 0.4900 0.8692 -0.0667
vn -0.1349 -0.0000 -0.9909
vn -0.1246 -0.3827 -0.9154
vn -0.0954 -0.7071 -0.7006
vn -0.0516 -0.9239 -0.3792
vn 0.0516 -0.9239 0.3792
vn 0.0954 -0.7071 0.7006
vn 0.1246 -0.3827 0.9154
vn 0.1349 -0.0000 0.9909
vn 0.1246 0.3827 0.9154
vn 0.0954 0.7071 0.7006
vn 0.0516 0.9239 0.3792
vn -0.0516 0.9239 -0.3792
vn -0.0954 0.7071 -0.7006
vn -0.1246 0.3827 -0.9154
vn -0.8021 0.5042 0.3200
vn -0.7782 0.3859 0.4954
vn 0.7623 -0.2088 -0.6126
vn 0.7782 -0.3859 -0.4954
vn 0.8823 0.3859 0.2693
vn 0.8585 0.5042 0.0939
vn -0.7623 -0.2088 0.6126
vn -0.7783 -0.3859 0.4954
vn -0.9039 -0.0000 -0.4277
vn -0.8983 0.2088 -0.3866
vn 0.8823 -0.3859 0.2693
vn 0.8983 -0.2088 0.3866
vn 0.7623 0.2088 -0.6126
vn 0.7567 -0.0000 -0.6538
vn -0.8585 -0.5042 -0.0939
vn -0.8824 -0.3859 -0.2693
vn -0.8303 0.5457 0.1130
vn 0.8021 -0.5042 -0.3200
vn 0.8303 0.5458 -0.1130
vn -0.7567 -0.0000 0.6538
vn 0.9039 -0.0000 0.4277
vn -0.8303 -0.5457 0.1130
vn -0.8585 0.5042 -0.0939
vn 0.8303 -0.5458 -0.1130
vn 0.8021 0.5042 -0.3200
vn -0.7623 0.2088 0.6126
vn 0.8983 0.2089 0.3866
vn -0.8021 -0.5042 0.3200
vn -0.8823 0.3859 -0.2693
vn -0.8983 -0.2088 -0.3866
vn 0.8585 -0.5042 0.0939
vn 0.7782 0.3859 -0.4954
vn -0.7782 -0.3859 0.4954
vn 0.8303 0.5457 -0.1130
vn 0.8303 -0.5457 -0.1130
vn -0.8303 -0.5458 0.1130
vn -0.8303 0.5458 0.1130
vn 0.8983 0.2088 0.3866
vn 0.0234 -0.0000 0.9997
vn -0.0957 -0.0000 0.9954
vn -0.0458 -0.0000 0.9989
vn 0.2691 -0.0000 0.9631
vn 0.3116 -0.0000 0.9502
vn -0.0234 -0.0000 -0.9997
vn 0.0458 -0.0000 -0.9989
vn 0.0957 -0.0000 -0.9954
vn -0.2691 -0.0000 -0.9631
vn -0.3116 -0.0000 -0.9502
vn 0.0159 -0.9208 -0.3896
vn -0.0085 -0.9221 -0.3868
vn -0.0095 -0.9221 -0.3867
vn -0.1216 0.9207 -0.3709
vn -0.1058 0.9216 -0.3734
vn -0.1031 0.9218 -0.3738
vn -0.0519 -0.9230 -0.3813
vn -0.1031 -0.9218 -0.3738
vn -0.1058 -0.9216 -0.3734
vn -0.1216 -0.9207 -0.3709
vn -0.0519 0.9230 -0.3813
vn 0.0201 0.9206 -0.3901
vn 0.0377 0.9192 -0.3919
vn 0.0159 0.9208 -0.3896
vn -0.0095 0.9221 -0.3867
vn -0.0085 0.9221 -0.3868
vn 0.0377 -0.9192 -0.3919
vn 0.0201 -0.9206 -0.3901
vn -0.0159 0.7027 0.7113
vn -0.1341 0.6883 0.7129
vn -0.0847 0.6955 0.7135
vn 0.2299 0.7005 0.6756
vn 0.2728 0.6955 0.6648
vn 0.0159 -0.7027 -0.7113
vn 0.0847 -0.6955 -0.7135
vn 0.1341 -0.6883 -0.7129
vn -0.2299 -0.7005 -0.6756
vn -0.2728 -0.6955 -0.6648
vn 0.1189 -0.9226 0.3670
vn 0.0946 -0.9239 0.3708
vn 0.0936 -0.9239 0.3709
vn -0.1943 0.3796 -0.9045
vn -0.1785 0.3800 -0.9076
vn -0.1758 0.3800 -0.9081
vn 0.0513 -0.9248 0.3771
vn -0.0000 -0.9235 0.3835
vn -0.0027 -0.9234 0.3838
vn -0.0187 -0.9225 0.3856
vn -0.1247 0.3805 -0.9163
vn -0.0526 0.3795 -0.9237
vn -0.0349 0.3790 -0.9247
vn -0.0568 0.3796 -0.9234
vn -0.0823 0.3802 -0.9212
vn -0.0813 0.3802 -0.9213
vn 0.1405 -0.9210 0.3633
vn 0.1230 -0.9223 0.3663
vn -0.1107 0.9937 0.0151
vn -0.2270 0.9734 0.0309
vn -0.1785 0.9836 0.0243
vn 0.1355 0.9906 -0.0184
vn 0.1790 0.9836 -0.0244
vn 0.1107 -0.9937 -0.0151
vn 0.1785 -0.9836 -0.0243
vn 0.2270 -0.9734 -0.0309
vn -0.1355 -0.9906 0.0184
vn -0.1790 -0.9836 0.0244
vn 0.1919 -0.3839 0.9032
vn 0.1677 -0.3845 0.9078
vn 0.1667 -0.3845 0.9080
vn -0.1940 -0.3839 -0.9028
vn -0.1783 -0.3843 -0.9058
vn -0.1756 -0.3843 -0.9064
vn 0.1245 -0.3848 0.9145
vn 0.0731 -0.3843 0.9203
vn 0.0703 -0.3843 0.9205
vn 0.0543 -0.3839 0.9218
vn -0.1245 -0.3848 -0.9145
vn -0.0523 -0.3838 -0.9219
vn -0.0346 -0.3833 -0.9230
vn -0.0565 -0.3839 -0.9216
vn -0.0820 -0.3845 -0.9195
vn -0.0811 -0.3845 -0.9196
vn 0.2134 -0.3833 0.8987
vn 0.1960 -0.3838 0.9024
vn -0.2055 0.7027 -0.6812
vn -0.2724 0.6955 -0.6649
vn -0.3198 0.6883 -0.6511
vn 0.0410 0.7005 -0.7125
vn 0.0852 0.6955 -0.7135
vn 0.2055 -0.7027 0.6812
vn 0.2724 -0.6955 0.6649
vn 0.3198 -0.6883 0.6511
vn -0.0410 -0.7005 0.7125
vn -0.0852 -0.6955 0.7135
vn 0.1921 0.3796 0.9050
vn 0.1679 0.3802 0.9095
vn 0.1670 0.3802 0.9097
vn -0.1211 -0.9225 -0.3666
vn -0.1052 -0.9234 -0.3691
vn -0.1025 -0.9235 -0.3696
vn 0.1247 0.3805 0.9163
vn 0.0734 0.3800 0.9221
vn 0.0706 0.3800 0.9223
vn 0.0546 0.3796 0.9235
vn -0.0513 -0.9248 -0.3771
vn 0.0207 -0.9223 -0.3858
vn 0.0383 -0.9210 -0.3877
vn 0.0165 -0.9226 -0.3854
vn -0.0089 -0.9239 -0.3825
vn -0.0080 -0.9239 -0.3826
vn 0.2136 0.3790 0.9004
vn 0.1963 0.3795 0.9041
vn -0.2447 -0.0000 -0.9696
vn -0.3112 -0.0000 -0.9503
vn -0.3583 -0.0000 -0.9336
vn 0.0018 -0.0000 -1.0000
vn 0.0463 -0.0000 -0.9989
vn 0.2447 -0.0000 0.9696
vn 0.3112 -0.0000 0.9503
vn 0.3583 -0.0000 0.9336
vn -0.0018 -0.0000 1.0000
vn -0.0463 -0.0000 0.9989
vn 0.1195 0.9208 0.3712
vn 0.0952 0.9221 0.3751
vn 0.0942 0.9221 0.3752
vn -0.0181 -0.9207 0.3899
vn -0.0022 -0.9216 0.3881
vn 0.0006 -0.9218 0.3878
vn 0.0519 0.9230 0.3813
vn 0.0006 0.9218 0.3878
vn -0.0022 0.9216 0.3881
vn -0.0181 0.9207 0.3899
vn 0.0519 -0.9230 0.3813
vn 0.1236 -0.9206 0.3705
vn 0.1411 -0.9192 0.3676
vn 0.1195 -0.9208 0.3712
vn 0.0942 -0.9221 0.3752
vn 0.0952 -0.9221 0.3751
vn 0.1411 0.9192 0.3676
vn 0.1236 0.9206 0.3705
vn -0.2055 -0.7027 -0.6812
vn -0.3198 -0.6883 -0.6511
vn -0.2724 -0.6955 -0.6649
vn 0.0410 -0.7005 -0.7125
vn 0.0852 -0.6955 -0.7135
vn 0.2055 0.7027 0.6812
vn 0.2724 0.6955 0.6649
vn 0.3198 0.6883 0.6511
vn -0.0410 0.7005 0.7125
vn -0.0852 0.6955 0.7135
vn 0.0165 0.9226 -0.3854
vn -0.0080 0.9239 -0.3826
vn -0.0089 0.9239 -0.3825
vn 0.0546 -0.3796 0.9235
vn 0.0706 -0.3800 0.9223
vn 0.0734 -0.3800 0.9221
vn -0.0513 0.9248 -0.3771
vn -0.1025 0.9235 -0.3696
vn -0.1052 0.9234 -0.3691
vn -0.1211 0.9225 -0.3666
vn 0.1247 -0.3805 0.9163
vn 0.1963 -0.3795 0.9041
vn 0.2136 -0.3790 0.9004
vn 0.1921 -0.3796 0.9050
vn 0.1670 -0.3802 0.9097
vn 0.1679 -0.3802 0.9095
vn 0.0382 0.9210 -0.3877
vn 0.0207 0.9223 -0.3858
vn -0.1107 -0.9937 0.0151
vn -0.1785 -0.9836 0.0243
vn -0.2270 -0.9734 0.0309
vn 0.1355 -0.9906 -0.0184
vn 0.1790 -0.9836 -0.0244
vn 0.1107 0.9937 -0.0151
vn 0.1785 0.9836 -0.0243
vn 0.2270 0.9734 -0.0309
vn -0.1355 0.9906 0.0184
vn -0.1790 0.9836 0.0244
vn -0.0565 0.3839 -0.9216
vn -0.0811 0.3845 -0.9196
vn -0.0820 0.3845 -0.9195
vn 0.0543 0.3839 0.9218
vn 0.0703 0.3843 0.9205
vn 0.0731 0.3843 0.9203
vn -0.1245 0.3848 -0.9145
vn -0.1756 0.3843 -0.9064
vn -0.1783 0.3843 -0.9058
vn -0.1940 0.3839 -0.9028
vn 0.1245 0.3848 0.9145
vn 0.1960 0.3838 0.9024
vn 0.2134 0.3833 0.8987
vn 0.1919 0.3839 0.9032
vn 0.1667 0.3845 0.9079
vn 0.1677 0.3845 0.9078
vn -0.0346 0.3833 -0.9230
vn -0.0523 0.3838 -0.9219
vn -0.0159 -0.7027 0.7113
vn -0.0847 -0.6955 0.7135
vn -0.1341 -0.6883 0.7129
vn 0.2299 -0.7005 0.6756
vn 0.2728 -0.6955 0.6648
vn 0.0159 0.7027 -0.7113
vn 0.0847 0.6955 -0.7135
vn 0.1341 0.6883 -0.7129
vn -0.2299 0.7005 -0.6756
vn -0.2728 0.6955 -0.6648
vn -0.0568 -0.3796 -0.9234
vn -0.0813 -0.3802 -0.9213
vn -0.0823 -0.3802 -0.9212
vn -0.0187 0.9225 0.3856
vn -0.0027 0.9234 0.3838
vn -0.0000 0.9235 0.3835
vn -0.1247 -0.3805 -0.9163
vn -0.1758 -0.3800 -0.9081
vn -0.1785 -0.3800 -0.9076
vn -0.1943 -0.3796 -0.9045
vn 0.0513 0.9248 0.3771
vn 0.1230 0.9223 0.3663
vn 0.1405 0.9210 0.3633
vn 0.1189 0.9226 0.3670
vn 0.0936 0.9239 0.3709
vn 0.0946 0.9239 0.3708
vn -0.0349 -0.3790 -0.9247
vn -0.0526 -0.3795 -0.9237
vn -0.4900 -0.8692 0.0667
vn -0.5319 -0.8437 0.0724
vn -0.5319 0.8437 0.0724
vn -0.4900 0.8692 0.0667
vn -0.2208 0.4316 0.8746
vn 0.0909 0.3548 0.9305
vn 0.1321 0.2929 0.9470
vn -0.0927 -0.7262 -0.6812
vn -0.0539 -0.9167 -0.3960
vn -0.0979 -0.6881 -0.7190
vn -0.0258 0.9309 0.3643
vn -0.4988 0.7264 0.4728
vn -0.6071 0.6549 0.4501
vn -0.0492 -0.9311 -0.3614
vn -0.0009 -1.0000 -0.0067
vn 0.0007 1.0000 0.0097
vn 0.0309 0.9516 0.3056
vn 0.0010 -1.0000 0.0072
vn -0.0473 0.9366 -0.3472
vn -0.0026 0.9998 -0.0193
vn 0.0960 -0.7023 0.7054
vn -0.0857 0.7720 -0.6298
vn -0.0472 0.9367 -0.3470
vn 0.1235 -0.4014 0.9075
vn 0.0947 -0.7122 0.6955
vn -0.0895 0.7508 -0.6544
vn -0.1215 0.4702 -0.8742
vn 0.1409 -0.0502 0.9887
vn 0.1262 -0.3669 0.9217
vn -0.1348 -0.0359 -0.9902
vn -0.1263 -0.3504 -0.9281
vn -0.1349 0.0519 -0.9895
vn -0.1263 0.3942 -0.9103
vn 0.1420 -0.0006 0.9899
vn -0.1226 -0.4165 -0.9008
vn 0.1611 0.3548 0.9209
vn 0.4465 0.4316 0.7838
vn 0.1258 0.2929 0.9478
vn 0.6070 0.7264 0.3223
vn 0.1223 0.9309 0.3442
vn 0.7053 0.6549 0.2715
vn 0.0519 0.9516 0.3028
vn 0.0019 1.0000 0.0095
vn -0.0887 0.7508 -0.6545
vn 0.1236 -0.4014 0.9075
vn -0.1166 0.4702 -0.8748
vn -0.1216 0.3942 -0.9109
vn 0.1248 -0.3669 0.9219
vn 0.1285 -0.0502 0.9904
vn -0.1349 -0.0359 -0.9902
vn -0.1264 -0.3504 -0.9280
vn -0.1345 0.0519 -0.9896
vn 0.1278 -0.0006 0.9918
vn 0.0516 0.9239 0.3791
vn 0.0515 0.9239 0.3791
vn -0.0006 1.0000 0.0001
vn -0.0517 0.9239 -0.3791
vn -0.0516 0.9239 -0.3791
vn -0.0504 -0.9244 -0.3782
vn 0.0042 -1.0000 -0.0006
vn -0.0514 -0.9246 -0.3775
vn 0.0526 -0.9244 0.3779
vn 0.0064 -1.0000 -0.0009
vn 0.0514 -0.9246 0.3775
vn -0.8021 0.5042 0.3199
vn -0.7783 0.3859 0.4954
vn 0.8824 0.3859 0.2693
vn -0.8983 0.2088 -0.3865
vn 0.8824 -0.3859 0.2693
vn 0.8983 -0.2089 0.3866
vn -0.8350 0.5384 0.1137
vn -0.8025 0.5038 0.3196
vn -0.8587 0.5038 -0.0935
vn -0.8585 0.5042 -0.0938
vn -0.8824 0.3859 -0.2693
vn -0.8983 -0.2088 -0.3865
vn 0.0467 0.9382 0.3429
vn 0.1649 0.9861 -0.0225
vn 0.0712 0.9350 0.3475
vn -0.0243 0.9350 -0.3539
vn 0.2088 0.9775 -0.0284
vn -0.0467 0.9382 -0.3429
vn -0.0449 -0.9429 -0.3300
vn -0.0774 -0.9357 -0.3442
vn -0.1091 -0.9939 0.0149
vn 0.0174 -0.9357 0.3524
vn 0.0449 -0.9429 0.3300
vn 0.8562 0.5108 0.0779
vn 0.8555 0.5128 0.0716
vn -0.8823 -0.3859 -0.2693
vn -0.8983 -0.2089 -0.3866
vn -0.8019 0.5049 0.3193
vn -0.8983 0.2089 -0.3866
vn 0.8274 0.5502 -0.1126
vn 0.8281 0.5492 -0.1127
vn -0.8262 0.5521 0.1125
vn -0.8022 0.5045 0.3193
vn -0.7623 -0.2089 0.6126
vn 0.8053 0.5128 -0.2977
vn 0.8042 0.5108 -0.3039
vn -0.8581 0.5049 -0.0933
vn -0.8256 0.5530 0.1124
vn 0.7623 -0.2089 -0.6126
vn -0.8584 0.5045 -0.0932
vn -0.0459 -0.0000 0.9989
vn 0.3117 -0.0000 0.9502
vn 0.0513 -0.9248 0.3770
vn 0.1405 -0.9210 0.3634
vn -0.1062 0.9942 0.0145
vn 0.0001 1.0000 -0.0000
vn 0.1311 0.9912 -0.0178
vn 0.1067 -0.9942 -0.0145
vn -0.0001 -1.0000 -0.0000
vn -0.1316 -0.9911 0.0179
vn 0.1662 -0.3845 0.9080
vn 0.1651 -0.3846 0.9082
vn -0.1769 -0.3843 -0.9061
vn -0.1740 -0.3845 -0.9066
vn 0.1244 -0.3862 0.9140
vn 0.0747 -0.3845 0.9201
vn 0.1244 -0.3864 0.9139
vn 0.0718 -0.3843 0.9204
vn -0.1245 -0.3862 -0.9140
vn -0.1244 -0.3864 -0.9139
vn -0.0837 -0.3846 -0.9193
vn -0.0825 -0.3845 -0.9194
vn -0.0513 -0.9248 -0.3770
vn 0.0383 0.9210 -0.3877
vn -0.1245 0.3848 -0.9146
vn -0.1755 0.3843 -0.9064
vn -0.0568 -0.3797 -0.9234
vn 0.0513 0.9248 0.3770
vn -0.0785 0.5122 0.8553
vn 0.1971 0.3493 0.9160
vn 0.2183 0.2787 0.9353
vn -0.3067 -0.6934 -0.6520
vn -0.3240 -0.8752 -0.3592
vn -0.3006 -0.6570 -0.6914
vn 0.0764 0.9404 0.3313
vn -0.2771 0.8309 0.4826
vn -0.3697 0.8043 0.4652
vn -0.3236 -0.8890 -0.3241
vn -0.2956 -0.9547 0.0334
vn 0.0601 0.9981 -0.0103
vn 0.1148 0.9546 0.2750
vn -0.2937 -0.9547 0.0473
vn -0.2206 -0.8821 0.4162
vn 0.2192 0.9204 -0.3237
vn 0.0799 0.9965 -0.0250
vn -0.1152 -0.6800 0.7241
vn 0.1417 0.7372 -0.6606
vn 0.2419 0.9138 -0.3262
vn 0.0053 -0.3832 0.9236
vn -0.1109 -0.6705 0.7335
vn 0.1318 0.7171 -0.6844
vn 0.0172 0.4496 -0.8931
vn 0.1259 -0.0498 0.9908
vn 0.0181 -0.3505 0.9364
vn -0.1453 -0.0343 -0.9888
vn -0.2295 -0.3346 -0.9140
vn -0.1196 0.0496 -0.9916
vn -0.0101 0.3771 -0.9261
vn 0.1415 -0.0027 0.9899
vn -0.2454 -0.3976 -0.8841
vn 0.7053 0.6549 0.2714
vn 0.9909 -0.0000 0.1349
vn -0.9909 -0.0000 -0.1349
vn 0.4900 -0.8692 0.0667
vn 0.5319 -0.8437 0.0724
vn 0.5319 0.8437 0.0724
vn 0.4900 0.8692 0.0667
vn -0.1246 -0.3827 0.9154
vn -0.1349 -0.0000 0.9909
vn -0.0954 -0.7071 0.7006
vn -0.0516 -0.9239 0.3792
vn 0.0516 -0.9239 -0.3792
vn 0.0954 -0.7071 -0.7006
vn 0.1246 -0.3827 -0.9154
vn 0.1349 -0.0000 -0.9909
vn 0.1246 0.3827 -0.9154
vn 0.0954 0.7071 -0.7006
vn 0.0516 0.9239 -0.3792
vn -0.0516 0.9239 0.3792
vn -0.0954 0.7071 0.7006
vn -0.1246 0.3827 0.9154
vn -0.8021 0.5042 -0.3200
vn -0.7783 0.3859 -0.4954
vn 0.7623 -0.2088 0.6126
vn 0.7782 -0.3859 0.4954
vn 0.8823 0.3859 -0.2693
vn 0.8585 0.5042 -0.0939
vn -0.7623 -0.2088 -0.6126
vn -0.7783 -0.3859 -0.4954
vn -0.9039 -0.0000 0.4277
vn -0.8983 0.2088 0.3866
vn 0.8983 -0.2088 -0.3866
vn 0.8823 -0.3859 -0.2693
vn 0.7567 -0.0000 0.6538
vn 0.7623 0.2088 0.6126
vn -0.8824 -0.3859 0.2693
vn -0.8585 -0.5042 0.0939
vn -0.8303 0.5457 -0.1130
vn 0.8021 -0.5042 0.3200
vn 0.8303 0.5458 0.1130
vn -0.7567 -0.0000 -0.6538
vn 0.9039 -0.0000 -0.4277
vn -0.8303 -0.5457 -0.1130
vn -0.8585 0.5042 0.0939
vn 0.8303 -0.5458 0.1130
vn 0.8021 0.5042 0.3200
vn -0.7623 0.2088 -0.6126
vn 0.8983 0.2089 -0.3866
vn -0.8021 -0.5042 -0.3200
vn -0.8823 0.3859 0.2693
vn -0.8983 -0.2088 0.3866
vn 0.8585 -0.5042 -0.0939
vn 0.7782 0.3859 0.4954
vn -0.7782 0.3859 -0.4954
vn -0.7782 -0.3859 -0.4954
vn 0.8303 0.5457 0.1130
vn 0.8303 -0.5457 0.1130
vn -0.8303 -0.5458 -0.1130
vn 0.8983 0.2088 -0.3866
vn -0.7623 0.2089 -0.6126
vn 0.0234 -0.0000 -0.9997
vn -0.0458 -0.0000 -0.9989
vn -0.0957 -0.0000 -0.9954
vn 0.2691 -0.0000 -0.9631
vn 0.3117 -0.0000 -0.9502
vn 0.3116 -0.0000 -0.9502
vn -0.0234 -0.0000 0.9997
vn 0.0957 -0.0000 0.9954
vn 0.0458 -0.0000 0.9989
vn -0.2691 -0.0000 0.9631
vn -0.3116 -0.0000 0.9502
vn 0.0159 -0.9208 0.3896
vn -0.0085 -0.9221 0.3868
vn 0.0201 -0.9206 0.3901
vn -0.1216 0.9207 0.3709
vn -0.1058 0.9216 0.3734
vn -0.1031 -0.9218 0.3738
vn -0.0519 -0.9230 0.3813
vn -0.1216 -0.9207 0.3709
vn -0.1058 -0.9216 0.3734
vn -0.1031 0.9218 0.3738
vn -0.0519 0.9230 0.3813
vn 0.0377 0.9192 0.3919
vn 0.0201 0.9206 0.3901
vn 0.0159 0.9208 0.3896
vn -0.0095 0.9221 0.3867
vn -0.0095 -0.9221 0.3867
vn -0.0085 0.9221 0.3868
vn 0.0377 -0.9192 0.3919
vn -0.0159 0.7027 -0.7113
vn -0.0847 0.6955 -0.7135
vn -0.1341 0.6883 -0.7129
vn 0.2299 0.7005 -0.6756
vn 0.2728 0.6955 -0.6648
vn 0.0159 -0.7027 0.7113
vn 0.1341 -0.6883 0.7129
vn 0.0847 -0.6955 0.7135
vn -0.2299 -0.7005 0.6756
vn -0.2728 -0.6955 0.6648
vn 0.1189 -0.9226 -0.3670
vn 0.0946 -0.9239 -0.3708
vn 0.1230 -0.9223 -0.3663
vn -0.1943 0.3796 0.9045
vn -0.1785 0.3800 0.9076
vn -0.0000 -0.9235 -0.3835
vn 0.0513 -0.9248 -0.3771
vn -0.0187 -0.9225 -0.3856
vn -0.0027 -0.9234 -0.3838
vn -0.1758 0.3800 0.9081
vn -0.1247 0.3805 0.9163
vn -0.0349 0.3790 0.9247
vn -0.0526 0.3795 0.9237
vn -0.0568 0.3796 0.9234
vn -0.0823 0.3802 0.9212
vn 0.0936 -0.9239 -0.3709
vn -0.0813 0.3802 0.9213
vn 0.1405 -0.9210 -0.3633
vn -0.1107 0.9937 -0.0151
vn -0.1785 0.9836 -0.0243
vn -0.2270 0.9734 -0.0309
vn 0.1355 0.9906 0.0184
vn 0.1790 0.9836 0.0244
vn 0.1107 -0.9937 0.0151
vn 0.1785 -0.9836 0.0243
vn 0.2270 -0.9734 0.0309
vn -0.1355 -0.9906 -0.0184
vn -0.1790 -0.9836 -0.0244
vn 0.1919 -0.3839 -0.9032
vn 0.1677 -0.3845 -0.9078
vn 0.1960 -0.3838 -0.9024
vn -0.1940 -0.3839 0.9028
vn -0.1783 -0.3843 0.9058
vn 0.0731 -0.3843 -0.9203
vn 0.1245 -0.3848 -0.9145
vn 0.0543 -0.3839 -0.9218
vn 0.0703 -0.3843 -0.9205
vn -0.1756 -0.3843 0.9064
vn -0.1245 -0.3848 0.9145
vn -0.0346 -0.3833 0.9230
vn -0.0523 -0.3838 0.9219
vn -0.0565 -0.3839 0.9216
vn -0.0820 -0.3845 0.9195
vn 0.1667 -0.3845 -0.9080
vn -0.0811 -0.3845 0.9196
vn 0.2134 -0.3833 -0.8987
vn -0.2055 0.7027 0.6812
vn -0.2724 0.6955 0.6649
vn -0.3198 0.6883 0.6511
vn 0.0410 0.7005 0.7125
vn 0.0852 0.6955 0.7135
vn 0.2055 -0.7027 -0.6812
vn 0.2724 -0.6955 -0.6649
vn 0.3198 -0.6883 -0.6511
vn -0.0410 -0.7005 -0.7125
vn -0.0852 -0.6955 -0.7135
vn 0.1921 0.3796 -0.9050
vn 0.1679 0.3802 -0.9095
vn 0.1963 0.3795 -0.9041
vn -0.1211 -0.9225 0.3666
vn -0.1052 -0.9234 0.3691
vn 0.0734 0.3800 -0.9221
vn 0.1247 0.3805 -0.9163
vn 0.0546 0.3796 -0.9235
vn 0.0706 0.3800 -0.9223
vn -0.1025 -0.9235 0.3696
vn -0.0513 -0.9248 0.3771
vn 0.0383 -0.9210 0.3877
vn 0.0207 -0.9223 0.3858
vn 0.0165 -0.9226 0.3854
vn -0.0089 -0.9239 0.3825
vn 0.1670 0.3802 -0.9097
vn -0.0080 -0.9239 0.3826
vn 0.2136 0.3790 -0.9004
vn -0.2447 -0.0000 0.9696
vn -0.3112 -0.0000 0.9503
vn -0.3583 -0.0000 0.9336
vn 0.0018 -0.0000 1.0000
vn 0.0463 -0.0000 0.9989
vn 0.2447 -0.0000 -0.9696
vn 0.3583 -0.0000 -0.9336
vn 0.3112 -0.0000 -0.9503
vn -0.0018 -0.0000 -1.0000
vn -0.0463 -0.0000 -0.9989
vn 0.1195 0.9208 -0.3712
vn 0.0952 0.9221 -0.3751
vn 0.1236 0.9206 -0.3705
vn -0.0181 -0.9207 -0.3899
vn -0.0022 -0.9216 -0.3881
vn 0.0006 0.9218 -0.3878
vn 0.0519 0.9230 -0.3813
vn -0.0181 0.9207 -0.3899
vn -0.0022 0.9216 -0.3881
vn 0.0006 -0.9218 -0.3878
vn 0.0519 -0.9230 -0.3813
vn 0.1411 -0.9192 -0.3676
vn 0.1236 -0.9206 -0.3705
vn 0.1195 -0.9208 -0.3712
vn 0.0942 -0.9221 -0.3752
vn 0.0942 0.9221 -0.3752
vn 0.0952 -0.9221 -0.3751
vn 0.1411 0.9192 -0.3676
vn -0.2055 -0.7027 0.6812
vn -0.2724 -0.6955 0.6649
vn -0.3198 -0.6883 0.6511
vn 0.0410 -0.7005 0.7125
vn 0.0852 -0.6955 0.7135
vn 0.2055 0.7027 -0.6812
vn 0.3198 0.6883 -0.6511
vn 0.2724 0.6955 -0.6649
vn -0.0410 0.7005 -0.7125
vn -0.0852 0.6955 -0.7135
vn 0.0165 0.9226 0.3854
vn -0.0080 0.9239 0.3826
vn 0.0207 0.9223 0.3858
vn 0.0546 -0.3796 -0.9235
vn 0.0706 -0.3800 -0.9223
vn -0.1025 0.9235 0.3696
vn -0.0513 0.9248 0.3771
vn -0.1211 0.9225 0.3666
vn -0.1052 0.9234 0.3691
vn 0.0734 -0.3800 -0.9221
vn 0.1247 -0.3805 -0.9163
vn 0.2136 -0.3790 -0.9004
vn 0.1963 -0.3795 -0.9041
vn 0.1921 -0.3796 -0.9050
vn 0.1670 -0.3802 -0.9097
vn -0.0089 0.9239 0.3825
vn 0.1679 -0.3802 -0.9095
vn 0.0382 0.9210 0.3877
vn -0.1107 -0.9937 -0.0151
vn -0.1785 -0.9836 -0.0243
vn -0.2270 -0.9734 -0.0309
vn 0.1355 -0.9906 0.0184
vn 0.1790 -0.9836 0.0244
vn 0.1107 0.9937 0.0151
vn 0.2270 0.9734 0.0309
vn 0.1785 0.9836 0.0243
vn -0.1355 0.9906 -0.0184
vn -0.1790 0.9836 -0.0244
vn -0.0565 0.3839 0.9216
vn -0.0811 0.3845 0.9196
vn -0.0523 0.3838 0.9219
vn 0.0543 0.3839 -0.9218
vn 0.0703 0.3843 -0.9205
vn -0.1756 0.3843 0.9064
vn -0.1245 0.3848 0.9145
vn -0.1940 0.3839 0.9028
vn -0.1783 0.3843 0.9058
vn 0.0731 0.3843 -0.9203
vn 0.1245 0.3848 -0.9145
vn 0.2134 0.3833 -0.8987
vn 0.1960 0.3838 -0.9024
vn 0.1919 0.3839 -0.9032
vn 0.1667 0.3845 -0.9079
vn -0.0820 0.3845 0.9195
vn 0.1677 0.3845 -0.9078
vn -0.0346 0.3833 0.9230
vn -0.0159 -0.7027 -0.7113
vn -0.0847 -0.6955 -0.7135
vn -0.1341 -0.6883 -0.7129
vn 0.2299 -0.7005 -0.6756
vn 0.2728 -0.6955 -0.6648
vn 0.0159 0.7027 0.7113
vn 0.1341 0.6883 0.7129
vn 0.0847 0.6955 0.7135
vn -0.2299 0.7005 0.6756
vn -0.2728 0.6955 0.6648
vn -0.0568 -0.3796 0.9234
vn -0.0813 -0.3802 0.9213
vn -0.0526 -0.3795 0.9237
vn -0.0187 0.9225 -0.3856
vn -0.0027 0.9234 -0.3838
vn -0.1758 -0.3800 0.9081
vn -0.1247 -0.3805 0.9163
vn -0.1943 -0.3796 0.9045
vn -0.1785 -0.3800 0.9076
vn -0.0000 0.9235 -0.3835
vn 0.0513 0.9248 -0.3771
vn 0.1405 0.9210 -0.3633
vn 0.1230 0.9223 -0.3663
vn 0.1189 0.9226 -0.3670
vn 0.0936 0.9239 -0.3709
vn -0.0823 -0.3802 0.9212
vn 0.0946 0.9239 -0.3708
vn -0.0349 -0.3790 0.9247
vn -0.4900 -0.8692 -0.0667
vn -0.5319 -0.8437 -0.0724
vn -0.5319 0.8437 -0.0724
vn -0.4900 0.8692 -0.0667
vn 0.0909 0.3548 -0.9305
vn -0.2208 0.4316 -0.8746
vn 0.1321 0.2929 -0.9470
vn -0.0927 -0.7262 0.6812
vn -0.0539 -0.9167 0.3960
vn -0.0492 -0.9311 0.3614
vn -0.4988 0.7264 -0.4728
vn -0.0258 0.9309 -0.3643
vn -0.6071 0.6549 -0.4501
vn -0.0009 -1.0000 0.0067
vn 0.0010 -1.0000 -0.0072
vn 0.0309 0.9516 -0.3056
vn 0.0007 1.0000 -0.0097
vn -0.0026 0.9998 0.0193
vn -0.0473 0.9366 0.3472
vn 0.0960 -0.7023 -0.7054
vn 0.0947 -0.7122 -0.6955
vn -0.0857 0.7720 0.6298
vn -0.0895 0.7508 0.6544
vn 0.1235 -0.4014 -0.9075
vn -0.1215 0.4702 0.8742
vn -0.1263 0.3942 0.9103
vn 0.1262 -0.3669 -0.9217
vn 0.1409 -0.0502 -0.9887
vn -0.1348 -0.0359 0.9902
vn -0.1263 -0.3504 0.9281
vn -0.1226 -0.4165 0.9008
vn -0.1349 0.0519 0.9895
vn 0.1420 -0.0006 -0.9899
vn -0.0979 -0.6881 0.7190
vn 0.4465 0.4316 -0.7838
vn 0.1611 0.3548 -0.9209
vn 0.1258 0.2929 -0.9478
vn 0.1223 0.9309 -0.3442
vn 0.6070 0.7264 -0.3223
vn 0.7053 0.6549 -0.2715
vn 0.0019 1.0000 -0.0095
vn 0.0519 0.9516 -0.3028
vn -0.0472 0.9367 0.3470
vn 0.1236 -0.4014 -0.9075
vn -0.0887 0.7508 0.6545
vn -0.1166 0.4702 0.8748
vn 0.1285 -0.0502 -0.9904
vn 0.1248 -0.3669 -0.9219
vn -0.1349 -0.0359 0.9902
vn -0.1264 -0.3504 0.9280
vn -0.1345 0.0519 0.9896
vn -0.1216 0.3942 0.9109
vn 0.1278 -0.0006 -0.9918
vn 0.0515 0.9239 -0.3791
vn -0.0006 1.0000 -0.0001
vn 0.0516 0.9239 -0.3791
vn -0.0517 0.9239 0.3791
vn -0.0007 1.0000 -0.0001
vn -0.0516 0.9239 0.3791
vn -0.0504 -0.9244 0.3782
vn -0.0514 -0.9246 0.3775
vn 0.0042 -1.0000 0.0006
vn 0.0526 -0.9244 -0.3779
vn 0.0514 -0.9246 -0.3775
vn -0.8021 0.5042 -0.3199
vn -0.8025 0.5038 -0.3196
vn 0.8824 0.3859 -0.2693
vn -0.8983 0.2088 0.3865
vn 0.8983 -0.2089 -0.3866
vn 0.8824 -0.3859 -0.2693
vn -0.8350 0.5384 -0.1137
vn -0.8357 0.5373 -0.1138
vn -0.8587 0.5038 0.0935
vn -0.8585 0.5042 0.0938
vn -0.8824 0.3859 0.2693
vn -0.8983 -0.2088 0.3865
vn 0.0467 0.9382 -0.3429
vn 0.0712 0.9350 -0.3475
vn 0.1649 0.9861 0.0225
vn -0.0243 0.9350 0.3539
vn -0.0467 0.9382 0.3429
vn -0.0449 -0.9429 0.3300
vn -0.1091 -0.9939 -0.0149
vn -0.0774 -0.9357 0.3442
vn 0.0174 -0.9357 -0.3524
vn -0.1658 -0.9859 -0.0226
vn 0.0449 -0.9429 -0.3300
vn 0.8562 0.5108 -0.0779
vn -0.8983 -0.2089 0.3866
vn -0.8823 -0.3859 0.2693
vn -0.8022 0.5045 -0.3193
vn 0.7623 0.2089 0.6126
vn -0.8983 0.2089 0.3866
vn 0.8274 0.5502 0.1126
vn 0.8555 0.5128 -0.0716
vn -0.8019 0.5049 -0.3193
vn -0.8262 0.5521 -0.1125
vn 0.8053 0.5128 0.2977
vn 0.8042 0.5108 0.3039
vn -0.8581 0.5049 0.0934
vn -0.8584 0.5045 0.0932
vn 0.7623 -0.2089 0.6126
vn -0.0459 -0.0000 -0.9989
vn -0.0085 -0.9221 0.3869
vn 0.0513 -0.9248 -0.3770
vn 0.1405 -0.9210 -0.3634
vn -0.1062 0.9942 -0.0145
vn 0.1311 0.9912 0.0178
vn 0.1067 -0.9942 0.0145
vn -0.1316 -0.9911 -0.0179
vn 0.1662 -0.3845 -0.9080
vn -0.1769 -0.3843 0.9061
vn 0.0747 -0.3845 -0.9201
vn 0.1244 -0.3862 -0.9140
vn 0.1244 -0.3864 -0.9139
vn 0.0718 -0.3843 -0.9204
vn -0.1740 -0.3845 0.9066
vn -0.1245 -0.3862 0.9140
vn -0.0837 -0.3846 0.9193
vn -0.1244 -0.3864 0.9139
vn 0.1651 -0.3846 -0.9082
vn -0.0825 -0.3845 0.9194
vn 0.2723 -0.6955 -0.6649
vn 0.0383 0.9210 0.3877
vn -0.1755 0.3843 0.9064
vn -0.1245 0.3848 0.9146
vn -0.0568 -0.3797 0.9234
vn 0.0513 0.9248 -0.3770
vn 0.1405 0.9210 -0.3634
vn 0.1971 0.3493 -0.9160
vn -0.0785 0.5122 -0.8553
vn 0.2183 0.2787 -0.9353
vn -0.3067 -0.6934 0.6520
vn -0.3240 -0.8752 0.3592
vn -0.3236 -0.8890 0.3241
vn -0.2771 0.8309 -0.4826
vn 0.0764 0.9404 -0.3313
vn -0.3697 0.8043 -0.4652
vn -0.2956 -0.9547 -0.0334
vn -0.2937 -0.9547 -0.0473
vn 0.1148 0.9546 -0.2750
vn 0.0601 0.9981 0.0103
vn -0.2206 -0.8821 -0.4163
vn -0.2206 -0.8821 -0.4162
vn 0.0799 0.9965 0.0250
vn 0.2192 0.9204 0.3237
vn -0.1109 -0.6705 -0.7335
vn -0.1152 -0.6800 -0.7241
vn 0.1417 0.7372 0.6606
vn 0.1318 0.7171 0.6844
vn 0.0053 -0.3832 -0.9236
vn 0.0172 0.4496 0.8931
vn -0.0101 0.3771 0.9261
vn 0.0181 -0.3505 -0.9364
vn 0.1259 -0.0498 -0.9908
vn -0.1453 -0.0343 0.9888
vn -0.2295 -0.3346 0.9140
vn -0.2454 -0.3976 0.8841
vn -0.1196 0.0496 0.9916
vn 0.1415 -0.0027 -0.9899
vn -0.3006 -0.6570 0.6914
vn 0.7053 0.6549 -0.2714
vn -0.0000 -0.9862 0.1654
vn 0.4975 -0.8616 0.1009
vn -0.0000 -0.9949 0.1009
vn 0.8541 -0.4931 0.1654
vn 0.8616 -0.4974 0.1009
vn 0.9949 -0.0000 0.1009
vn 0.9862 -0.0000 0.1654
vn 0.8616 0.4974 0.1009
vn 0.4931 0.8541 0.1654
vn 0.4974 0.8616 0.1009
vn -0.0000 0.9949 0.1009
vn -0.0000 0.9862 0.1654
vn -0.4974 0.8616 0.1009
vn -0.4931 0.8541 0.1654
vn -0.8616 0.4974 0.1009
vn -0.9862 -0.0000 0.1654
vn -0.9949 -0.0000 0.1009
vn -0.8616 -0.4975 0.1009
vn 0.8141 0.4700 0.3411
vn 0.4700 0.8141 0.3411
vn -0.8541 -0.4931 0.1654
vn -0.4974 -0.8616 0.1009
vn -0.4902 0.8490 -0.1975
vn -0.0000 0.9105 -0.4136
vn -0.4552 0.7885 -0.4136
vn 0.8541 0.4931 0.1654
vn 0.9400 -0.0000 0.3411
vn -0.4700 -0.8141 0.3411
vn -0.0000 -0.9400 0.3411
vn 0.4700 -0.8141 0.3411
vn 0.4931 -0.8541 0.1654
vn -0.4931 -0.8541 0.1654
vn -0.8141 -0.4700 0.3411
vn 0.8141 -0.4700 0.3411
vn -0.8541 0.4931 0.1654
vn -0.9400 -0.0000 0.3411
vn -0.4700 0.8141 0.3411
vn -0.8141 0.4700 0.3411
vn -0.0000 0.9400 0.3411
vn 0.4872 0.8438 0.2252
vn -0.0000 0.9743 0.2252
vn 0.8490 0.4901 -0.1975
vn 0.9105 -0.0000 -0.4136
vn 0.7885 0.4552 -0.4136
vn -0.8490 -0.4902 -0.1975
vn -0.4552 -0.7885 -0.4136
vn -0.4901 -0.8490 -0.1975
vn -0.8490 0.4901 -0.1975
vn -0.7885 0.4552 -0.4136
vn 0.4552 0.7885 -0.4136
vn 0.4902 0.8490 -0.1975
vn -0.0000 0.9803 0.1975
vn 0.4552 0.7885 0.4136
vn 0.4902 0.8490 0.1975
vn 0.4902 -0.8490 -0.1975
vn 0.7885 -0.4552 -0.4136
vn 0.8490 -0.4902 -0.1975
vn -0.9105 -0.0000 -0.4136
vn -0.9803 -0.0000 -0.1975
vn -0.0000 0.9803 -0.1975
vn 0.9803 -0.0000 -0.1975
vn -0.0000 -0.9743 0.2252
vn 0.4872 -0.8438 0.2252
vn -0.7885 -0.4552 -0.4136
vn -0.3103 0.1791 -0.9336
vn 0.8438 -0.4872 0.2252
vn 0.9743 -0.0000 0.2252
vn -0.9743 -0.0000 0.2252
vn -0.8438 -0.4872 0.2252
vn -0.4872 0.8438 0.2252
vn 0.8438 0.4872 0.2252
vn -0.4872 -0.8438 0.2252
vn -0.8438 0.4872 0.2252
vn -0.0000 -0.9105 -0.4136
vn -0.0000 -0.9803 -0.1975
vn -0.0000 0.3583 -0.9336
vn 0.1791 0.3103 -0.9336
vn 0.3103 -0.1791 -0.9336
vn -0.3103 -0.1791 -0.9336
vn -0.1791 0.3103 -0.9336
vn 0.3103 0.1791 -0.9336
vn -0.1791 -0.3103 -0.9336
vn 0.1791 -0.3103 -0.9336
vn -0.0000 -0.3583 -0.9336
vn -0.0000 0.9949 -0.1009
vn 0.4931 0.8541 -0.1654
vn 0.4975 0.8616 -0.1009
vn 0.8616 0.4975 -0.1009
vn 0.8541 0.4931 -0.1654
vn 0.9949 -0.0000 -0.1009
vn 0.9862 -0.0000 -0.1654
vn 0.8616 -0.4974 -0.1009
vn 0.8541 -0.4931 -0.1654
vn 0.4975 -0.8616 -0.1009
vn 0.4931 -0.8541 -0.1654
vn -0.0000 -0.9949 -0.1009
vn -0.0000 -0.9862 -0.1654
vn -0.4975 -0.8616 -0.1009
vn -0.4931 -0.8541 -0.1654
vn -0.8616 -0.4974 -0.1009
vn -0.8541 -0.4931 -0.1654
vn -0.9949 -0.0000 -0.1009
vn -0.8541 0.4931 -0.1654
vn -0.8616 0.4975 -0.1009
vn 0.8141 -0.4700 -0.3411
vn 0.4700 -0.8141 -0.3411
vn -0.4931 0.8541 -0.1654
vn -0.4974 0.8616 -0.1009
vn -0.0000 -0.9803 0.1975
vn -0.4552 -0.7885 0.4136
vn -0.4901 -0.8490 0.1975
vn 0.9400 -0.0000 -0.3411
vn -0.0000 0.9862 -0.1654
vn -0.4700 0.8141 -0.3411
vn -0.0000 0.9400 -0.3411
vn 0.4700 0.8141 -0.3411
vn 0.8141 0.4700 -0.3411
vn -0.9862 -0.0000 -0.1654
vn -0.8141 0.4700 -0.3411
vn -0.9400 -0.0000 -0.3411
vn -0.4700 -0.8141 -0.3411
vn -0.8141 -0.4700 -0.3411
vn -0.0000 -0.9400 -0.3411
vn -0.0000 -0.9743 -0.2252
vn 0.8490 -0.4901 0.1975
vn 0.9105 -0.0000 0.4136
vn 0.7885 -0.4552 0.4136
vn -0.8490 0.4902 0.1975
vn -0.4552 0.7885 0.4136
vn -0.4901 0.8490 0.1975
vn -0.8490 -0.4901 0.1975
vn -0.7885 -0.4552 0.4136
vn 0.4902 -0.8490 0.1975
vn 0.4552 -0.7885 0.4136
vn 0.4902 -0.1975 0.8490
vn -0.0000 -0.4136 0.9105
vn 0.4552 -0.4136 0.7885
vn 0.8490 0.4902 0.1975
vn 0.7885 0.4552 0.4136
vn -0.9803 -0.0000 0.1975
vn -0.9105 -0.0000 0.4136
vn -0.0000 -0.9105 0.4136
vn 0.9803 -0.0000 0.1975
vn 0.4872 0.8438 -0.2252
vn -0.7885 0.4552 0.4136
vn -0.3103 -0.1791 0.9336
vn 0.9743 -0.0000 -0.2252
vn -0.9743 -0.0000 -0.2252
vn -0.8438 0.4872 -0.2252
vn -0.4872 -0.8438 -0.2252
vn 0.8438 -0.4872 -0.2252
vn -0.4872 0.8438 -0.2252
vn 0.8438 0.4872 -0.2252
vn -0.8438 -0.4872 -0.2252
vn 0.4872 -0.8438 -0.2252
vn -0.0000 0.9743 -0.2252
vn -0.0000 0.9105 0.4136
vn -0.0000 -0.3583 0.9336
vn 0.1791 -0.3103 0.9336
vn 0.3103 0.1791 0.9336
vn -0.3103 0.1791 0.9336
vn -0.1791 -0.3103 0.9336
vn 0.3103 -0.1791 0.9336
vn -0.1791 0.3103 0.9336
vn 0.1791 0.3103 0.9336
vn -0.0000 0.3583 0.9336
vn -0.0000 0.1009 0.9949
vn 0.4931 0.1654 0.8541
vn 0.4975 0.1009 0.8616
vn 0.8616 0.1009 0.4974
vn 0.8541 0.1654 0.4931
vn 0.9949 0.1009 -0.0000
vn 0.9862 0.1654 -0.0000
vn 0.8616 0.1009 -0.4974
vn 0.8541 0.1654 -0.4931
vn 0.4975 0.1009 -0.8616
vn 0.4931 0.1654 -0.8541
vn -0.0000 0.1009 -0.9949
vn -0.4931 0.1654 -0.8541
vn -0.4974 0.1009 -0.8616
vn -0.8616 0.1009 -0.4974
vn -0.9862 0.1654 -0.0000
vn -0.9949 0.1009 -0.0000
vn -0.8616 0.1009 0.4974
vn 0.8141 0.3411 -0.4700
vn 0.4700 0.3411 -0.8141
vn -0.8541 0.1654 0.4931
vn -0.4974 0.1009 0.8616
vn -0.0000 0.1654 0.9862
vn -0.4902 -0.1975 -0.8490
vn -0.0000 -0.4136 -0.9105
vn -0.4552 -0.4136 -0.7885
vn -0.4700 0.3411 0.8141
vn -0.0000 0.3411 0.9400
vn 0.4700 0.3411 0.8141
vn 0.9400 0.3411 -0.0000
vn -0.4931 0.1654 0.8541
vn -0.8141 0.3411 0.4700
vn 0.8141 0.3411 0.4700
vn -0.9400 0.3411 -0.0000
vn -0.8541 0.1654 -0.4931
vn -0.4700 0.3411 -0.8141
vn -0.8141 0.3411 -0.4700
vn -0.0000 0.3411 -0.9400
vn -0.0000 0.1654 -0.9862
vn -0.0000 0.2252 -0.9743
vn 0.8490 -0.1975 -0.4902
vn 0.9105 -0.4136 -0.0000
vn 0.7885 -0.4136 -0.4552
vn -0.8490 -0.1975 0.4901
vn -0.4552 -0.4136 0.7885
vn -0.4902 -0.1975 0.8490
vn -0.8490 -0.1975 -0.4901
vn -0.7885 -0.4136 -0.4552
vn 0.4901 -0.1975 -0.8490
vn 0.4552 -0.4136 -0.7885
vn -0.0000 0.1975 -0.9803
vn 0.4552 0.4136 -0.7885
vn 0.4902 0.1975 -0.8490
vn 0.7885 -0.4136 0.4552
vn 0.8490 -0.1975 0.4902
vn -0.9803 -0.1975 -0.0000
vn -0.9105 -0.4136 -0.0000
vn -0.0000 -0.1975 -0.9803
vn 0.9803 -0.1975 -0.0000
vn 0.4872 0.2252 0.8438
vn -0.7885 -0.4136 0.4552
vn -0.3583 -0.9336 -0.0000
vn -0.3103 -0.9336 -0.1791
vn 0.8438 0.2252 0.4872
vn 0.9743 0.2252 -0.0000
vn -0.9743 0.2252 -0.0000
vn -0.8438 0.2252 0.4872
vn -0.4872 0.2252 -0.8438
vn 0.8438 0.2252 -0.4872
vn -0.4872 0.2252 0.8438
vn -0.8438 0.2252 -0.4872
vn 0.4872 0.2252 -0.8438
vn -0.0000 0.2252 0.9743
vn -0.0000 -0.1975 0.9803
vn -0.0000 -0.9336 -0.3583
vn 0.1791 -0.9336 -0.3103
vn 0.3583 -0.9336 -0.0000
vn 0.3103 -0.9336 0.1791
vn -0.3103 -0.9336 0.1791
vn -0.1791 -0.9336 -0.3103
vn 0.3103 -0.9336 -0.1791
vn -0.1791 -0.9336 0.3103
vn 0.1791 -0.9336 0.3103
vn -0.0000 -0.9336 0.3583
vn -0.0000 -0.1654 -0.9862
vn 0.4975 -0.1009 -0.8616
vn -0.0000 -0.1009 -0.9949
vn 0.4931 -0.1654 -0.8541
vn 0.8616 -0.1009 -0.4974
vn 0.8541 -0.1654 -0.4931
vn 0.9949 -0.1009 -0.0000
vn 0.9862 -0.1654 -0.0000
vn 0.8616 -0.1009 0.4974
vn 0.4931 -0.1654 0.8541
vn 0.4975 -0.1009 0.8616
vn -0.0000 -0.1654 0.9862
vn -0.0000 -0.1009 0.9949
vn -0.4974 -0.1009 0.8616
vn -0.8541 -0.1654 0.4931
vn -0.8616 -0.1009 0.4974
vn -0.9949 -0.1009 -0.0000
vn -0.8541 -0.1654 -0.4931
vn -0.8616 -0.1009 -0.4974
vn 0.8541 -0.1654 0.4931
vn 0.4700 -0.3411 0.8141
vn -0.4974 -0.1009 -0.8616
vn -0.4931 -0.1654 -0.8541
vn -0.4902 0.1975 0.8490
vn -0.0000 0.4136 0.9105
vn -0.4552 0.4136 0.7885
vn 0.9400 -0.3411 -0.0000
vn 0.8141 -0.3411 0.4700
vn -0.4700 -0.3411 -0.8141
vn -0.0000 -0.3411 -0.9400
vn 0.4700 -0.3411 -0.8141
vn -0.8141 -0.3411 -0.4700
vn 0.8141 -0.3411 -0.4700
vn -0.9400 -0.3411 -0.0000
vn -0.9862 -0.1654 -0.0000
vn -0.8141 -0.3411 0.4700
vn -0.4700 -0.3411 0.8141
vn -0.4931 -0.1654 0.8541
vn -0.0000 -0.3411 0.9400
vn -0.0000 -0.2252 0.9743
vn 0.8490 0.1975 0.4902
vn 0.9105 0.4136 -0.0000
vn 0.7885 0.4136 0.4552
vn -0.8490 0.1975 -0.4902
vn -0.4552 0.4136 -0.7885
vn -0.4902 0.1975 -0.8490
vn -0.8490 0.1975 0.4901
vn -0.7885 0.4136 0.4552
vn 0.4902 0.1975 0.8490
vn 0.4552 0.4136 0.7885
vn 0.8490 0.1975 -0.4902
vn 0.7885 0.4136 -0.4552
vn -0.9105 0.4136 -0.0000
vn -0.9803 0.1975 -0.0000
vn -0.0000 0.1975 0.9803
vn 0.9803 0.1975 -0.0000
vn -0.0000 -0.2252 -0.9743
vn 0.4872 -0.2252 -0.8438
vn -0.7885 0.4136 -0.4552
vn -0.3583 0.9336 -0.0000
vn -0.3103 0.9336 0.1791
vn 0.8438 -0.2252 -0.4872
vn 0.9743 -0.2252 -0.0000
vn -0.9743 -0.2252 -0.0000
vn -0.8438 -0.2252 -0.4872
vn -0.4872 -0.2252 0.8438
vn 0.8438 -0.2252 0.4872
vn -0.4872 -0.2252 -0.8438
vn -0.8438 -0.2252 0.4872
vn 0.4872 -0.2252 0.8438
vn -0.0000 0.4136 -0.9105
vn -0.0000 0.9336 0.3583
vn 0.1791 0.9336 0.3103
vn 0.3583 0.9336 -0.0000
vn 0.3103 0.9336 -0.1792
vn -0.3103 0.9336 -0.1791
vn -0.1791 0.9336 0.3103
vn 0.3103 0.9336 0.1792
vn -0.1791 0.9336 -0.3103
vn 0.1791 0.9336 -0.3103
vn -0.0000 0.9336 -0.3583
vn -0.0000 -0.2588 -0.9659
vn -0.0000 -0.5000 -0.8660
vn -0.0000 -0.8660 -0.5000
vn -0.0000 -0.9659 0.2588
vn -0.0000 -0.7071 0.7071
vn -0.0000 -0.5000 0.8660
vn -0.0000 -0.2588 0.9659
vn -0.0000 0.2588 0.9659
vn -0.0000 0.7071 0.7071
vn -0.0000 0.8660 0.5000
vn -0.0000 0.9659 0.2588
vn -0.0000 0.9659 -0.2588
vn -0.0000 0.8660 -0.5000
vn -0.0000 0.7071 -0.7071
vn -0.0000 0.2588 -0.9659
vn -0.0000 0.5000 -0.8660
vn -0.0000 -0.7071 -0.7071
vn -0.0000 -0.9659 -0.2588
vn -1.0000 -0.0002 -0.0003
vn -1.0000 -0.0000 -0.0004
vn 1.0000 -0.0003 -0.0002
vn 1.0000 -0.0004 -0.0000
vn 1.0000 0.0002 0.0003
vn 1.0000 0.0003 0.0002
vn 1.0000 -0.0000 -0.0004
vn 1.0000 -0.0002 -0.0003
vn -1.0000 -0.0000 0.0004
vn -1.0000 -0.0002 0.0003
vn -1.0000 0.0002 -0.0003
vn -1.0000 0.0003 -0.0002
vn 1.0000 -0.0002 0.0003
vn 1.0000 -0.0000 0.0004
vn 1.0000 0.0003 -0.0002
vn 1.0000 0.0002 -0.0003
vn -1.0000 -0.0003 0.0002
vn -1.0000 -0.0004 -0.0000
vn -1.0000 0.0004 -0.0000
vn -1.0000 0.0003 0.0002
vn 1.0000 -0.0003 0.0002
vn 1.0000 0.0004 -0.0000
vn -1.0000 -0.0003 -0.0002
vn -1.0000 0.0002 0.0003
vn 0.4552 -0.7885 -0.4136
vn -0.0020 1.0000 -0.0000
vn 0.0020 -1.0000 -0.0000
vn 1.0000 0.0017 -0.0000
vn -1.0000 -0.0017 -0.0000
vn 0.1501 0.0002 0.9887
vn -0.0000 0.0980 0.9952
vn 1.0000 0.0001 -0.0000
vn -1.0000 -0.0001 -0.0000
vn -0.0000 0.9952 0.0980
vn -0.0000 0.9239 0.3827
vn -0.0000 0.3827 0.9239
vn 0.1501 0.0002 -0.9887
vn -0.0000 0.0980 -0.9952
vn 1.0000 0.0001 0.0001
vn -1.0000 -0.0002 -0.0000
vn -0.0000 0.9952 -0.0980
vn -0.0000 0.9239 -0.3827
vn -0.0000 0.3827 -0.9239
vn 0.0054 1.0000 0.0026
vn 0.8918 0.0022 0.4523
vn 0.8968 0.0013 0.4424
vn 0.8990 0.0012 0.4380
vn 0.8996 -0.0000 0.4368
vn 0.3861 0.5435 -0.7453
vn 0.3666 0.5432 -0.7554
vn 0.3662 0.5432 -0.7556
vn -0.0054 1.0000 -0.0026
vn -0.8968 -0.0013 -0.4424
vn -0.8918 -0.0022 -0.4523
vn -0.8990 -0.0012 -0.4380
vn -0.8996 -0.0000 -0.4368
vn 0.3447 0.5430 -0.7657
vn 0.3480 0.5422 -0.7648
vn 0.0060 1.0000 -0.0002
vn 0.9999 0.0022 -0.0127
vn 0.9997 0.0013 -0.0238
vn 0.9996 0.0012 -0.0287
vn 0.9995 -0.0000 -0.0301
vn -0.0035 0.5435 -0.8394
vn -0.0255 0.5432 -0.8392
vn -0.0258 0.5432 -0.8392
vn -0.0060 1.0000 0.0002
vn -0.9997 -0.0013 0.0238
vn -0.9999 -0.0022 0.0127
vn -0.9996 -0.0012 0.0287
vn -0.9995 -0.0000 0.0301
vn -0.0496 0.5430 -0.8383
vn -0.0463 0.5422 -0.8390
vn 0.0054 1.0000 -0.0026
vn 0.8968 0.0013 -0.4424
vn 0.8918 0.0022 -0.4523
vn 0.8990 0.0012 -0.4380
vn 0.8996 -0.0000 -0.4368
vn 0.3666 0.5432 0.7554
vn 0.3861 0.5435 0.7453
vn 0.3662 0.5432 0.7556
vn -0.0054 1.0000 0.0026
vn -0.8918 -0.0022 0.4523
vn -0.8968 -0.0013 0.4424
vn -0.8990 -0.0012 0.4380
vn -0.8996 -0.0000 0.4368
vn 0.3447 0.5430 0.7657
vn 0.0060 1.0000 0.0002
vn 0.9997 0.0013 0.0238
vn 0.9999 0.0022 0.0127
vn 0.9996 0.0012 0.0287
vn 0.9995 -0.0000 0.0301
vn -0.0255 0.5432 0.8392
vn -0.0035 0.5435 0.8394
vn -0.0258 0.5432 0.8392
vn -0.0060 1.0000 -0.0002
vn -0.9999 -0.0022 -0.0127
vn -0.9997 -0.0013 -0.0238
vn -0.9996 -0.0012 -0.0287
vn -0.9995 -0.0000 -0.0301
vn -0.0496 0.5430 0.8383
vn 0.0250 -0.0610 0.9978
vn 0.8255 -0.5643 -0.0000
vn -0.5811 -0.8138 -0.0000
vn 0.1342 0.9910 -0.0000
vn -0.0000 1.0000 0.0060
vn -0.1280 0.1227 0.9841
vn -0.9982 0.0607 -0.0000
vn -0.1082 0.9941 -0.0000
vn 0.4360 0.4510 -0.7788
vn 0.8565 0.5156 0.0212
vn 0.0250 -0.0610 -0.9978
vn -0.6940 -0.0912 -0.7142
vn 0.0286 -0.9957 -0.0882
vn -0.4016 -0.8911 -0.2114
vn 0.0702 0.9975 -0.0001
vn -0.0000 1.0000 -0.0060
vn -0.1280 0.1227 -0.9841
vn 0.8007 0.3977 0.4480
vn -0.1056 0.3765 0.9204
vn 0.4360 0.4510 0.7788
vn -0.1146 0.7285 -0.6754
vn 0.5745 0.6840 -0.4495
vn 0.7308 0.6667 -0.1465
vn -0.6809 0.7280 -0.0796
vn -0.3551 0.4395 0.8251
vn 0.4447 0.8650 -0.2326
vn 0.4498 -0.6603 0.6014
vn -0.4642 -0.8386 0.2852
vn -0.8175 -0.5756 -0.0197
vn -0.3422 0.4640 0.8171
vn -0.9305 -0.0038 -0.3662
vn -0.3528 0.4479 0.8215
vn -0.0666 -0.8878 0.4554
vn -0.3633 0.4487 0.8165
vn -0.9360 0.2423 0.2552
vn -0.3219 0.4392 0.8387
vn -0.9190 0.2236 -0.3247
vn 0.2479 0.8914 -0.3795
vn -0.2491 -0.8799 0.4045
vn -0.5749 -0.2806 0.7686
vn -0.9068 0.3155 0.2794
vn -0.0801 0.9448 0.3179
vn -0.4262 -0.3049 0.8517
vn 0.2410 0.8981 -0.3679
vn 0.0049 0.8982 -0.4395
vn -0.6725 0.5228 -0.5239
vn -0.8259 -0.5638 0.0010
vn -0.4812 -0.8265 0.2922
vn 0.8663 -0.1396 0.4795
vn -0.0142 0.8948 -0.4462
vn -0.4168 -0.8613 0.2906
vn 0.8994 -0.0336 0.4357
vn -0.3423 0.4471 0.8264
vn 0.4235 0.1396 0.8951
vn -0.3865 0.4441 0.8083
vn -0.3526 0.4607 0.8145
vn 0.2448 0.8916 -0.3810
vn -0.3726 0.7639 -0.5269
vn -0.2620 -0.3042 0.9159
vn 0.3956 0.2171 0.8924
vn -0.0698 0.9476 0.3116
vn -0.4224 -0.3052 0.8535
vn 0.3880 0.2755 0.8795
vn 0.3505 -0.4562 -0.8179
vn 0.4725 0.8296 -0.2974
vn 0.8258 0.5639 -0.0010
vn 0.4778 -0.6958 0.5362
vn 0.0050 -0.8967 0.4427
vn -0.9124 -0.0269 -0.4085
vn 0.4891 0.8237 -0.2868
vn 0.3528 -0.4479 -0.8215
vn -0.8867 0.0798 -0.4554
vn -0.4785 -0.3385 -0.8102
vn 0.3832 -0.4560 -0.8033
vn 0.3596 -0.4355 -0.8253
vn 0.7616 0.6438 -0.0736
vn -0.0749 -0.9153 -0.3957
vn -0.4194 -0.3033 -0.8556
vn 0.4192 0.3167 -0.8509
vn 0.0772 -0.9440 -0.3207
vn -0.3847 -0.2635 -0.8846
vn 0.2516 0.8847 -0.3925
vn 0.0328 0.8629 -0.5044
vn -0.7979 -0.5994 -0.0642
vn 0.9101 0.3799 0.1655
vn -0.0138 -0.8915 0.4528
vn 0.4691 -0.6850 0.5574
vn 0.3514 -0.4307 -0.8313
vn 0.8845 -0.1627 0.4372
vn 0.8810 -0.4413 -0.1704
vn 0.3186 -0.4511 -0.8337
vn 0.9665 -0.0517 0.2514
vn -0.2434 -0.9024 0.3557
vn 0.2379 -0.9390 -0.2484
vn 0.8830 -0.4017 -0.2427
vn 0.4258 0.3062 -0.8514
vn 0.0810 -0.9443 -0.3189
vn 0.1946 -0.7423 -0.6411
vn 0.7133 -0.4228 0.5590
vn -0.9639 0.2346 -0.1262
vn 0.7351 0.0485 0.6762
vn 0.9502 0.1321 0.2824
vn -0.6976 0.0557 -0.7143
vn -0.7133 0.4228 -0.5590
vn 0.9264 -0.3389 0.1642
vn -0.9502 -0.1321 -0.2824
vn -0.5706 -0.8157 0.0947
vn 0.1885 0.9775 0.0952
vn -0.4488 -0.7598 0.4704
vn 0.3464 0.7778 -0.5244
vn 0.0351 -0.9416 0.3350
vn 0.5707 0.8157 -0.0947
vn -0.1885 -0.9775 -0.0952
vn -0.0057 0.9170 -0.3989
vn 0.1901 0.9760 -0.1064
vn -0.7556 0.4180 -0.5044
vn 0.7786 0.1035 0.6190
vn -0.7786 -0.1035 -0.6190
vn -0.9624 0.2541 -0.0961
vn 0.9624 -0.2541 0.0961
vn -0.9701 -0.1294 -0.2055
vn 0.7348 -0.3775 0.5635
vn 0.9701 0.1294 0.2055
vn -0.0399 0.9982 -0.0455
vn 0.8344 -0.2881 0.4698
vn 0.7825 -0.0528 -0.6205
vn -0.4631 0.3541 0.8125
vn 0.5523 0.2986 -0.7783
vn 0.1219 0.0376 -0.9918
vn -0.7757 0.0688 0.6274
vn -0.1160 -0.0213 0.9930
vn -0.4365 -0.3098 0.8447
vn 0.4365 0.3098 -0.8447
vn -0.7888 0.4242 -0.4449
vn 0.7167 -0.0150 0.6973
vn -0.7167 0.0150 -0.6973
vn -0.9925 0.0699 -0.1006
vn 0.9925 -0.0699 0.1006
vn -0.9069 -0.2230 -0.3575
vn 0.7888 -0.4242 0.4449
vn 0.8757 0.2292 0.4249
vn 0.7616 -0.0716 -0.6441
vn -0.3399 -0.9282 -0.1515
vn -0.1374 0.9617 0.2373
vn 0.1374 -0.9617 -0.2373
vn -0.1583 -0.9229 0.3510
vn 0.2145 -0.9533 0.2125
vn 0.2627 0.9176 -0.2982
vn 0.3399 0.9282 0.1515
vn -0.2145 0.9533 -0.2125
vn -0.3092 0.4045 0.8607
vn 0.5281 0.4045 0.7467
vn -0.0007 1.0000 0.0001
vn -0.8357 0.5373 0.1138
vn -0.1658 -0.9859 0.0226
vn -0.1711 0.5118 0.8419
vn -0.8303 0.5458 -0.1130
vn -0.3092 0.4045 -0.8607
vn 0.5281 0.4045 -0.7467
vn 0.0064 -1.0000 0.0009
vn 0.2088 0.9775 0.0284
vn 0.8281 0.5492 0.1127
vn -0.8256 0.5530 -0.1124
vn -0.1711 0.5118 -0.8419
vn 0.2419 0.9138 0.3262
vn -0.0000 1.0000 0.0001
vn -0.0000 1.0000 -0.0001
vn -0.0000 -1.0000 -0.0001
vn 1.0000 0.0002 -0.0000
vn 1.0000 0.0001 -0.0003
vn -1.0000 -0.0001 0.0003
vn -1.0000 -0.0001 0.0001
vn 1.0000 0.0001 0.0003
vn -1.0000 -0.0001 -0.0003
vn 0.8905 0.0022 0.4549
vn 0.3894 0.5426 -0.7443
vn -0.8905 -0.0022 -0.4549
vn 0.9999 0.0022 -0.0098
vn -0.0000 0.5426 -0.8400
vn -0.9999 -0.0022 0.0098
vn 0.8905 0.0022 -0.4549
vn 0.3894 0.5426 0.7443
vn -0.8905 -0.0022 0.4549
vn 0.3480 0.5422 0.7648
vn 0.9999 0.0022 0.0098
vn -0.0000 0.5426 0.8400
vn -0.9999 -0.0022 -0.0098
vn -0.0463 0.5422 0.8390
vt 0.046997 0.953424
vt 0.047612 0.922665
vt 0.046997 0.953424
vt 0.018698 0.922665
vt 0.018698 0.922665
vt 0.047612 0.922665
vt 0.078987 0.984799
vt 0.078987 0.984799
vt 0.013776 0.952194
vt 0.013776 0.952194
vt 0.196490 0.919589
vt 0.196490 0.919589
s 1
usemtl Atlas
f 17/1/1 26/1/2 40/1/3
f 164/1/4 23/1/5 152/1/6
f 1/1/7 47/1/8 26/1/2
f 171/1/9 34/1/10 159/1/11
f 157/1/12 30/1/13 35/1/14
f 3/2/15 193/2/16 37/2/17
f 28/1/18 163/1/19 151/1/20
f 14/1/21 34/1/22 9/1/23
f 2/1/24 41/1/25 16/1/26
f 38/1/27 21/1/28 2/1/24
f 2/1/24 48/1/29 29/1/30
f 16/1/26 38/1/27 2/1/24
f 15/3/31 37/1/32 18/1/33
f 4/2/34 69/2/35 25/2/36
f 268/2/37 193/2/38 422/2/39
f 39/3/40 3/1/41 15/3/31
f 14/1/21 25/1/42 39/3/40
f 8/1/43 24/1/44 36/1/45
f 25/2/36 95/2/46 3/2/15
f 41/1/25 154/1/47 160/1/48
f 152/3/6 44/1/49 167/1/50
f 155/3/51 44/1/49 18/1/33
f 166/1/52 28/1/18 151/1/20
f 5/1/53 22/1/54 13/1/55
f 5/1/53 47/1/8 20/1/56
f 5/1/53 45/1/57 38/1/27
f 6/1/58 45/1/57 20/1/56
f 20/1/56 27/1/59 6/1/58
f 6/1/58 49/1/60 28/1/18
f 28/1/18 21/1/28 6/1/58
f 13/1/55 26/1/2 5/1/53
f 35/1/14 169/1/61 157/1/12
f 159/1/11 19/1/62 150/1/63
f 174/2/64 50/2/65 171/2/66
f 7/1/67 47/1/8 24/1/44
f 35/1/14 7/1/68 8/1/43
f 265/1/69 10/1/70 17/1/1
f 30/1/71 27/1/59 7/1/67
f 162/1/72 268/1/37 399/1/73
f 160/1/48 271/1/25 41/1/25
f 36/1/45 33/1/74 8/1/43
f 8/1/43 52/1/75 35/1/14
f 9/1/23 32/1/76 12/1/77
f 4/1/78 9/1/23 12/1/77
f 9/1/23 50/1/79 43/1/80
f 154/1/47 48/1/29 166/1/52
f 10/1/70 31/1/81 11/1/82
f 11/1/82 17/1/1 10/1/70
f 267/1/83 42/1/84 10/1/70
f 11/1/82 51/1/85 36/1/45
f 418/2/86 69/2/87 194/2/88
f 52/2/89 172/2/90 169/2/91
f 162/1/72 18/1/33 37/1/32
f 13/1/55 269/1/92 264/1/93
f 264/1/93 40/1/3 13/1/55
f 39/1/40 19/1/94 14/1/21
f 18/1/33 23/1/95 15/3/31
f 15/3/31 46/3/96 39/3/40
f 16/1/26 271/1/25 266/1/97
f 266/1/97 22/1/54 16/1/26
f 17/1/1 270/1/98 265/1/69
f 42/2/99 274/2/100 59/2/101
f 180/2/102 81/2/103 73/2/104
f 51/2/105 53/2/106 54/2/107
f 31/2/108 59/2/101 53/2/106
f 51/2/105 58/2/109 33/2/110
f 176/2/111 73/2/104 64/2/112
f 43/2/113 56/2/114 60/2/115
f 33/2/110 55/2/116 52/2/89
f 172/2/117 100/2/118 190/2/119
f 32/2/120 60/2/115 57/2/121
f 64/2/122 110/2/123 102/2/124
f 275/2/125 104/2/126 65/2/127
f 307/2/128 113/2/129 329/2/128
f 67/2/123 97/2/123 108/2/123
f 54/2/130 96/2/131 99/2/130
f 80/2/132 178/2/133 72/2/134
f 66/2/123 101/2/135 106/2/123
f 277/2/136 112/2/137 104/2/126
f 95/2/138 422/2/39 193/2/38
f 65/1/127 364/1/139 275/1/125
f 62/2/123 106/2/123 98/2/123
f 63/2/140 178/2/133 175/2/141
f 105/2/142 94/2/143 57/2/144
f 58/2/145 99/2/146 107/2/147
f 55/2/148 107/2/147 100/2/118
f 59/2/149 322/2/150 109/2/151
f 62/2/123 97/2/123 61/2/123
f 60/2/152 103/2/153 111/2/154
f 57/2/155 111/2/154 105/2/155
f 73/2/104 85/2/156 77/2/157
f 62/2/158 75/2/159 66/2/160
f 66/2/160 72/2/134 63/2/140
f 276/2/161 76/2/162 67/2/163
f 67/2/163 70/2/164 61/2/165
f 61/2/165 71/2/166 62/2/166
f 68/2/167 73/2/104 77/2/157
f 191/2/168 56/2/169 174/2/170
f 65/2/171 77/2/157 74/2/172
f 175/2/173 101/2/135 63/2/123
f 183/2/174 89/2/175 81/2/103
f 77/2/157 82/2/176 74/2/172
f 181/2/177 88/2/178 184/2/179
f 82/1/180 147/1/180 146/1/180
f 79/2/181 75/2/182 71/2/183
f 83/2/184 72/2/134 75/2/159
f 287/2/185 76/2/186 278/2/187
f 84/2/188 70/2/189 76/2/186
f 80/2/132 91/2/190 88/2/178
f 187/2/191 100/2/192 101/2/193
f 287/2/185 92/2/194 84/2/188
f 78/2/195 92/2/194 86/2/196
f 79/2/181 86/2/196 87/2/197
f 81/2/103 93/2/198 85/2/156
f 191/2/199 102/2/200 103/2/201
f 85/2/156 90/2/202 82/2/176
f 296/4/139 185/5/139 87/4/197
f 65/1/180 74/1/180 146/1/180
f 83/2/184 87/2/197 91/2/190
f 78/2/195 71/2/183 70/2/189
f 69/2/87 415/2/203 95/2/138
f 67/2/123 321/2/123 276/2/123
f 65/2/127 110/2/123 68/2/123
f 420/2/204 194/2/88 195/2/205
f 36/1/45 1/1/7 11/1/82
f 98/2/206 96/2/207 97/2/208
f 189/2/209 64/2/122 102/2/124
f 98/2/206 107/2/210 99/2/211
f 106/2/212 100/2/192 107/2/210
f 108/2/213 322/2/214 321/2/214
f 108/2/213 96/2/207 109/2/215
f 102/2/200 111/2/216 103/2/201
f 110/2/217 105/2/218 111/2/216
f 112/2/219 329/2/220 113/2/221
f 112/2/222 105/2/142 104/2/223
f 53/2/224 109/2/151 96/2/131
f 115/1/139 116/1/139 114/1/139
f 123/1/139 124/1/139 122/1/139
f 118/1/225 117/1/225 115/1/225
f 121/1/226 114/1/226 116/1/226
f 126/1/225 125/1/225 123/1/225
f 129/1/226 122/1/226 124/1/226
f 131/3/139 132/1/139 130/1/139
f 134/1/225 133/1/225 131/1/225
f 137/1/226 130/1/226 132/1/226
f 139/1/139 140/1/139 138/1/139
f 142/1/225 141/1/225 139/1/225
f 145/1/226 138/1/226 140/1/226
f 364/1/227 147/1/228 366/1/229
f 74/1/180 82/1/180 146/1/180
f 164/1/4 149/1/230 150/1/63
f 165/1/231 148/1/232 149/1/230
f 163/1/19 153/1/233 151/1/20
f 165/1/231 152/1/6 153/1/233
f 167/1/50 153/1/233 152/3/6
f 168/1/234 151/1/20 153/1/233
f 166/1/52 156/1/235 154/1/47
f 168/1/234 155/3/51 156/1/235
f 150/1/63 158/1/236 159/1/11
f 149/1/230 157/1/12 158/1/236
f 169/1/61 158/1/236 157/1/12
f 170/1/237 159/1/11 158/1/236
f 399/1/73 161/1/238 162/1/72
f 398/1/239 160/1/48 161/1/238
f 154/1/47 161/1/238 160/1/48
f 156/1/235 162/1/72 161/1/238
f 171/2/66 173/6/240 174/2/64
f 170/2/241 172/2/90 173/6/240
f 180/2/102 177/2/242 179/2/243
f 179/2/243 175/2/141 178/2/133
f 183/2/174 179/2/243 182/2/244
f 182/2/244 178/2/133 181/2/177
f 185/2/245 182/2/244 186/2/246
f 186/2/246 181/2/177 184/2/179
f 189/2/247 192/2/248 188/2/249
f 188/2/249 190/2/250 187/2/191
f 176/2/251 188/6/252 177/2/253
f 177/2/253 187/2/254 175/2/173
f 174/2/170 192/2/255 191/2/168
f 173/2/256 190/2/119 192/2/255
f 148/1/232 49/1/60 30/1/71
f 150/1/63 46/1/257 164/1/4
f 420/2/204 94/2/258 307/2/259
f 12/2/260 194/2/261 4/2/34
f 32/2/262 57/2/144 12/2/260
f 195/2/263 57/2/144 94/2/143
f 212/1/264 221/1/265 196/1/266
f 218/1/267 383/1/268 371/1/269
f 196/1/266 242/1/270 219/1/271
f 229/1/272 390/1/273 378/1/274
f 376/1/275 225/1/276 367/1/277
f 416/2/278 198/2/279 232/2/280
f 382/1/281 223/1/282 370/1/283
f 209/1/284 229/1/285 214/1/286
f 236/1/25 197/1/287 211/1/288
f 216/1/289 233/1/290 197/1/287
f 197/1/287 243/1/291 216/1/289
f 211/1/288 233/1/290 217/1/292
f 210/1/293 232/1/294 198/1/295
f 272/2/296 199/2/297 220/2/298
f 268/2/37 416/2/299 232/2/294
f 198/1/295 234/1/300 210/1/293
f 209/1/284 220/1/301 199/1/302
f 203/1/303 219/1/271 202/1/304
f 308/2/305 220/2/298 198/2/279
f 373/1/306 236/1/25 379/1/48
f 239/1/307 371/3/269 386/1/308
f 374/1/309 239/1/307 386/1/308
f 223/1/282 385/1/310 370/1/283
f 217/1/292 200/1/311 208/1/312
f 200/1/311 242/1/270 221/1/265
f 200/1/311 240/1/313 215/1/314
f 201/1/315 240/1/313 216/1/289
f 222/1/316 215/1/314 201/1/315
f 201/1/315 244/1/317 222/1/316
f 216/1/289 223/1/282 201/1/315
f 208/1/312 221/1/265 235/1/318
f 388/1/319 230/1/320 376/1/275
f 214/1/321 378/1/274 369/1/322
f 245/2/323 393/2/324 390/2/325
f 202/1/326 242/1/270 222/1/316
f 202/1/304 230/1/320 203/1/303
f 205/1/327 265/1/69 212/1/264
f 222/1/316 225/1/328 202/1/326
f 268/1/37 381/1/329 399/1/73
f 379/1/48 271/1/25 397/1/48
f 228/1/330 231/1/331 203/1/303
f 203/1/303 247/1/332 228/1/330
f 227/1/333 204/1/334 207/1/335
f 204/1/334 199/1/302 207/1/335
f 204/1/334 245/1/336 229/1/285
f 373/1/306 243/1/291 224/1/337
f 226/1/338 205/1/327 206/1/339
f 206/1/339 212/1/264 196/1/266
f 237/1/340 267/1/83 205/1/327
f 206/1/339 246/1/341 226/1/338
f 272/2/342 418/2/86 417/2/343
f 391/2/344 247/6/345 388/2/346
f 381/1/329 213/1/347 374/1/309
f 208/1/312 269/1/92 217/1/292
f 235/1/318 264/1/93 208/1/312
f 214/1/286 234/1/300 209/1/284
f 218/1/348 213/1/347 210/1/293
f 210/1/293 241/1/349 218/1/348
f 211/1/288 271/1/25 236/1/25
f 217/1/292 266/1/97 211/1/288
f 212/1/264 270/1/98 235/1/318
f 237/2/350 274/2/100 273/2/351
f 402/2/352 291/2/353 405/2/354
f 246/2/355 248/2/356 226/2/357
f 226/2/357 254/2/358 237/2/350
f 253/2/359 246/2/355 228/2/360
f 395/2/361 282/2/362 402/2/352
f 238/2/363 251/2/364 245/2/323
f 250/2/365 228/2/360 247/6/345
f 391/2/366 313/2/367 250/2/368
f 227/2/369 255/2/370 238/2/363
f 259/2/371 325/2/123 263/2/123
f 317/2/372 275/2/125 260/2/373
f 307/2/128 328/2/374 306/2/374
f 262/2/123 310/2/123 256/2/123
f 249/2/375 309/2/376 248/2/377
f 400/2/378 290/2/379 281/2/380
f 261/2/123 314/6/381 258/2/123
f 327/2/382 277/2/136 317/2/372
f 308/2/383 422/2/39 415/2/203
f 364/1/139 260/1/373 275/1/125
f 257/2/123 319/2/123 261/2/123
f 400/2/378 258/2/384 394/2/385
f 306/2/386 318/2/387 252/2/388
f 253/2/389 312/2/390 249/2/390
f 250/2/368 320/2/391 253/2/389
f 254/2/392 322/2/150 274/2/150
f 310/2/123 257/2/123 256/2/123
f 255/2/393 316/2/394 251/2/394
f 252/2/395 326/2/396 255/2/393
f 282/2/362 295/2/397 291/2/353
f 284/2/398 257/2/399 261/2/400
f 281/2/380 261/2/400 258/2/384
f 285/2/401 276/2/161 262/2/402
f 279/2/403 262/2/402 256/2/404
f 280/2/405 256/2/404 257/2/405
f 263/2/406 282/2/362 259/2/407
f 251/2/408 413/2/409 393/2/410
f 260/2/411 286/2/412 263/2/406
f 314/6/381 394/2/413 258/2/123
f 405/2/354 301/2/414 407/2/415
f 286/2/412 292/2/416 295/2/397
f 403/2/417 300/2/418 290/2/379
f 292/1/419 365/1/419 302/1/419
f 284/2/420 289/2/421 280/2/422
f 281/2/380 293/2/423 284/2/398
f 285/2/424 287/2/185 278/2/187
f 279/2/425 294/2/426 285/2/424
f 290/2/379 303/2/427 293/2/423
f 313/6/428 409/2/429 314/6/430
f 304/2/431 287/2/185 294/2/426
f 288/2/432 304/2/431 294/2/426
f 289/2/421 298/2/433 288/2/432
f 305/2/434 291/2/353 295/2/397
f 413/2/435 315/2/436 411/2/437
f 302/2/438 295/2/397 292/2/416
f 299/4/439 408/4/139 302/4/139
f 260/1/419 363/1/419 283/1/419
f 293/2/423 299/2/439 289/2/421
f 280/2/422 288/2/432 279/2/425
f 415/2/203 272/2/342 308/2/383
f 321/2/123 262/2/123 276/2/123
f 325/2/123 260/2/373 263/2/123
f 417/2/343 420/2/204 419/2/440
f 196/1/266 231/1/331 206/1/339
f 309/2/441 311/6/442 310/2/443
f 411/2/444 259/2/371 395/2/445
f 311/6/442 320/2/446 319/2/447
f 319/2/447 313/6/428 314/6/430
f 322/2/214 323/2/448 321/2/214
f 323/2/448 309/2/441 310/2/443
f 315/2/436 326/2/449 325/2/450
f 325/2/450 318/2/451 317/2/451
f 327/2/452 329/2/220 330/2/453
f 318/2/387 327/2/454 317/2/455
f 248/2/377 324/2/456 254/2/392
f 333/1/139 332/1/139 331/1/139
f 341/1/139 340/1/139 339/1/139
f 334/1/226 335/1/226 332/1/226
f 331/1/225 338/1/225 333/1/225
f 342/1/226 343/1/226 340/1/226
f 339/1/225 346/1/225 341/1/225
f 349/1/139 348/1/139 347/1/139
f 350/1/226 351/1/226 348/1/226
f 347/1/225 354/1/225 349/1/225
f 357/1/139 356/1/139 355/1/139
f 358/1/226 359/1/226 356/1/226
f 355/1/225 362/1/225 357/1/225
f 364/1/227 365/1/457 363/1/458
f 283/1/419 363/1/419 292/1/419
f 368/1/459 383/1/268 369/1/322
f 367/1/277 384/1/460 368/1/459
f 372/1/461 382/1/281 370/1/283
f 371/1/269 384/1/460 372/1/461
f 372/1/461 386/1/308 371/3/269
f 370/1/283 387/1/462 372/1/461
f 375/1/463 385/1/310 373/1/306
f 374/1/309 387/1/462 375/1/463
f 377/1/464 369/1/322 378/1/274
f 376/1/275 368/1/459 377/1/464
f 377/1/464 388/1/319 376/1/275
f 378/1/274 389/1/465 377/1/464
f 380/1/466 399/1/73 381/1/329
f 379/1/48 398/1/239 380/1/466
f 380/1/466 373/1/306 379/1/48
f 381/1/329 375/1/463 380/1/466
f 392/2/467 390/2/325 393/2/324
f 391/2/344 389/2/468 392/2/467
f 402/2/352 396/2/469 395/2/361
f 401/2/470 394/2/385 396/2/469
f 405/2/354 401/2/470 402/2/352
f 404/2/471 400/2/378 401/2/470
f 407/2/415 404/2/471 405/2/354
f 408/2/472 403/2/417 404/2/471
f 411/2/437 414/2/473 413/2/435
f 410/6/474 412/2/475 414/2/473
f 395/2/445 410/6/476 411/2/444
f 396/6/477 409/2/478 410/6/476
f 414/2/479 393/2/410 413/2/409
f 412/2/480 392/2/481 414/2/479
f 367/1/277 244/1/317 382/1/281
f 241/1/482 369/1/322 383/1/268
f 420/2/204 306/2/483 419/2/440
f 417/2/484 207/2/485 199/2/297
f 227/2/486 207/2/485 252/2/388
f 252/2/388 419/2/487 306/2/386
f 524/7/488 448/7/489 525/7/490
f 444/7/491 424/7/492 445/7/492
f 445/7/492 425/7/493 447/7/493
f 425/7/493 449/7/494 447/7/493
f 449/7/494 427/7/495 451/7/495
f 427/7/495 497/7/496 451/7/495
f 530/7/497 428/7/498 541/7/499
f 530/7/500 424/7/501 423/7/502
f 532/7/503 425/7/504 424/7/501
f 536/7/505 425/7/504 534/7/506
f 538/7/507 426/7/508 536/7/505
f 538/7/509 469/7/510 427/7/511
f 454/7/512 480/7/513 468/7/514
f 525/7/490 450/7/515 526/7/516
f 540/7/517 443/7/518 523/7/519
f 523/7/520 446/7/521 524/7/488
f 526/7/516 452/7/522 527/7/523
f 454/7/512 423/7/524 444/7/491
f 548/7/525 453/7/526 540/7/527
f 613/7/528 428/7/498 470/7/529
f 463/7/530 482/7/531 458/7/532
f 546/7/533 429/7/534 529/7/535
f 456/7/536 482/7/531 480/7/513
f 470/7/537 454/7/512 468/7/514
f 559/7/538 430/7/539 435/7/540
f 571/7/541 429/7/534 440/7/542
f 551/7/543 464/7/544 457/7/545
f 456/7/536 461/7/546 458/7/532
f 441/7/547 547/7/548 575/7/549
f 483/7/550 601/7/551 649/7/552
f 562/7/553 436/7/554 466/7/555
f 435/7/556 440/7/557 442/7/558
f 441/7/559 431/7/560 432/7/561
f 562/7/562 464/7/544 561/7/563
f 546/8/533 432/7/564 431/7/565
f 548/7/566 460/7/567 455/7/568
f 432/7/569 550/7/570 547/7/571
f 557/7/490 462/7/572 460/7/572
f 433/7/573 436/7/574 439/7/575
f 551/7/576 462/7/577 558/7/578
f 467/7/579 487/7/580 465/7/581
f 487/7/580 463/7/530 465/7/581
f 438/7/582 554/7/583 567/7/584
f 438/7/585 435/7/556 434/7/586
f 433/7/573 568/7/587 560/7/588
f 437/7/589 439/7/575 436/7/574
f 437/7/590 566/7/591 565/7/592
f 439/7/593 567/7/584 568/7/587
f 437/7/590 559/7/594 435/7/595
f 435/7/556 441/7/559 434/7/586
f 442/7/558 429/7/596 431/7/560
f 434/7/597 575/7/549 554/7/583
f 430/7/598 571/7/541 440/7/542
f 443/7/599 445/7/600 446/7/600
f 448/7/601 445/7/600 447/7/601
f 448/7/601 449/7/602 450/7/602
f 450/7/602 451/7/603 452/7/604
f 496/7/605 451/7/603 497/7/606
f 453/7/607 444/7/608 443/7/599
f 455/7/609 454/7/610 453/7/611
f 462/7/572 459/7/612 460/7/572
f 459/7/613 455/7/614 460/7/615
f 457/7/616 461/7/617 462/7/618
f 466/7/619 463/7/530 464/7/620
f 457/7/621 463/7/530 458/7/622
f 452/7/623 602/7/624 527/7/625
f 467/7/579 466/7/619 433/7/573
f 467/7/579 560/7/588 601/7/551
f 605/7/505 503/7/626 501/7/627
f 499/7/628 472/7/629 471/7/630
f 500/7/629 473/7/631 472/7/629
f 502/7/631 474/7/632 473/7/631
f 504/7/633 475/7/634 474/7/632
f 497/7/496 475/7/634 506/7/635
f 476/7/636 615/7/637 626/7/638
f 471/7/639 617/7/516 615/7/523
f 617/7/516 473/7/640 619/7/490
f 619/7/490 474/7/641 621/7/642
f 474/7/641 623/7/643 621/7/642
f 623/7/644 469/7/510 609/7/578
f 509/7/645 480/7/513 511/7/646
f 606/7/506 505/7/647 503/7/626
f 625/7/648 498/7/649 508/7/650
f 604/7/651 501/7/627 498/7/652
f 607/7/503 507/7/653 505/7/647
f 509/7/645 471/7/630 476/7/654
f 508/8/655 634/7/656 625/7/657
f 613/7/658 476/7/636 626/7/638
f 482/7/531 518/7/659 513/7/660
f 631/7/661 477/7/662 479/7/663
f 511/7/646 482/7/531 513/7/660
f 509/7/645 470/7/537 468/7/514
f 478/7/664 647/7/665 486/7/666
f 477/7/662 662/7/667 493/7/668
f 638/7/669 519/7/670 652/7/671
f 516/7/672 511/7/646 513/7/660
f 632/7/673 494/7/674 666/7/675
f 483/7/550 694/7/676 522/7/677
f 489/7/678 653/7/679 521/7/680
f 493/7/681 486/7/682 495/7/683
f 494/7/684 479/7/685 495/7/683
f 653/7/686 519/7/670 521/7/687
f 631/7/661 481/7/688 639/7/689
f 515/7/690 634/7/691 510/7/692
f 481/7/693 636/7/694 639/7/695
f 645/7/696 517/7/697 646/7/696
f 484/7/698 489/7/699 521/7/700
f 638/7/701 517/7/702 512/8/703
f 487/7/580 522/7/677 520/7/704
f 518/7/659 487/7/580 520/7/704
f 642/7/705 491/7/706 658/7/707
f 491/7/708 486/7/682 490/7/709
f 659/7/710 484/7/698 648/7/711
f 490/7/709 492/7/712 491/7/708
f 657/7/713 490/7/714 656/7/715
f 658/7/707 492/7/716 659/7/710
f 490/7/714 647/7/717 656/7/715
f 494/7/684 486/7/682 485/7/718
f 477/7/719 495/7/683 479/7/685
f 666/7/675 485/7/720 642/7/705
f 478/7/721 662/7/667 611/7/722
f 500/7/723 498/7/724 501/7/723
f 503/7/725 500/7/723 501/7/723
f 505/7/726 502/7/725 503/7/725
f 506/7/727 505/7/726 507/7/728
f 496/7/605 506/7/727 507/7/728
f 499/7/729 508/7/730 498/7/724
f 509/7/731 510/7/732 508/8/733
f 514/7/734 517/7/697 515/7/697
f 514/7/735 510/7/736 511/7/737
f 516/7/738 512/7/739 517/7/740
f 518/7/659 521/7/700 519/7/741
f 512/7/742 518/7/659 519/7/741
f 602/7/624 507/7/743 608/7/744
f 522/7/677 521/7/700 520/7/704
f 648/7/711 522/7/677 694/7/676
f 525/7/490 579/7/745 524/7/488
f 577/7/746 533/7/747 531/7/748
f 580/7/749 533/7/747 578/7/747
f 580/7/749 537/7/750 535/7/749
f 582/7/751 539/7/752 537/7/750
f 668/7/753 539/7/752 584/7/752
f 542/7/754 530/7/497 541/7/499
f 530/7/500 533/7/755 532/7/503
f 533/7/755 534/7/506 532/7/503
f 535/7/756 536/7/505 534/7/506
f 537/7/757 538/7/507 536/7/505
f 538/7/509 610/7/758 609/7/578
f 587/7/759 633/7/760 589/7/761
f 525/7/490 583/7/762 581/7/763
f 540/7/517 576/7/764 586/7/765
f 523/7/520 579/7/745 576/7/766
f 526/7/516 585/7/767 583/7/762
f 587/7/759 531/7/748 542/7/768
f 586/7/769 548/7/525 540/7/527
f 613/7/528 542/7/754 541/7/499
f 637/7/770 596/7/771 591/7/772
f 546/7/533 543/7/773 545/7/774
f 589/7/761 637/7/770 591/7/772
f 587/7/759 614/7/775 603/7/776
f 544/7/777 559/7/538 556/7/778
f 543/7/773 571/7/541 572/7/779
f 551/7/543 597/7/780 561/7/563
f 594/7/781 589/7/761 591/7/772
f 547/7/782 573/7/783 575/7/784
f 640/7/785 601/7/786 600/7/787
f 563/7/788 562/7/553 599/7/789
f 572/7/790 556/7/791 574/7/792
f 573/7/793 545/7/794 574/7/792
f 562/7/562 597/7/780 599/7/795
f 546/8/533 549/7/796 552/7/797
f 593/7/798 548/7/566 588/7/799
f 549/7/800 550/7/570 552/7/801
f 593/7/802 558/7/490 557/7/490
f 553/7/803 563/7/804 599/7/805
f 551/7/576 595/7/806 590/7/807
f 650/7/808 600/7/787 598/7/809
f 596/7/771 650/7/808 598/7/809
f 554/7/810 569/7/811 567/7/812
f 569/7/813 556/7/791 564/7/814
f 568/7/815 553/7/803 560/7/816
f 564/7/814 570/7/817 569/7/813
f 566/7/591 564/7/818 565/7/592
f 567/7/812 570/7/819 568/7/815
f 564/7/818 559/7/594 565/7/592
f 573/7/793 556/7/791 555/7/820
f 543/7/821 574/7/792 545/7/794
f 575/7/784 555/7/822 554/7/810
f 544/7/823 571/7/541 528/7/824
f 579/7/825 577/7/826 576/7/827
f 581/7/828 578/7/825 579/7/825
f 582/7/829 581/7/828 583/7/829
f 584/7/830 583/7/829 585/7/831
f 667/7/832 584/7/830 585/7/831
f 577/7/826 586/7/833 576/7/827
f 587/7/834 588/7/835 586/7/836
f 593/7/802 594/7/837 595/8/838
f 592/7/839 588/7/840 589/7/841
f 594/7/842 590/7/843 595/7/844
f 596/7/771 599/7/805 597/7/845
f 590/7/846 596/7/771 597/7/845
f 602/7/624 585/7/847 527/7/625
f 600/7/787 599/7/805 598/7/809
f 560/7/816 600/7/787 601/7/786
f 605/7/505 674/7/848 606/7/506
f 670/7/849 618/7/850 671/7/850
f 618/7/850 673/7/851 671/7/850
f 620/7/851 675/7/852 673/7/851
f 675/7/852 624/7/853 677/7/854
f 624/7/853 668/7/753 677/7/854
f 615/7/637 627/7/855 626/7/638
f 617/7/516 616/7/856 615/7/523
f 619/7/490 618/7/857 617/7/516
f 621/7/642 620/7/858 619/7/490
f 623/7/643 622/7/859 621/7/642
f 623/7/644 610/7/758 624/7/860
f 680/7/861 633/7/760 603/7/776
f 674/7/848 607/7/503 606/7/506
f 625/7/648 669/7/862 604/7/863
f 604/7/651 672/7/864 605/7/505
f 607/7/503 678/7/865 608/7/500
f 680/7/861 616/7/866 670/7/849
f 634/7/656 679/7/867 625/7/657
f 613/7/658 627/7/855 614/7/868
f 689/7/869 637/7/770 684/7/870
f 631/7/661 628/7/871 612/7/872
f 682/7/873 637/7/770 633/7/760
f 614/7/775 680/7/861 603/7/776
f 647/7/665 629/7/874 644/7/875
f 662/7/667 628/7/871 663/7/876
f 638/7/669 690/7/877 683/7/878
f 682/7/873 687/7/879 684/7/870
f 664/7/880 632/7/881 666/7/882
f 640/7/785 694/7/883 649/7/884
f 653/7/679 654/7/885 692/7/886
f 644/7/887 663/7/888 665/7/889
f 664/7/890 630/7/891 635/7/892
f 653/7/686 690/7/877 652/7/671
f 631/7/661 635/7/893 630/7/894
f 634/7/691 686/7/895 681/7/896
f 635/7/897 636/7/694 632/7/898
f 645/7/696 688/7/899 686/7/899
f 641/7/900 654/7/901 661/7/902
f 638/7/701 688/7/903 646/8/578
f 693/7/904 650/7/808 691/7/905
f 650/7/808 689/7/869 691/7/905
f 660/7/906 642/7/907 658/7/908
f 660/7/909 644/7/887 643/7/910
f 641/7/900 659/7/911 648/7/912
f 655/7/913 661/7/902 654/7/901
f 655/7/914 657/7/713 656/7/715
f 661/7/915 658/7/908 659/7/911
f 655/7/914 647/7/717 644/7/916
f 644/7/887 664/7/890 643/7/910
f 665/7/889 628/7/917 630/7/891
f 643/7/918 666/7/882 642/7/907
f 629/7/919 662/7/667 663/7/876
f 669/7/920 671/7/921 672/7/921
f 672/7/921 673/7/922 674/7/922
f 674/7/922 675/7/923 676/7/923
f 676/7/923 677/7/924 678/7/925
f 667/7/832 677/7/924 668/7/926
f 679/7/927 670/7/928 669/7/920
f 681/7/929 680/7/930 679/7/931
f 688/7/899 685/7/932 686/7/899
f 685/7/933 681/7/934 686/7/935
f 683/8/936 687/8/937 688/7/938
f 692/7/939 689/7/869 690/7/940
f 683/7/941 689/7/869 684/7/942
f 678/7/943 602/7/624 608/7/744
f 693/7/904 692/7/939 641/7/900
f 693/7/904 648/7/912 694/7/883
f 717/7/944 699/7/945 710/7/945
f 711/7/946 696/7/947 707/7/947
f 705/7/948 714/7/949 701/7/949
f 702/7/950 715/8/951 713/7/950
f 715/7/952 701/7/949 714/7/949
f 717/7/944 706/7/953 704/7/944
f 706/7/954 716/7/948 705/7/948
f 708/7/955 697/7/956 695/7/955
f 697/7/957 707/7/947 696/7/947
f 710/7/945 700/7/958 712/7/958
f 700/7/959 711/7/946 712/7/959
f 702/7/950 708/7/955 695/7/955
f 727/7/960 739/7/961 726/7/960
f 735/7/962 741/7/963 736/7/962
f 723/7/964 729/7/965 724/7/964
f 719/7/966 721/7/967 720/7/967
f 719/7/968 724/7/964 722/7/968
f 726/7/960 728/7/969 727/7/960
f 729/7/965 728/7/970 725/7/970
f 732/7/971 734/7/972 733/7/971
f 735/7/962 734/7/973 731/7/973
f 737/7/974 739/7/961 738/7/961
f 737/7/975 742/7/963 740/7/976
f 732/7/971 720/7/967 721/7/967
f 730/7/977 714/7/978 716/7/979
f 732/7/980 702/7/981 695/7/982
f 737/7/983 710/7/984 712/7/985
f 731/7/986 695/7/982 697/7/987
f 720/7/988 708/7/989 713/7/990
f 725/7/991 704/7/992 706/7/993
f 719/7/994 713/7/990 715/7/995
f 736/7/996 711/7/997 707/7/998
f 699/7/999 740/7/1000 700/7/1001
f 708/7/989 734/7/1002 709/7/1003
f 698/7/1004 735/7/1005 696/7/1006
f 717/7/1007 728/7/1008 718/7/1009
f 702/7/981 722/7/1010 703/7/1011
f 738/7/1012 717/7/1007 710/7/984
f 711/7/997 737/7/983 712/7/985
f 696/7/1006 731/7/986 697/7/987
f 726/7/1013 699/7/999 704/7/992
f 705/7/1014 725/7/991 706/7/993
f 740/7/1000 698/7/1004 700/7/1001
f 714/7/978 719/7/994 715/7/995
f 734/7/1002 707/7/998 709/7/1003
f 701/7/1015 729/7/1016 705/7/1014
f 728/7/1008 716/7/979 718/7/1009
f 722/7/1010 701/7/1015 703/7/1011
f 752/7/1017 758/7/1018 765/7/1017
f 755/7/1019 746/7/1020 744/7/1021
f 753/7/1022 762/7/1023 749/7/1023
f 761/7/1024 751/7/1025 763/7/1025
f 751/7/1026 762/7/1023 763/7/1026
f 752/7/1017 766/7/1027 754/7/1027
f 754/7/1028 764/7/1022 753/7/1022
f 743/7/1029 757/7/1030 745/7/1030
f 745/7/1031 755/7/1019 744/7/1021
f 747/7/1018 760/7/1032 758/7/1018
f 748/7/1033 759/7/1020 760/7/1033
f 750/7/1024 756/7/1029 743/7/1029
f 775/7/1034 787/7/1035 774/7/1034
f 783/7/1036 789/7/1037 784/7/1036
f 771/7/1038 777/7/1039 772/7/1038
f 767/7/1040 769/7/1041 768/7/1041
f 767/7/1042 772/7/1038 770/7/1042
f 774/7/1034 776/7/1043 775/7/1034
f 777/7/1039 776/7/1044 773/7/1044
f 780/7/1045 782/7/1046 781/7/1045
f 783/7/1036 782/7/1047 779/7/1047
f 785/7/1048 787/7/1035 786/7/1035
f 785/7/1049 790/7/1037 788/7/1049
f 769/7/1041 781/7/1045 768/7/1041
f 778/7/1050 762/7/1051 764/7/1052
f 743/7/1053 769/7/1054 750/7/1055
f 785/7/1056 758/7/1057 760/7/1058
f 779/7/1059 743/7/1053 745/7/1060
f 761/7/1061 781/7/1062 756/7/1063
f 773/7/1064 752/7/1065 754/7/1066
f 767/7/1067 761/7/1061 763/7/1068
f 784/7/1069 759/7/1070 755/7/1071
f 747/7/1072 788/7/1073 748/7/1074
f 756/7/1063 782/7/1075 757/7/1076
f 746/7/1077 783/7/1078 744/7/1079
f 765/7/1080 776/7/1081 766/7/1082
f 750/7/1055 770/7/1083 751/7/1084
f 786/7/1085 765/7/1080 758/7/1057
f 759/7/1070 785/7/1056 760/7/1058
f 744/7/1079 779/7/1059 745/7/1060
f 752/7/1065 787/7/1086 747/7/1072
f 753/7/1087 773/7/1064 754/7/1066
f 788/7/1073 746/7/1077 748/7/1074
f 762/7/1051 767/7/1067 763/7/1068
f 782/7/1075 755/7/1071 757/7/1076
f 772/7/1088 753/7/1087 749/7/1089
f 776/7/1081 764/7/1052 766/7/1082
f 770/7/1083 749/7/1089 751/7/1084
f 800/7/1090 806/7/1091 813/7/1090
f 803/7/1092 794/7/1093 792/7/1092
f 801/7/1094 810/7/1095 797/7/1095
f 809/7/1096 799/7/1097 811/7/1097
f 811/7/1098 797/7/1095 810/7/1095
f 813/7/1090 802/7/1099 800/7/1090
f 814/7/1100 801/7/1094 802/7/1100
f 791/7/1101 805/7/1102 793/7/1102
f 793/7/1103 803/7/1092 792/7/1092
f 795/7/1091 808/7/1104 806/7/1091
f 808/7/1105 794/7/1093 807/7/1093
f 798/7/1096 804/7/1101 791/7/1101
f 834/7/1106 822/7/1107 823/7/1107
f 831/7/1108 837/7/1109 832/7/1108
f 819/7/1110 825/7/1111 820/7/1110
f 816/7/1112 818/7/1113 817/7/1112
f 819/7/1110 818/7/1114 815/7/1114
f 821/7/1115 823/7/1107 822/7/1107
f 825/7/1111 824/7/1116 821/7/1116
f 828/8/1117 830/7/1118 829/7/1117
f 827/7/1119 832/7/1108 830/7/1119
f 834/7/1106 836/7/1120 835/7/1106
f 837/7/1109 836/7/1121 833/7/1121
f 828/8/1117 816/7/1112 817/7/1112
f 826/7/1122 810/7/1123 812/7/1124
f 828/7/1125 798/7/1126 791/7/1127
f 833/7/1128 806/7/1129 808/7/1130
f 827/7/1131 791/7/1127 793/7/1132
f 816/7/1133 804/7/1134 809/7/1135
f 821/7/1136 800/7/1137 802/7/1138
f 815/7/1139 809/7/1135 811/7/1140
f 803/7/1141 837/7/1142 807/7/1143
f 795/7/1144 836/7/1145 796/7/1146
f 804/7/1134 830/7/1147 805/7/1148
f 838/7/1149 792/7/1150 794/7/1151
f 813/7/1152 824/7/1153 814/7/1154
f 798/7/1126 818/7/1155 799/7/1156
f 806/7/1129 823/7/1157 813/7/1152
f 807/7/1143 833/7/1128 808/7/1130
f 792/7/1150 827/7/1131 793/7/1132
f 800/7/1137 835/7/1158 795/7/1144
f 801/7/1159 821/7/1136 802/7/1138
f 836/7/1145 794/7/1151 796/7/1146
f 810/7/1123 815/7/1139 811/7/1140
f 830/7/1147 803/7/1141 805/7/1148
f 820/7/1160 801/7/1159 797/7/1161
f 824/7/1153 812/7/1124 814/7/1154
f 818/7/1155 797/7/1161 799/7/1156
f 847/7/1162 842/8/1163 840/7/1164
f 846/7/1165 852/7/1166 843/7/1167
f 851/7/1168 845/7/1169 853/7/1169
f 853/7/1170 843/7/1167 852/7/1166
f 839/7/1171 849/7/1172 841/7/1172
f 849/8/1173 840/7/1164 841/7/1173
f 851/7/1168 839/7/1171 844/7/1168
f 868/7/1174 870/7/1175 869/7/1175
f 859/7/1176 861/7/1177 860/7/1178
f 856/7/1179 858/7/1180 857/7/1179
f 855/7/1181 860/7/1178 858/7/1181
f 863/7/1182 865/7/1183 864/7/1183
f 863/7/1184 868/7/1174 866/7/1184
f 864/7/1183 856/7/1179 857/7/1179
f 854/7/1185 859/7/1186 852/7/1187
f 839/7/1188 857/7/1189 844/7/1190
f 863/7/1191 839/7/1188 841/7/1192
f 851/7/1193 865/7/1194 848/7/1195
f 855/7/1196 851/7/1193 853/7/1197
f 868/7/1198 850/7/1199 847/7/1200
f 848/7/1195 866/7/1201 849/7/1202
f 842/7/1203 867/7/1204 840/7/1205
f 844/7/1190 858/7/1206 845/7/1207
f 840/7/1205 863/7/1191 841/7/1192
f 852/7/1187 855/7/1196 853/7/1197
f 866/7/1201 847/7/1200 849/7/1202
f 860/7/1208 846/7/1209 843/7/1210
f 858/7/1206 843/7/1210 845/7/1207
f 872/7/1211 873/7/1211 871/7/1211
f 874/7/419 877/7/419 873/7/419
f 878/7/1212 875/7/1212 877/7/1212
f 876/7/180 871/7/180 875/7/180
f 874/7/139 876/7/139 878/7/139
f 888/7/1213 894/7/1214 901/7/1213
f 891/7/1215 882/7/1216 880/7/1215
f 885/7/1217 900/7/1218 898/7/1217
f 897/8/1219 887/7/1220 899/7/1220
f 899/7/1221 885/7/1217 898/7/1217
f 901/7/1213 890/7/1222 888/7/1213
f 902/7/1223 889/7/1218 890/7/1223
f 879/8/1224 893/7/1225 881/8/1225
f 881/7/1226 891/7/1215 880/7/1215
f 883/7/1214 896/7/1227 894/7/1214
f 896/7/1228 882/7/1216 895/7/1216
f 886/8/1219 892/7/1224 879/8/1224
f 922/7/1229 910/7/1230 911/7/1230
f 919/7/1231 925/7/1232 920/7/1231
f 907/7/1233 913/7/1234 908/7/1233
f 904/7/1235 906/7/1236 905/7/1235
f 907/7/1233 906/7/1237 903/7/1237
f 910/7/1230 912/7/1238 911/7/1230
f 913/7/1234 912/7/1239 909/7/1239
f 916/7/1240 918/7/1241 917/7/1240
f 919/7/1231 918/7/1242 915/7/1242
f 922/7/1229 924/7/1243 923/7/1229
f 925/7/1232 924/7/1244 921/7/1244
f 916/7/1240 904/7/1235 905/7/1235
f 900/7/1245 907/7/1246 898/7/1247
f 916/7/1248 886/7/1249 879/7/1250
f 921/7/1251 894/7/1252 896/7/1253
f 915/7/1254 879/7/1250 881/7/1255
f 904/7/1256 892/7/1257 897/7/1258
f 909/7/1259 888/7/1260 890/7/1261
f 903/7/1262 897/7/1258 899/7/1263
f 891/7/1264 925/7/1265 895/7/1266
f 883/7/1267 924/7/1268 884/7/1269
f 892/7/1257 918/7/1270 893/7/1271
f 926/7/1272 880/7/1273 882/7/1274
f 901/7/1275 912/7/1276 902/7/1277
f 886/7/1249 906/7/1278 887/7/1279
f 894/7/1252 911/7/1280 901/7/1275
f 895/7/1266 921/7/1251 896/7/1253
f 880/7/1273 915/7/1254 881/7/1255
f 888/7/1260 923/7/1281 883/7/1267
f 889/7/1282 909/7/1259 890/7/1261
f 924/7/1268 882/7/1274 884/7/1269
f 898/7/1247 903/7/1262 899/7/1263
f 918/7/1270 891/7/1264 893/7/1271
f 885/7/1283 913/7/1284 889/7/1282
f 912/7/1276 900/7/1245 902/7/1277
f 906/7/1278 885/7/1283 887/7/1279
f 936/7/1285 942/7/1286 949/7/1285
f 939/7/1287 930/7/1288 928/7/1287
f 933/7/1289 948/7/1290 946/7/1289
f 945/7/1291 935/7/1292 947/7/1293
f 947/7/1294 933/7/1289 946/7/1289
f 949/7/1285 938/7/1295 936/7/1285
f 950/8/1296 937/7/1290 938/7/1296
f 927/7/1297 941/7/1298 929/7/1298
f 929/7/1299 939/7/1287 928/7/1287
f 931/7/1286 944/7/1300 942/7/1286
f 944/7/1301 930/7/1288 943/7/1288
f 934/7/1291 940/7/1297 927/7/1297
f 970/7/1302 958/7/1303 959/7/1303
f 967/7/1304 973/7/1305 968/7/1304
f 955/7/1306 961/7/1307 956/7/1306
f 952/7/1308 954/7/1309 953/7/1308
f 955/7/1306 954/7/1310 951/7/1310
f 958/7/1303 960/7/1311 959/7/1303
f 961/7/1307 960/7/1312 957/7/1312
f 964/7/1313 966/7/1314 965/7/1313
f 967/7/1304 966/7/1315 963/7/1315
f 970/7/1302 972/7/1316 971/7/1302
f 973/7/1305 972/7/1317 969/7/1317
f 964/7/1313 952/7/1308 953/7/1308
f 948/7/1318 955/7/1319 946/7/1320
f 964/7/1321 934/7/1322 927/7/1323
f 969/7/1324 942/7/1325 944/7/1326
f 963/7/1327 927/7/1323 929/7/1328
f 952/7/1329 940/7/1330 945/7/1331
f 957/7/1332 936/7/1333 938/7/1334
f 951/7/1335 945/7/1331 947/7/1336
f 939/7/1337 973/7/1338 943/7/1339
f 931/7/1340 972/7/1341 932/7/1342
f 940/7/1330 966/7/1343 941/7/1344
f 974/7/1345 928/7/1346 930/7/1347
f 949/7/1348 960/7/1349 950/7/1350
f 934/7/1322 954/7/1351 935/7/1352
f 942/7/1325 959/7/1353 949/7/1348
f 943/7/1339 969/7/1324 944/7/1326
f 928/7/1346 963/7/1327 929/7/1328
f 958/7/1354 931/7/1340 936/7/1333
f 937/7/1355 957/7/1332 938/7/1334
f 972/7/1341 930/7/1347 932/7/1342
f 946/7/1320 951/7/1335 947/7/1336
f 966/7/1343 939/7/1337 941/7/1344
f 956/7/1356 937/7/1355 933/7/1357
f 960/7/1349 948/7/1318 950/7/1350
f 954/7/1351 933/7/1357 935/7/1352
f 976/9/1358 977/9/1358 975/9/1358
f 979/9/1358 982/9/1358 981/9/1358
f 983/9/1359 986/9/1359 984/9/1359
f 987/9/1359 990/9/1359 988/9/1359
f 980/9/1360 990/9/1360 982/9/1360
f 989/9/139 979/9/139 981/9/139
f 976/9/1361 986/10/1361 978/9/1361
f 977/9/1362 983/9/1362 975/9/1362
f 993/9/1358 992/9/1358 991/9/1358
f 997/9/1358 996/9/1358 995/9/1358
f 999/9/1359 1002/9/1359 1001/9/1359
f 1003/9/1359 1006/9/1359 1005/9/1359
f 996/9/1363 1006/9/1363 1004/9/1363
f 995/9/25 1005/9/25 997/9/25
f 992/9/1362 1002/9/1362 1000/9/1362
f 993/9/1361 999/9/1361 1001/9/1361
f 1008/7/1364 1009/7/1365 1007/7/1364
f 1010/7/1365 1011/7/1366 1009/7/1365
f 1011/7/1366 1014/7/1367 1013/7/1367
f 1013/7/1367 1016/7/25 1015/7/25
f 1016/7/25 1017/7/1368 1015/7/25
f 1018/7/1368 1019/7/1369 1017/7/1368
f 1020/7/1369 1021/8/1370 1019/7/1369
f 1022/7/1370 1023/7/1371 1021/8/1370
f 1024/7/1371 1025/7/1372 1023/7/1371
f 1025/7/1372 1028/7/1373 1027/8/1373
f 1027/7/1373 1030/7/1374 1029/7/1374
f 1030/7/1374 1031/7/139 1029/7/1374
f 1032/7/139 1033/7/1375 1031/7/139
f 1034/7/1375 1035/7/1376 1033/7/1375
f 1043/7/1373 1041/7/1372 1040/7/1372
f 1036/7/1376 1037/7/1377 1035/7/1376
f 1037/7/1377 1008/7/1364 1007/7/1364
f 1039/7/1371 1041/7/1372 1042/7/1371
f 1043/7/1373 1046/7/1374 1044/7/1373
f 1047/7/139 1046/7/1374 1045/7/1374
f 1047/7/139 1050/7/1375 1048/7/139
f 1051/7/1376 1050/7/1375 1049/7/1375
f 1053/7/1377 1052/7/1376 1051/7/1376
f 1055/7/1364 1054/7/1377 1053/7/1377
f 1055/7/1364 1058/7/1365 1056/7/1364
f 1057/7/1365 1060/7/1366 1058/7/1365
f 1059/7/1366 1062/7/1367 1060/7/1366
f 1063/7/25 1062/7/1367 1061/7/1367
f 1063/7/25 1066/7/1368 1064/7/25
f 1065/7/1368 1068/7/1369 1066/7/1368
f 1067/7/1369 1070/7/1370 1068/7/1369
f 1039/7/1371 1070/7/1370 1069/7/1370
f 1029/7/1378 1059/7/1379 1027/7/1379
f 1041/7/1380 1012/7/1381 1010/7/1380
f 1060/7/1382 1030/7/1383 1028/7/1382
f 1021/7/1384 1051/7/1385 1019/7/1385
f 1007/7/1386 1069/7/1387 1037/7/1387
f 1052/7/1388 1022/7/1389 1020/7/1388
f 1070/7/1390 1008/7/1391 1038/7/1390
f 1045/7/1392 1011/7/1393 1013/7/1392
f 1031/7/1394 1061/7/1378 1029/7/1378
f 1044/7/1381 1014/7/1395 1012/7/1381
f 1062/7/1383 1032/7/1396 1030/7/1383
f 1023/7/1397 1053/7/1384 1021/8/1384
f 1054/7/1389 1024/7/1398 1022/7/1389
f 1047/7/1399 1013/7/1392 1015/7/1399
f 1033/7/1400 1063/7/1394 1031/7/1394
f 1014/7/1395 1048/7/1401 1016/7/1401
f 1064/7/1396 1034/7/1402 1032/7/1396
f 1057/7/1403 1023/7/1397 1025/7/1403
f 1024/7/1398 1058/7/1404 1026/7/1404
f 1049/7/1405 1015/7/1399 1017/7/1405
f 1035/7/1406 1065/7/1400 1033/7/1400
f 1040/7/1407 1007/7/1386 1009/7/1407
f 1016/7/1401 1050/7/1408 1018/7/1408
f 1034/7/1402 1068/7/1409 1036/7/1409
f 1008/7/1391 1041/7/1380 1010/7/1380
f 1059/8/1379 1025/7/1403 1027/8/1379
f 1058/7/1404 1028/7/1382 1026/7/1404
f 1051/7/1385 1017/7/1405 1019/7/1385
f 1069/7/1387 1035/7/1406 1037/7/1387
f 1050/7/1408 1020/7/1388 1018/7/1408
f 1036/7/1409 1070/7/1390 1038/7/1390
f 1043/7/1393 1009/7/1407 1011/7/1393
f 1071/7/1364 1074/7/1365 1072/7/1364
f 1075/7/1366 1074/7/1365 1073/7/1365
f 1077/7/1367 1076/7/1366 1075/7/1366
f 1077/7/1367 1080/7/25 1078/7/1367
f 1081/7/1368 1080/7/25 1079/7/25
f 1083/7/1369 1082/7/1368 1081/7/1368
f 1085/7/1370 1084/7/1369 1083/7/1369
f 1085/7/1370 1088/7/1371 1086/7/1370
f 1089/7/1372 1088/7/1371 1087/7/1371
f 1089/7/1372 1092/7/1373 1090/7/1372
f 1091/7/1373 1094/7/1374 1092/7/1373
f 1093/7/1374 1096/7/139 1094/7/1374
f 1095/7/139 1098/7/1375 1096/7/139
f 1097/7/1375 1100/7/1376 1098/7/1375
f 1104/7/1372 1108/7/1373 1107/7/1373
f 1099/7/1376 1102/7/1377 1100/7/1376
f 1101/7/1377 1072/7/1364 1102/7/1377
f 1103/7/1371 1105/7/1372 1104/7/1372
f 1108/7/1373 1109/7/1374 1107/7/1373
f 1109/7/1374 1112/7/139 1111/7/139
f 1111/7/139 1114/7/1375 1113/7/1375
f 1114/7/1375 1115/7/1376 1113/7/1375
f 1116/7/1376 1117/7/1377 1115/7/1376
f 1117/7/1377 1120/7/1364 1119/7/1364
f 1120/7/1364 1121/7/1365 1119/7/1364
f 1121/7/1365 1124/7/1366 1123/7/1366
f 1124/7/1366 1125/7/1367 1123/7/1366
f 1126/7/1367 1127/7/25 1125/7/1367
f 1127/7/25 1130/7/1368 1129/7/1368
f 1130/7/1368 1131/7/1369 1129/7/1368
f 1132/7/1369 1133/7/1370 1131/7/1369
f 1133/7/1370 1106/7/1371 1103/7/1371
f 1091/7/1382 1125/7/1383 1093/7/1383
f 1074/7/1407 1108/7/1393 1105/7/1407
f 1094/7/1378 1124/7/1379 1092/7/1379
f 1083/7/1388 1117/7/1389 1085/7/1389
f 1071/7/1391 1133/7/1390 1103/7/1391
f 1086/7/1384 1116/7/1410 1084/7/1410
f 1072/7/1386 1134/7/1387 1102/7/1387
f 1075/7/1381 1109/7/1395 1077/7/1395
f 1093/7/1383 1127/7/1411 1095/7/1411
f 1076/7/1393 1110/7/1392 1108/7/1393
f 1096/7/1394 1126/7/1378 1094/7/1378
f 1087/7/1398 1117/7/1389 1119/7/1398
f 1086/7/1384 1120/7/1397 1118/7/1384
f 1079/7/1412 1109/7/1395 1111/7/1412
f 1095/7/1411 1129/7/1402 1097/7/1402
f 1080/7/1413 1110/7/1392 1078/7/1392
f 1096/7/1394 1130/7/1400 1128/7/1414
f 1087/7/1398 1121/7/1415 1089/7/1415
f 1090/7/1403 1120/7/1397 1088/7/1397
f 1081/7/1408 1111/7/1412 1113/7/1408
f 1097/7/1402 1131/7/1409 1099/7/1409
f 1071/7/1391 1104/7/1380 1073/7/1380
f 1080/7/1413 1114/7/1405 1112/7/1413
f 1100/7/1406 1130/7/1400 1098/7/1400
f 1072/7/1386 1105/7/1407 1106/7/1386
f 1091/7/1382 1121/7/1415 1123/7/1382
f 1090/7/1403 1124/7/1379 1122/7/1403
f 1083/7/1388 1113/7/1408 1115/7/1388
f 1099/7/1409 1133/7/1390 1101/7/1390
f 1084/7/1410 1114/7/1405 1082/7/1405
f 1100/7/1406 1134/7/1387 1132/7/1406
f 1073/7/1380 1107/7/1381 1075/7/1381
f 1140/9/1371 1142/9/1416 1143/9/1416
f 1137/9/1417 1156/9/1418 1155/9/1418
f 1144/9/1419 1139/9/1371 1140/9/1371
f 1141/9/1419 1136/9/1420 1135/9/1420
f 1147/9/1421 1152/9/1364 1153/9/1421
f 1158/9/1422 1150/9/1423 1157/9/1422
f 1148/9/1364 1151/9/1424 1152/9/1364
f 1146/9/1425 1154/9/1424 1145/9/1425
f 1156/9/1426 1153/9/1427 1143/9/1428
f 1137/9/1359 1149/9/1359 1138/9/1359
f 1135/9/1429 1154/9/1430 1141/9/1431
f 1152/9/1432 1144/9/1433 1140/9/1432
f 1151/9/1434 1136/9/1435 1144/9/1433
f 1146/9/1358 1135/9/1358 1136/9/1358
f 1141/9/1431 1148/9/1436 1139/9/1436
f 1157/9/1437 1137/9/1438 1155/9/1439
f 1148/9/1436 1142/9/1440 1139/9/1436
f 1143/9/1428 1152/9/1432 1140/9/1432
f 1147/9/1441 1155/9/1439 1142/9/1440
f 1138/9/1442 1158/9/1443 1156/9/1426
f 1153/9/1421 1157/9/1422 1147/9/1421
f 1155/9/1418 1143/9/1416 1142/9/1416
f 1167/9/1444 1163/9/1373 1166/9/1444
f 1161/9/1445 1180/9/1446 1179/9/1446
f 1164/9/1373 1165/9/1447 1163/9/1373
f 1165/9/1447 1160/9/1448 1159/9/1448
f 1171/9/1449 1176/9/1366 1177/9/1449
f 1182/9/1450 1174/9/1451 1181/9/1450
f 1172/9/1366 1175/9/1452 1176/9/1366
f 1170/9/1453 1178/9/1452 1169/9/1453
f 1180/9/1454 1177/9/1455 1167/9/1456
f 1161/9/1359 1173/9/1359 1162/9/1359
f 1159/9/1457 1178/9/1458 1165/9/1459
f 1176/9/1460 1168/9/1461 1164/9/1460
f 1175/9/1462 1160/9/1463 1168/9/1461
f 1170/9/1358 1159/9/1358 1160/9/1358
f 1165/9/1459 1172/9/1464 1163/9/1464
f 1181/9/1465 1161/9/1466 1179/9/1467
f 1172/9/1464 1166/9/1468 1163/9/1464
f 1167/9/1456 1176/9/1460 1164/9/1460
f 1171/9/1469 1179/9/1467 1166/9/1468
f 1162/9/1470 1182/9/1471 1180/9/1454
f 1177/9/1449 1181/9/1450 1171/9/1449
f 1179/9/1446 1167/9/1444 1166/9/1444
f 1188/9/139 1190/9/1472 1191/9/1472
f 1185/9/1473 1204/9/1474 1203/9/1474
f 1192/9/1475 1187/9/139 1188/9/139
f 1189/9/1475 1184/9/1476 1183/9/1476
f 1195/9/1477 1200/9/25 1201/9/1477
f 1206/9/1478 1198/9/1479 1205/9/1478
f 1196/9/25 1199/9/1480 1200/9/25
f 1193/9/1481 1199/9/1480 1202/9/1480
f 1204/9/1482 1201/9/1483 1191/9/1484
f 1198/9/1359 1186/9/1359 1185/9/1359
f 1183/9/1485 1202/9/1486 1189/9/1487
f 1200/9/1488 1192/9/1489 1188/9/1488
f 1199/9/1490 1184/9/1491 1192/9/1489
f 1184/9/1358 1193/9/1358 1183/9/1358
f 1189/9/1487 1196/9/1492 1187/9/1492
f 1205/9/1493 1185/9/1494 1203/9/1495
f 1196/9/1492 1190/9/1496 1187/9/1492
f 1191/9/1484 1200/9/1488 1188/9/1488
f 1195/9/1497 1203/9/1495 1190/9/1496
f 1186/9/1498 1206/9/1499 1204/9/1482
f 1201/9/1477 1205/9/1478 1195/9/1477
f 1190/9/1472 1204/9/1474 1191/9/1472
f 1215/9/1500 1211/9/1376 1214/9/1500
f 1227/9/1501 1210/9/1502 1228/9/1501
f 1212/9/1376 1213/9/1503 1211/9/1376
f 1207/9/1504 1216/9/1503 1208/9/1504
f 1225/9/1505 1220/9/1369 1224/9/1369
f 1230/9/1506 1222/9/1507 1229/9/1506
f 1224/9/1369 1226/9/1508 1223/9/1508
f 1217/9/1509 1223/9/1508 1226/9/1508
f 1228/9/1510 1225/9/1511 1215/9/1512
f 1209/9/1359 1221/9/1359 1210/9/1359
f 1207/9/1513 1226/9/1514 1213/9/1515
f 1224/9/1516 1216/9/1517 1212/9/1516
f 1223/9/1518 1208/9/1519 1216/9/1517
f 1208/9/1358 1217/9/1358 1207/9/1358
f 1213/9/1515 1220/9/1520 1211/9/1520
f 1229/9/1521 1209/9/1522 1227/9/1523
f 1220/9/1520 1214/9/1524 1211/9/1520
f 1215/9/1512 1224/9/1516 1212/9/1516
f 1219/9/1525 1227/9/1523 1214/9/1524
f 1210/9/1526 1230/9/1527 1228/9/1510
f 1225/9/1505 1229/9/1506 1219/9/1505
f 1214/9/1500 1228/9/1501 1215/9/1500
f 1236/9/1364 1238/9/1528 1239/9/1528
f 1251/9/1529 1234/9/1530 1252/9/1529
f 1236/9/1364 1237/9/1531 1235/9/1364
f 1231/9/1532 1240/9/1531 1232/9/1532
f 1243/9/1533 1248/9/1371 1249/9/1533
f 1254/9/1534 1246/9/1535 1253/9/1534
f 1244/9/1371 1247/9/1536 1248/9/1371
f 1241/9/1537 1247/9/1536 1250/9/1536
f 1252/9/1538 1249/9/1539 1239/9/1540
f 1246/9/1359 1234/9/1359 1233/9/1359
f 1231/9/1541 1250/9/1542 1237/9/1543
f 1248/9/1544 1240/9/1545 1236/9/1544
f 1247/9/1546 1232/9/1547 1240/9/1545
f 1232/9/1358 1241/9/1358 1231/9/1358
f 1237/9/1543 1244/9/1548 1235/9/1548
f 1253/9/1549 1233/9/1550 1251/9/1551
f 1244/9/1548 1238/9/1552 1235/9/1548
f 1239/9/1540 1248/9/1544 1236/9/1544
f 1243/9/1553 1251/9/1551 1238/9/1552
f 1234/9/1554 1254/9/1555 1252/9/1538
f 1249/9/1533 1253/9/1534 1243/9/1533
f 1251/9/1529 1239/9/1528 1238/9/1528
f 1260/9/1366 1262/9/1556 1263/9/1556
f 1257/9/1557 1276/9/1558 1275/9/1558
f 1264/9/1559 1259/9/1366 1260/9/1366
f 1255/9/1560 1264/9/1559 1256/9/1560
f 1267/9/1561 1272/9/1373 1273/9/1561
f 1278/9/1562 1270/9/1563 1277/9/1562
f 1268/9/1373 1271/9/1564 1272/9/1373
f 1265/9/1565 1271/9/1564 1274/9/1564
f 1276/9/1566 1273/9/1567 1263/9/1568
f 1257/9/1359 1269/9/1359 1258/9/1359
f 1255/9/1569 1274/9/1570 1261/9/1571
f 1272/9/1572 1264/9/1573 1260/9/1572
f 1271/9/1574 1256/9/1575 1264/9/1573
f 1266/9/1358 1255/9/1358 1256/9/1358
f 1261/9/1571 1268/9/1576 1259/9/1576
f 1277/9/1577 1257/9/1578 1275/9/1579
f 1268/9/1576 1262/9/1580 1259/9/1576
f 1263/9/1568 1272/9/1572 1260/9/1572
f 1267/9/1581 1275/9/1579 1262/9/1580
f 1258/9/1582 1278/9/1583 1276/9/1566
f 1267/9/1561 1278/9/1562 1277/9/1562
f 1275/9/1558 1263/9/1556 1262/9/1556
f 1284/9/25 1286/9/1584 1287/9/1584
f 1299/9/1585 1282/9/1586 1300/9/1585
f 1284/9/25 1285/9/1587 1283/9/25
f 1279/9/1588 1288/9/1587 1280/9/1588
f 1291/9/1589 1296/9/139 1297/9/1589
f 1302/9/1590 1294/9/1591 1301/9/1590
f 1296/9/139 1298/9/1592 1295/9/1592
f 1290/9/1593 1298/9/1592 1289/9/1593
f 1300/9/1594 1297/9/1595 1287/9/1596
f 1294/9/1359 1282/9/1359 1281/9/1359
f 1279/9/1597 1298/10/1598 1285/9/1599
f 1296/9/1600 1288/9/1601 1284/9/1600
f 1295/9/1602 1280/9/1603 1288/9/1601
f 1290/9/1358 1279/9/1358 1280/9/1358
f 1285/9/1599 1292/9/1604 1283/10/1604
f 1301/9/1605 1281/10/1606 1299/9/1607
f 1292/9/1604 1286/9/1608 1283/10/1604
f 1287/9/1596 1296/9/1600 1284/9/1600
f 1291/10/1609 1299/9/1607 1286/9/1608
f 1282/9/1610 1302/9/1611 1300/9/1594
f 1291/9/1589 1302/9/1590 1301/9/1590
f 1299/9/1585 1287/9/1584 1286/9/1584
f 1308/9/1369 1310/9/1612 1311/9/1612
f 1323/9/1613 1306/9/1614 1324/9/1613
f 1312/9/1615 1307/9/1369 1308/9/1369
f 1309/9/1615 1304/9/1616 1303/9/1616
f 1315/9/1617 1320/9/1376 1321/9/1617
f 1326/9/1618 1318/9/1619 1325/9/1618
f 1316/9/1376 1319/9/1620 1320/9/1376
f 1313/9/1621 1319/9/1620 1322/9/1620
f 1324/9/1622 1321/9/1623 1311/9/1624
f 1318/9/1359 1306/9/1359 1305/9/1359
f 1303/9/1625 1322/9/1626 1309/9/1627
f 1320/9/1628 1312/9/1629 1308/9/1628
f 1319/9/1630 1304/9/1631 1312/9/1629
f 1304/9/1358 1313/9/1358 1303/9/1358
f 1309/9/1627 1316/9/1632 1307/9/1632
f 1325/9/1633 1305/9/1634 1323/9/1635
f 1316/9/1632 1310/9/1636 1307/9/1632
f 1311/9/1624 1320/9/1628 1308/9/1628
f 1315/9/1637 1323/9/1635 1310/9/1636
f 1306/9/1638 1326/9/1639 1324/9/1622
f 1321/9/1617 1325/9/1618 1315/9/1617
f 1323/9/1613 1311/9/1612 1310/9/1612
f 1328/9/1359 1329/9/1359 1327/9/1359
f 1332/9/1359 1333/9/1359 1331/9/1359
f 1337/9/1358 1336/9/1358 1335/9/1358
f 1339/9/1358 1342/9/1358 1340/9/1358
f 1332/9/1640 1342/9/1640 1334/9/1640
f 1333/10/139 1339/9/139 1331/9/139
f 1328/9/1641 1338/9/1641 1330/9/1641
f 1329/9/1642 1335/9/1642 1327/9/1642
f 1345/9/1359 1344/9/1359 1343/9/1359
f 1347/9/1359 1350/9/1359 1348/9/1359
f 1352/9/1358 1353/9/1358 1351/9/1358
f 1355/9/1358 1358/9/1358 1357/9/1358
f 1348/9/1643 1358/9/1643 1356/9/1643
f 1347/9/25 1357/9/25 1349/9/25
f 1346/9/1642 1352/9/1642 1344/9/1642
f 1345/9/1641 1351/9/1641 1353/9/1641
f 1369/11/1644 1384/11/1645 1368/11/1646
f 1361/11/1647 1378/11/1648 1377/11/1649
f 1370/11/1650 1385/11/1651 1369/11/1652
f 1362/11/1653 1379/11/1654 1378/11/1648
f 1371/11/1655 1386/11/1656 1370/11/1650
f 1364/11/1368 1379/11/1654 1363/11/1657
f 1372/11/1658 1387/11/1659 1371/11/1655
f 1364/11/1368 1381/11/1660 1380/11/1368
f 1372/11/1658 1389/11/1661 1388/11/1662
f 1366/11/1663 1381/11/1660 1365/11/1664
f 1373/11/1665 1390/11/1666 1389/11/1661
f 1367/11/1667 1382/11/1668 1366/11/1663
f 1359/11/1669 1376/11/1670 1375/11/1671
f 1374/11/1672 1375/11/1671 1390/11/1666
f 1368/11/1646 1383/11/1673 1367/11/1667
f 1360/11/1674 1377/11/1649 1376/11/1670
f 1416/11/1675 1401/11/1676 1400/11/1677
f 1393/11/1647 1410/11/1648 1394/11/1653
f 1417/12/1678 1402/11/1679 1401/11/1680
f 1394/11/1653 1411/11/1654 1395/11/1657
f 1418/11/1681 1403/11/1682 1402/11/1679
f 1411/11/1654 1396/11/1368 1395/11/1657
f 1419/11/1659 1404/11/1658 1403/11/1682
f 1412/11/1368 1397/11/1664 1396/11/1368
f 1404/11/1658 1421/11/1661 1405/11/1683
f 1413/11/1660 1398/11/1684 1397/11/1664
f 1405/11/1683 1422/11/1685 1406/11/1686
f 1414/11/1687 1399/11/1688 1398/11/1684
f 1391/11/1689 1408/11/1690 1392/11/1674
f 1406/11/1686 1407/11/1691 1391/11/1689
f 1415/11/1692 1400/11/1677 1399/11/1688
f 1392/11/1674 1409/11/1649 1393/11/1647
f 1424/9/1358 1425/9/1358 1423/9/1358
f 1427/9/1358 1430/9/1358 1429/9/1358
f 1431/9/1359 1434/9/1359 1432/9/1359
f 1437/9/1359 1436/9/1359 1435/9/1359
f 1436/9/1360 1430/9/1360 1428/9/1360
f 1437/9/139 1427/9/139 1429/9/139
f 1424/9/1361 1434/9/1361 1426/10/1361
f 1425/9/1362 1431/9/1362 1423/9/1362
f 1441/9/1358 1440/9/1358 1439/9/1358
f 1443/9/1358 1446/9/1358 1444/9/1358
f 1447/9/1359 1450/9/1359 1449/9/1359
f 1452/9/1359 1453/9/1359 1451/9/1359
f 1446/9/1363 1452/9/1363 1444/9/1363
f 1443/9/25 1453/9/25 1445/9/25
f 1440/9/1362 1450/9/1362 1448/9/1362
f 1441/9/1361 1447/9/1361 1449/9/1361
f 1455/7/1364 1458/7/1365 1457/7/1365
f 1458/7/1365 1459/7/1366 1457/7/1365
f 1460/7/1366 1461/7/1367 1459/7/1366
f 1462/7/1367 1463/7/25 1461/7/1367
f 1464/7/25 1465/7/1368 1463/7/25
f 1466/7/1368 1467/7/1369 1465/7/1368
f 1467/7/1369 1470/7/1370 1469/7/1370
f 1470/7/1370 1471/7/1371 1469/7/1370
f 1471/7/1371 1474/7/1372 1473/7/1372
f 1474/7/1372 1475/7/1373 1473/7/1372
f 1476/7/1373 1477/7/1693 1475/7/1373
f 1478/7/1694 1479/7/1695 1477/7/1693
f 1479/7/1695 1482/7/1696 1481/7/1697
f 1482/7/1696 1483/7/1376 1481/7/1697
f 1491/7/1373 1489/7/1372 1488/7/1372
f 1483/7/1376 1486/7/1377 1485/7/1377
f 1486/7/1377 1455/7/1364 1485/7/1377
f 1487/7/1371 1489/7/1372 1490/7/1371
f 1493/7/1374 1492/7/1373 1491/7/1373
f 1495/7/139 1494/7/1374 1493/7/1374
f 1497/7/1375 1496/7/139 1495/7/139
f 1499/7/1376 1498/7/1375 1497/7/1375
f 1501/7/1377 1500/7/1376 1499/7/1376
f 1501/7/1377 1504/7/1364 1502/7/1377
f 1505/7/1365 1504/7/1364 1503/7/1364
f 1505/7/1365 1508/7/1366 1506/7/1365
f 1507/7/1366 1510/7/1698 1508/7/1366
f 1511/7/1699 1510/7/1698 1509/7/1700
f 1511/7/1699 1514/7/1701 1512/7/1702
f 1513/7/1703 1516/7/1369 1514/7/1701
f 1517/7/1370 1516/7/1369 1515/7/1369
f 1487/7/1371 1518/7/1370 1517/7/1370
f 1477/7/1704 1507/7/1705 1475/7/1705
f 1458/7/1380 1492/7/1381 1460/7/1381
f 1508/7/1706 1478/7/1383 1476/7/1706
f 1469/7/1384 1499/7/1410 1467/7/1410
f 1487/7/1386 1485/7/1707 1455/7/1386
f 1500/7/1708 1470/7/1709 1468/7/1708
f 1518/7/1390 1456/7/1391 1486/7/1390
f 1493/7/1392 1459/7/1393 1461/7/1392
f 1479/7/1710 1509/7/1711 1477/7/1704
f 1460/7/1381 1494/7/1395 1462/7/1395
f 1510/7/1383 1480/7/1411 1478/7/1383
f 1471/7/1397 1501/7/1384 1469/7/1384
f 1502/7/1709 1472/7/1398 1470/7/1709
f 1495/7/1413 1461/7/1392 1463/7/1413
f 1513/7/1712 1479/7/1710 1481/7/1713
f 1462/7/1395 1496/7/1412 1464/7/1412
f 1512/7/1411 1482/7/1402 1480/7/1411
f 1505/7/1403 1471/7/1397 1473/7/1403
f 1472/7/1398 1506/7/1404 1474/7/1404
f 1497/7/1405 1463/7/1413 1465/7/1405
f 1483/7/1714 1513/7/1712 1481/7/1713
f 1488/7/1715 1455/7/1386 1457/7/1715
f 1464/7/1412 1498/7/1408 1466/7/1408
f 1482/7/1402 1516/7/1409 1484/7/1409
f 1456/7/1391 1489/7/1380 1458/7/1380
f 1507/7/1705 1473/7/1403 1475/7/1705
f 1474/7/1404 1508/7/1706 1476/7/1706
f 1499/7/1410 1465/7/1405 1467/7/1410
f 1485/7/1707 1515/7/1714 1483/7/1714
f 1498/7/1408 1468/7/1708 1466/7/1408
f 1516/7/1409 1486/7/1390 1484/7/1409
f 1491/7/1393 1457/7/1715 1459/7/1393
f 1521/7/1365 1520/7/1364 1519/7/1364
f 1521/7/1365 1524/7/1366 1522/7/1365
f 1525/7/1367 1524/7/1366 1523/7/1366
f 1525/7/1367 1528/7/25 1526/7/1367
f 1527/7/25 1530/7/1368 1528/7/25
f 1529/7/1368 1532/7/1369 1530/7/1368
f 1531/7/1369 1534/7/1370 1532/7/1369
f 1533/7/1370 1536/7/1371 1534/7/1370
f 1537/7/1372 1536/7/1371 1535/7/1371
f 1539/7/1373 1538/7/1372 1537/7/1372
f 1541/7/1716 1540/7/1373 1539/7/1373
f 1543/7/1717 1542/7/1718 1541/7/1716
f 1543/7/1717 1546/7/1719 1544/7/1720
f 1547/7/1376 1546/7/1719 1545/7/1721
f 1553/7/1372 1555/7/1373 1552/7/1372
f 1549/7/1377 1548/7/1376 1547/7/1376
f 1549/7/1377 1520/7/1364 1550/7/1377
f 1551/7/1371 1553/7/1372 1552/7/1372
f 1555/7/1373 1558/7/1374 1557/7/1374
f 1558/7/1374 1559/7/139 1557/7/1374
f 1559/7/139 1562/7/1375 1561/7/1375
f 1561/7/1375 1564/7/1376 1563/7/1376
f 1563/7/1376 1566/7/1377 1565/7/1377
f 1566/7/1377 1567/7/1364 1565/7/1377
f 1568/7/1364 1569/7/1365 1567/7/1364
f 1570/7/1365 1571/7/1366 1569/7/1365
f 1572/7/1366 1573/7/1722 1571/7/1366
f 1574/7/1723 1575/7/1724 1573/7/1722
f 1575/7/1724 1578/7/1725 1577/7/1726
f 1577/7/1726 1580/7/1369 1579/7/1369
f 1580/7/1369 1581/7/1370 1579/7/1369
f 1581/7/1370 1554/7/1371 1551/7/1371
f 1541/7/1727 1571/7/1382 1573/7/1728
f 1524/7/1729 1553/7/1730 1522/7/1730
f 1540/7/1379 1574/7/1731 1572/7/1379
f 1531/7/1388 1565/7/1709 1533/7/1709
f 1519/7/1391 1581/7/1390 1551/7/1391
f 1532/7/1410 1566/7/1384 1564/7/1410
f 1520/7/1386 1582/7/1732 1550/7/1732
f 1523/7/1381 1557/7/1395 1525/7/1395
f 1543/7/1733 1573/7/1728 1575/7/1734
f 1524/7/1729 1558/7/1392 1556/7/1729
f 1544/7/1735 1574/7/1731 1542/7/1736
f 1535/7/1398 1565/7/1709 1567/7/1398
f 1534/7/1737 1568/7/1397 1566/7/1384
f 1525/7/1395 1559/7/1412 1527/7/1412
f 1543/7/1733 1577/7/1738 1545/7/1739
f 1528/7/1413 1558/7/1392 1526/7/1392
f 1544/7/1735 1578/7/1740 1576/7/1741
f 1535/7/1398 1569/7/1404 1537/7/1404
f 1538/7/1403 1568/7/1397 1536/7/1397
f 1527/7/1412 1561/7/1408 1529/7/1408
f 1545/7/1739 1579/7/1409 1547/7/1409
f 1521/7/1742 1551/7/1391 1552/7/1742
f 1528/7/1413 1562/7/1405 1560/7/1413
f 1546/7/1743 1580/7/1406 1578/7/1740
f 1520/7/1386 1553/7/1730 1554/7/1386
f 1539/7/1382 1569/7/1404 1571/7/1382
f 1538/7/1403 1572/7/1379 1570/7/1403
f 1529/7/1408 1563/7/1388 1531/7/1388
f 1549/7/1390 1579/7/1409 1581/7/1390
f 1530/7/1405 1564/7/1410 1562/7/1405
f 1548/7/1406 1582/7/1732 1580/7/1406
f 1521/7/1742 1555/7/1381 1523/7/1381
f 1588/9/1371 1590/9/1416 1591/9/1416
f 1585/9/1417 1604/9/1744 1603/9/1744
f 1592/9/1419 1587/9/1371 1588/9/1371
f 1583/9/1745 1592/9/1419 1584/9/1745
f 1595/9/1421 1600/9/1364 1601/9/1421
f 1606/9/1422 1598/9/1423 1605/9/1422
f 1596/9/1364 1599/9/1424 1600/9/1364
f 1593/9/1425 1599/9/1424 1602/9/1424
f 1604/9/1426 1601/9/1427 1591/10/1428
f 1585/9/1359 1597/9/1359 1586/9/1359
f 1583/9/1429 1602/9/1430 1589/9/1431
f 1600/9/1432 1592/9/1433 1588/9/1432
f 1599/9/1434 1584/10/1435 1592/9/1433
f 1594/9/1358 1583/9/1358 1584/9/1358
f 1589/9/1431 1596/9/1436 1587/9/1436
f 1605/9/1437 1585/9/1438 1603/9/1439
f 1596/9/1436 1590/9/1440 1587/9/1436
f 1591/10/1428 1600/9/1432 1588/9/1432
f 1595/9/1441 1603/9/1439 1590/9/1440
f 1586/9/1442 1606/9/1443 1604/9/1426
f 1601/9/1421 1605/9/1422 1595/9/1421
f 1603/9/1744 1591/9/1416 1590/9/1416
f 1612/9/1373 1614/9/1444 1615/9/1444
f 1609/9/1445 1628/9/1446 1627/9/1446
f 1612/9/1373 1613/9/1447 1611/9/1373
f 1613/9/1447 1608/9/1448 1607/9/1448
f 1625/9/1449 1620/9/1366 1624/9/1366
f 1630/9/1450 1622/9/1451 1629/9/1450
f 1620/9/1366 1623/9/1452 1624/9/1366
f 1617/9/1453 1623/9/1452 1626/9/1452
f 1628/9/1454 1625/9/1455 1615/9/1456
f 1622/9/1359 1610/9/1359 1609/9/1359
f 1607/9/1457 1626/9/1458 1613/9/1459
f 1624/9/1460 1616/9/1461 1612/9/1746
f 1623/9/1462 1608/9/1463 1616/9/1461
f 1608/9/1358 1617/9/1358 1607/9/1358
f 1613/9/1459 1620/9/1464 1611/9/1464
f 1629/9/1465 1609/9/1466 1627/9/1467
f 1620/9/1464 1614/9/1468 1611/9/1464
f 1615/9/1456 1624/9/1460 1612/9/1746
f 1619/9/1469 1627/9/1467 1614/9/1468
f 1610/9/1747 1630/9/1471 1628/9/1454
f 1625/9/1449 1629/9/1450 1619/9/1449
f 1614/9/1444 1628/9/1446 1615/9/1444
f 1639/9/1748 1635/9/1749 1638/9/1748
f 1633/9/1473 1652/9/1474 1651/9/1474
f 1636/9/1749 1637/9/1750 1635/9/1749
f 1637/9/1750 1632/9/1476 1631/9/1476
f 1649/9/1751 1644/9/1752 1648/9/1752
f 1654/9/1478 1646/9/1479 1653/9/1478
f 1648/9/1752 1650/9/1753 1647/9/1753
f 1642/9/1481 1650/9/1753 1641/9/1481
f 1652/9/1482 1649/9/1754 1639/9/1755
f 1633/9/1359 1645/9/1359 1634/9/1359
f 1631/9/1485 1650/9/1756 1637/9/1757
f 1648/9/1758 1640/9/1759 1636/9/1760
f 1647/9/1761 1632/9/1491 1640/9/1759
f 1632/9/1358 1641/9/1358 1631/9/1358
f 1637/9/1757 1644/9/1762 1635/9/1763
f 1653/9/1493 1633/9/1494 1651/9/1495
f 1644/9/1762 1638/9/1764 1635/9/1763
f 1639/9/1755 1648/9/1758 1636/9/1760
f 1643/9/1765 1651/9/1495 1638/9/1764
f 1634/10/1498 1654/9/1499 1652/9/1482
f 1649/9/1751 1653/9/1478 1643/9/1751
f 1651/9/1474 1639/9/1748 1638/9/1748
f 1660/9/1376 1662/9/1500 1663/9/1500
f 1657/9/1502 1676/9/1501 1675/9/1501
f 1660/9/1376 1661/9/1503 1659/9/1376
f 1655/9/1504 1664/9/1503 1656/9/1504
f 1673/9/1505 1668/9/1369 1672/9/1369
f 1678/9/1506 1670/9/1507 1677/9/1506
f 1668/9/1369 1671/9/1508 1672/9/1369
f 1665/9/1509 1671/9/1508 1674/9/1508
f 1676/9/1510 1673/9/1511 1663/9/1512
f 1670/9/1359 1658/9/1359 1657/9/1359
f 1655/9/1513 1674/9/1514 1661/9/1515
f 1672/9/1516 1664/9/1517 1660/9/1516
f 1671/9/1518 1656/9/1519 1664/9/1517
f 1666/9/1358 1655/9/1358 1656/9/1358
f 1661/9/1515 1668/9/1766 1659/9/1766
f 1677/9/1521 1657/9/1522 1675/9/1523
f 1668/9/1766 1662/9/1524 1659/9/1766
f 1663/9/1512 1672/9/1516 1660/9/1516
f 1667/9/1525 1675/9/1523 1662/9/1524
f 1658/9/1526 1678/10/1527 1676/9/1510
f 1667/9/1505 1678/9/1506 1677/9/1506
f 1675/9/1501 1663/9/1500 1662/9/1500
f 1684/9/1364 1686/9/1528 1687/9/1528
f 1681/9/1530 1700/9/1529 1699/9/1529
f 1684/9/1364 1685/9/1531 1683/9/1364
f 1685/9/1531 1680/9/1532 1679/9/1532
f 1691/9/1533 1696/9/1371 1697/9/1533
f 1702/9/1534 1694/9/1535 1701/9/1534
f 1692/9/1371 1695/9/1536 1696/9/1371
f 1690/9/1537 1698/9/1536 1689/9/1537
f 1700/9/1538 1697/9/1539 1687/9/1540
f 1694/10/1359 1682/9/1359 1681/9/1359
f 1679/9/1541 1698/9/1542 1685/9/1543
f 1696/9/1544 1688/9/1545 1684/9/1544
f 1695/9/1546 1680/9/1547 1688/9/1545
f 1690/9/1358 1679/9/1358 1680/9/1358
f 1685/9/1543 1692/9/1548 1683/9/1548
f 1701/9/1549 1681/9/1550 1699/9/1551
f 1692/9/1548 1686/9/1552 1683/9/1548
f 1687/9/1540 1696/9/1544 1684/9/1544
f 1691/9/1553 1699/9/1551 1686/9/1552
f 1682/9/1554 1702/9/1555 1700/9/1538
f 1697/9/1533 1701/9/1534 1691/9/1533
f 1686/9/1528 1700/9/1529 1687/9/1528
f 1708/9/1366 1710/9/1556 1711/9/1556
f 1723/9/1558 1706/9/1557 1724/9/1558
f 1712/9/1559 1707/9/1366 1708/9/1366
f 1709/9/1559 1704/9/1560 1703/9/1560
f 1715/9/1561 1720/9/1373 1721/9/1561
f 1726/9/1562 1718/9/1563 1725/9/1562
f 1720/9/1373 1722/9/1564 1719/9/1564
f 1714/9/1565 1722/9/1564 1713/9/1565
f 1724/9/1566 1721/9/1567 1711/9/1568
f 1705/9/1359 1717/9/1359 1706/9/1359
f 1703/9/1569 1722/9/1570 1709/9/1571
f 1720/9/1572 1712/9/1573 1708/9/1572
f 1719/9/1574 1704/9/1575 1712/9/1573
f 1714/9/1358 1703/9/1358 1704/9/1358
f 1709/9/1571 1716/9/1576 1707/9/1576
f 1725/9/1577 1705/9/1578 1723/9/1579
f 1716/9/1576 1710/9/1580 1707/9/1576
f 1711/9/1568 1720/9/1572 1708/9/1572
f 1715/9/1581 1723/9/1579 1710/9/1580
f 1706/9/1767 1726/9/1583 1724/9/1566
f 1715/9/1561 1726/9/1562 1725/9/1562
f 1723/9/1558 1711/9/1556 1710/9/1556
f 1732/9/25 1734/9/1584 1735/9/1584
f 1747/9/1585 1730/9/1586 1748/9/1585
f 1736/9/1587 1731/9/25 1732/9/25
f 1733/9/1587 1728/9/1588 1727/9/1588
f 1739/9/1589 1744/9/139 1745/9/1589
f 1750/9/1590 1742/9/1591 1749/9/1590
f 1740/9/139 1743/9/1592 1744/9/139
f 1737/9/1593 1743/9/1592 1746/9/1592
f 1748/9/1594 1745/9/1595 1735/9/1596
f 1729/9/1359 1741/9/1359 1730/9/1359
f 1727/9/1597 1746/9/1598 1733/9/1599
f 1744/9/1768 1736/9/1769 1732/9/1768
f 1743/9/1602 1728/9/1603 1736/9/1769
f 1728/9/1358 1737/9/1358 1727/9/1358
f 1733/9/1599 1740/9/1604 1731/9/1604
f 1749/9/1605 1729/9/1606 1747/9/1607
f 1740/9/1604 1734/9/1608 1731/9/1604
f 1735/9/1596 1744/9/1768 1732/9/1768
f 1739/9/1609 1747/9/1607 1734/9/1608
f 1730/9/1610 1750/9/1611 1748/9/1594
f 1739/9/1589 1750/9/1590 1749/9/1590
f 1734/9/1584 1748/9/1585 1735/9/1584
f 1756/9/1369 1758/9/1612 1759/9/1612
f 1771/9/1613 1754/9/1614 1772/9/1613
f 1760/9/1615 1755/9/1369 1756/9/1369
f 1757/9/1615 1752/9/1616 1751/9/1616
f 1763/9/1617 1768/9/1376 1769/9/1617
f 1773/9/1618 1765/9/1619 1766/9/1619
f 1764/9/1376 1767/9/1620 1768/9/1376
f 1762/9/1621 1770/9/1620 1761/9/1621
f 1772/9/1770 1769/9/1623 1759/9/1624
f 1766/9/1359 1754/9/1359 1753/9/1359
f 1751/9/1625 1770/9/1626 1757/9/1627
f 1768/9/1628 1760/9/1629 1756/9/1628
f 1767/9/1630 1752/9/1631 1760/9/1629
f 1752/9/1358 1761/9/1358 1751/9/1358
f 1757/9/1627 1764/9/1771 1755/9/1771
f 1773/9/1633 1753/9/1634 1771/9/1635
f 1764/9/1771 1758/9/1636 1755/9/1771
f 1759/9/1624 1768/9/1628 1756/9/1628
f 1763/9/1637 1771/9/1635 1758/9/1636
f 1754/9/1638 1774/9/1639 1772/9/1770
f 1769/9/1617 1773/9/1618 1763/9/1617
f 1771/9/1613 1759/9/1612 1758/9/1612
f 1775/9/1359 1778/9/1359 1777/9/1359
f 1780/9/1359 1781/9/1359 1779/9/1359
f 1783/9/1358 1786/9/1358 1784/9/1358
f 1787/9/1358 1790/9/1358 1788/9/1358
f 1780/9/1640 1790/9/1640 1782/9/1640
f 1789/9/139 1779/9/139 1781/9/139
f 1776/9/1641 1786/9/1641 1778/9/1641
f 1777/9/1642 1783/9/1642 1775/9/1642
f 1791/9/1359 1794/9/1359 1792/10/1359
f 1797/9/1359 1796/9/1359 1795/9/1359
f 1799/9/1358 1802/9/1358 1801/9/1358
f 1804/9/1358 1805/9/1358 1803/9/1358
f 1796/9/1643 1806/9/1643 1804/9/1643
f 1795/9/25 1805/9/25 1797/9/25
f 1794/9/1642 1800/9/1642 1792/9/1642
f 1793/9/1641 1799/9/1641 1801/9/1641
f 1817/11/1772 1832/11/1773 1816/11/1774
f 1809/11/1775 1826/11/1776 1825/11/1777
f 1818/11/1778 1833/11/1779 1817/11/1780
f 1810/11/1781 1827/11/1782 1826/11/1776
f 1819/11/1783 1834/11/1784 1818/11/1778
f 1811/11/1785 1828/11/1786 1827/11/1782
f 1820/11/1787 1835/11/1788 1819/11/1783
f 1813/11/1789 1828/11/1786 1812/11/1786
f 1820/11/1787 1837/11/1790 1836/11/1791
f 1814/11/1792 1829/11/1793 1813/11/1789
f 1821/11/1794 1838/11/1795 1837/11/1790
f 1815/11/1796 1830/11/1797 1814/11/1792
f 1807/11/1798 1824/11/1799 1823/11/1800
f 1822/11/1801 1823/11/1800 1838/11/1795
f 1816/11/1774 1831/11/1802 1815/11/1796
f 1808/11/1803 1825/11/1777 1824/11/1799
f 1864/11/1675 1849/11/1676 1848/11/1677
f 1841/11/1647 1858/11/1648 1842/11/1653
f 1865/11/1678 1850/11/1679 1849/11/1804
f 1842/11/1653 1859/11/1654 1843/11/1657
f 1866/11/1681 1851/11/1682 1850/11/1679
f 1843/11/1657 1860/11/1368 1844/11/1368
f 1867/11/1659 1852/11/1658 1851/11/1682
f 1860/11/1368 1845/11/1664 1844/11/1368
f 1852/11/1658 1869/11/1661 1853/11/1683
f 1861/11/1660 1846/11/1684 1845/11/1664
f 1853/11/1683 1870/11/1685 1854/11/1686
f 1862/11/1687 1847/11/1688 1846/11/1684
f 1839/11/1689 1856/11/1690 1840/11/1674
f 1854/11/1686 1855/11/1691 1839/11/1689
f 1863/11/1692 1848/11/1677 1847/11/1688
f 1840/11/1674 1857/11/1649 1841/11/1647
f 1873/9/1805 1872/9/1805 1871/9/1805
f 1877/9/1805 1876/9/1805 1875/9/1805
f 1879/9/1806 1882/9/1806 1881/9/1806
f 1883/9/1806 1886/9/1806 1885/9/1806
f 1876/9/1807 1886/9/1807 1884/9/1807
f 1875/9/139 1885/9/139 1877/9/139
f 1872/9/1808 1882/9/1808 1880/9/1808
f 1873/9/1809 1879/9/1809 1881/9/1809
f 1888/9/1805 1889/9/1805 1887/9/1805
f 1892/9/1805 1893/9/1805 1891/9/1805
f 1895/9/1806 1898/9/1806 1896/9/1806
f 1899/9/1806 1902/9/1806 1900/9/1806
f 1892/9/1810 1902/9/1810 1894/9/1810
f 1901/9/25 1891/9/25 1893/9/25
f 1888/9/1809 1898/9/1809 1890/9/1809
f 1889/9/1808 1895/9/1808 1887/9/1808
f 1905/7/1811 1904/7/1812 1903/7/1812
f 1905/7/1811 1908/7/1813 1906/7/1811
f 1907/7/1813 1910/7/1814 1908/7/1813
f 1911/7/25 1910/7/1814 1909/7/1814
f 1913/7/1815 1912/7/25 1911/7/25
f 1915/7/1816 1914/7/1815 1913/7/1815
f 1917/7/1817 1916/7/1816 1915/7/1816
f 1919/7/1818 1918/7/1817 1917/7/1817
f 1919/7/1818 1922/7/1819 1920/7/1818
f 1921/7/1819 1924/7/1820 1922/7/1819
f 1925/7/1821 1924/7/1820 1923/7/1820
f 1927/7/139 1926/7/1821 1925/7/1821
f 1927/7/139 1930/7/1822 1928/7/139
f 1931/7/1823 1930/7/1822 1929/7/1822
f 1937/7/1819 1939/7/1820 1936/7/1819
f 1933/7/1824 1932/7/1823 1931/7/1823
f 1903/7/1812 1934/7/1824 1933/7/1824
f 1938/7/1818 1936/7/1819 1935/7/1818
f 1939/7/1820 1942/7/1821 1941/7/1821
f 1942/7/1821 1943/7/139 1941/7/1821
f 1943/7/139 1946/7/1822 1945/7/1822
f 1946/7/1822 1947/7/1823 1945/7/1822
f 1947/7/1823 1950/7/1824 1949/7/1824
f 1950/7/1824 1951/7/1812 1949/7/1824
f 1951/7/1812 1954/7/1811 1953/7/1811
f 1954/7/1811 1955/7/1813 1953/7/1811
f 1955/7/1813 1958/7/1814 1957/7/1814
f 1958/7/1814 1959/7/25 1957/7/1814
f 1959/7/25 1962/7/1815 1961/7/1815
f 1961/7/1815 1964/7/1816 1963/7/1816
f 1963/7/1816 1966/7/1817 1965/7/1817
f 1966/7/1817 1935/7/1818 1965/7/1817
f 1925/7/1825 1955/7/1826 1957/7/1825
f 1906/7/1827 1940/7/1828 1937/7/1827
f 1924/7/1829 1958/7/1830 1956/7/1829
f 1917/7/1831 1947/7/1832 1949/7/1831
f 1903/7/1833 1965/7/1834 1935/7/1833
f 1918/7/1835 1948/7/1836 1916/7/1836
f 1904/7/1837 1966/7/1838 1934/7/1838
f 1907/7/1839 1941/7/1840 1909/7/1840
f 1927/7/1841 1957/7/1825 1959/7/1841
f 1908/7/1828 1942/7/1842 1940/7/1828
f 1928/7/1843 1958/7/1830 1926/7/1830
f 1919/7/1844 1949/7/1831 1951/7/1844
f 1920/7/1845 1950/7/1835 1918/7/1835
f 1909/7/1840 1943/7/1846 1911/7/1846
f 1929/7/1847 1959/7/1841 1961/7/1847
f 1910/7/1842 1944/7/1848 1942/7/1842
f 1930/7/1849 1960/7/1843 1928/7/1843
f 1919/7/1844 1953/7/1850 1921/7/1850
f 1920/7/1845 1954/7/1851 1952/7/1845
f 1911/7/1846 1945/7/1852 1913/7/1852
f 1931/7/1853 1961/7/1847 1963/7/1853
f 1903/7/1833 1936/7/1854 1905/7/1854
f 1912/7/1848 1946/7/1855 1944/7/1848
f 1930/7/1849 1964/7/1856 1962/7/1849
f 1904/7/1837 1937/7/1827 1938/7/1837
f 1923/7/1826 1953/7/1850 1955/7/1826
f 1924/7/1829 1954/7/1851 1922/7/1851
f 1913/7/1852 1947/7/1832 1915/7/1832
f 1931/7/1853 1965/7/1834 1933/7/1834
f 1916/7/1836 1946/7/1855 1914/7/1855
f 1932/7/1856 1966/7/1838 1964/7/1856
f 1905/7/1854 1939/7/1839 1907/7/1839
f 1967/7/1812 1970/7/1811 1969/7/1811
f 1970/7/1811 1971/7/1813 1969/7/1811
f 1971/7/1813 1974/7/1814 1973/7/1814
f 1973/7/1814 1976/7/25 1975/7/25
f 1976/7/25 1977/7/1815 1975/7/25
f 1978/7/1815 1979/7/1816 1977/7/1815
f 1980/7/1816 1981/7/1817 1979/7/1816
f 1981/7/1817 1984/7/1818 1983/7/1818
f 1984/7/1818 1985/7/1819 1983/7/1818
f 1985/7/1819 1988/7/1820 1987/7/1820
f 1987/7/1820 1990/7/1821 1989/7/1821
f 1989/7/1821 1992/7/139 1991/7/139
f 1991/7/139 1994/7/1822 1993/7/1822
f 1993/7/1822 1996/7/1823 1995/7/1823
f 2000/7/1819 2004/7/1820 2001/7/1819
f 1995/7/1823 1998/7/1824 1997/7/1824
f 1997/7/1824 1968/7/1812 1967/7/1812
f 2000/7/1819 2002/7/1818 1999/7/1818
f 2005/7/1821 2004/7/1820 2003/7/1820
f 2005/7/1821 2008/7/139 2006/7/1821
f 2007/7/139 2010/7/1822 2008/7/139
f 2011/7/1823 2010/7/1822 2009/7/1822
f 2013/7/1824 2012/7/1823 2011/7/1823
f 2013/7/1824 2016/7/1812 2014/7/1824
f 2017/7/1811 2016/7/1812 2015/7/1812
f 2017/7/1811 2020/7/1813 2018/7/1811
f 2021/7/1814 2020/7/1813 2019/7/1813
f 2023/7/25 2022/7/1814 2021/7/1814
f 2023/7/25 2026/7/1815 2024/7/25
f 2027/7/1816 2026/7/1815 2025/7/1815
f 2027/7/1816 2030/7/1817 2028/7/1816
f 1999/7/1818 2030/7/1817 2029/7/1817
f 1989/7/1830 2019/7/1829 1987/7/1829
f 1970/7/1854 2004/7/1839 1972/7/1839
f 2020/7/1857 1990/7/1825 1988/7/1857
f 2013/7/1835 1979/7/1836 1981/7/1835
f 1967/7/1837 2029/7/1838 1997/7/1838
f 2012/7/1858 1982/7/1831 1980/7/1858
f 2030/7/1834 1968/7/1833 1998/7/1834
f 2005/7/1842 1971/7/1828 1973/7/1842
f 2023/7/1859 1989/7/1830 1991/7/1859
f 1972/7/1839 2006/7/1840 1974/7/1840
f 2022/7/1825 1992/7/1841 1990/7/1825
f 1983/7/1845 2013/7/1835 1981/7/1835
f 2014/7/1831 1984/7/1844 1982/7/1831
f 1975/7/1860 2005/7/1842 1973/7/1842
f 2025/7/1849 1991/7/1859 1993/7/1849
f 2006/7/1840 1976/7/1861 1974/7/1840
f 1992/7/1841 2026/7/1847 1994/7/1847
f 2017/7/1862 1983/7/1845 1985/7/1862
f 2016/7/1844 1986/7/1863 1984/7/1844
f 1977/7/1855 2007/7/1860 1975/7/1860
f 2027/7/1856 1993/7/1849 1995/7/1856
f 2000/7/1827 1967/7/1837 1969/7/1827
f 1976/7/1861 2010/7/1852 1978/7/1852
f 2026/7/1847 1996/7/1853 1994/7/1847
f 2002/7/1833 1970/7/1854 1968/7/1833
f 1987/7/1829 2017/7/1862 1985/7/1862
f 2018/7/1850 1988/7/1857 1986/7/1863
f 2011/7/1836 1977/7/1855 1979/7/1836
f 1997/7/1838 2027/7/1856 1995/7/1856
f 1978/7/1852 2012/7/1858 1980/7/1858
f 2028/7/1853 1998/7/1834 1996/7/1853
f 2003/7/1828 1969/7/1827 1971/7/1828
f 2038/9/1864 2036/9/1818 2039/9/1864
f 2052/9/1865 2033/9/1866 2051/9/1865
f 2035/9/1818 2040/9/1867 2036/9/1818
f 2032/9/1868 2037/9/1867 2031/9/1869
f 2048/9/1812 2043/9/1870 2049/9/1870
f 2046/10/1871 2054/9/1872 2053/9/1872
f 2047/9/1873 2044/9/1812 2048/9/1812
f 2050/9/1873 2042/9/1874 2041/9/1874
f 2052/9/1875 2049/9/1876 2054/9/1877
f 2033/9/1806 2045/9/1806 2046/9/1806
f 2031/9/1878 2050/9/1879 2041/9/1878
f 2040/9/1880 2048/9/1881 2036/9/1881
f 2032/9/1882 2047/9/1883 2040/9/1880
f 2031/9/1805 2042/9/1805 2032/9/1805
f 2037/9/1884 2044/9/1885 2050/9/1879
f 2033/9/1886 2053/9/1887 2051/9/1888
f 2038/9/1889 2044/9/1885 2035/9/1885
f 2039/9/1890 2048/9/1881 2049/9/1876
f 2051/9/1888 2043/9/1891 2038/9/1889
f 2034/9/1892 2054/9/1877 2045/9/1892
f 2053/9/1872 2049/9/1870 2043/9/1870
f 2039/9/1864 2051/9/1865 2038/9/1864
f 2063/9/1893 2059/9/1820 2060/9/1820
f 2076/9/1894 2057/9/1895 2075/9/1894
f 2060/9/1820 2061/9/1896 2064/9/1896
f 2056/9/1897 2061/9/1896 2055/9/1897
f 2072/9/1813 2067/9/1898 2073/9/1898
f 2070/9/1899 2078/9/1900 2077/9/1900
f 2072/9/1813 2074/9/1901 2068/9/1813
f 2074/9/1901 2066/9/1902 2065/9/1902
f 2076/9/1903 2073/9/1904 2078/9/1905
f 2057/9/1806 2069/9/1806 2070/9/1806
f 2055/9/1906 2074/9/1907 2065/9/1906
f 2064/9/1908 2072/9/1909 2060/9/1909
f 2056/9/1910 2071/9/1911 2064/9/1908
f 2055/9/1805 2066/9/1805 2056/9/1805
f 2061/9/1912 2068/9/1913 2074/9/1907
f 2057/9/1914 2077/9/1915 2075/9/1916
f 2062/9/1917 2068/9/1913 2059/9/1913
f 2063/9/1918 2072/9/1909 2073/9/1904
f 2075/9/1916 2067/9/1919 2062/9/1917
f 2058/9/1920 2078/9/1905 2069/9/1920
f 2077/9/1900 2073/9/1898 2067/9/1898
f 2063/9/1893 2075/9/1894 2062/9/1893
f 2086/9/1921 2084/9/139 2087/9/1921
f 2100/9/1922 2081/9/1923 2099/9/1922
f 2083/9/139 2088/9/1924 2084/9/139
f 2080/9/1925 2085/9/1924 2079/9/1925
f 2096/9/25 2091/9/1926 2097/9/1926
f 2101/9/1927 2093/9/1928 2102/9/1927
f 2095/9/1929 2092/9/25 2096/9/25
f 2089/9/1930 2095/9/1929 2090/9/1930
f 2100/9/1931 2097/9/1932 2102/9/1933
f 2081/9/1806 2093/9/1806 2094/9/1806
f 2079/9/1934 2098/9/1935 2089/9/1934
f 2088/9/1936 2096/9/1937 2084/9/1937
f 2080/9/1938 2095/9/1939 2088/9/1936
f 2080/9/1805 2089/9/1805 2090/9/1805
f 2085/9/1940 2092/9/1941 2098/9/1935
f 2081/9/1942 2101/9/1943 2099/9/1944
f 2086/9/1945 2092/9/1941 2083/9/1941
f 2087/9/1946 2096/9/1937 2097/9/1932
f 2099/9/1944 2091/9/1947 2086/9/1945
f 2082/9/1948 2102/9/1933 2093/9/1948
f 2101/9/1927 2097/9/1926 2091/9/1926
f 2087/9/1921 2099/9/1922 2086/9/1921
f 2110/9/1949 2108/9/1823 2111/9/1949
f 2123/9/1950 2106/9/1951 2105/9/1951
f 2108/9/1823 2109/9/1952 2112/9/1952
f 2104/9/1953 2109/9/1952 2103/9/1953
f 2121/9/1954 2116/9/1816 2115/9/1954
f 2125/9/1955 2117/9/1956 2126/9/1955
f 2120/9/1816 2122/9/1957 2116/9/1816
f 2113/9/1958 2119/9/1957 2114/9/1958
f 2124/9/1959 2121/9/1960 2126/9/1961
f 2105/9/1806 2117/9/1806 2118/9/1806
f 2103/9/1962 2122/9/1963 2113/9/1962
f 2112/9/1964 2120/9/1965 2108/9/1965
f 2104/9/1966 2119/9/1967 2112/9/1964
f 2103/9/1805 2114/9/1805 2104/9/1805
f 2109/9/1968 2116/9/1969 2122/9/1963
f 2105/9/1970 2125/9/1971 2123/9/1972
f 2110/9/1973 2116/9/1969 2107/9/1969
f 2111/9/1974 2120/9/1965 2121/9/1960
f 2123/9/1972 2115/9/1975 2110/9/1973
f 2106/9/1976 2126/9/1961 2117/9/1976
f 2125/9/1955 2121/9/1954 2115/9/1954
f 2111/9/1949 2123/9/1950 2110/9/1949
f 2134/9/1977 2132/9/1812 2135/9/1977
f 2147/9/1978 2130/9/1979 2129/9/1979
f 2132/9/1812 2133/9/1980 2136/9/1980
f 2127/9/1981 2136/9/1980 2133/9/1980
f 2144/9/1818 2139/9/1982 2145/9/1982
f 2142/9/1983 2150/9/1984 2149/9/1984
f 2143/9/1985 2140/9/1818 2144/9/1818
f 2137/9/1986 2143/9/1985 2138/9/1986
f 2148/9/1987 2145/9/1988 2150/9/1989
f 2130/9/1806 2142/9/1806 2129/9/1806
f 2127/9/1990 2146/9/1991 2137/9/1990
f 2136/9/1992 2144/9/1993 2132/9/1993
f 2128/9/1994 2143/9/1995 2136/9/1992
f 2128/9/1805 2137/9/1805 2138/9/1805
f 2133/9/1996 2140/9/1997 2146/9/1991
f 2129/9/1998 2149/9/1999 2147/9/2000
f 2134/9/2001 2140/9/1997 2131/9/1997
f 2135/9/2002 2144/9/1993 2145/9/1988
f 2147/9/2000 2139/9/2003 2134/9/2001
f 2130/9/2004 2150/9/1989 2141/9/2004
f 2149/9/1984 2145/9/1982 2139/9/1982
f 2135/9/1977 2147/9/1978 2134/9/1977
f 2158/9/2005 2156/9/1813 2159/9/2005
f 2172/9/2006 2153/9/2007 2171/9/2006
f 2155/9/1813 2160/10/2008 2156/9/1813
f 2151/10/2009 2160/10/2008 2157/9/2008
f 2168/9/1820 2163/9/2010 2169/9/2010
f 2166/9/2011 2174/9/2012 2173/9/2012
f 2167/9/2013 2164/9/1820 2168/9/1820
f 2161/9/2014 2167/9/2013 2162/9/2014
f 2172/9/2015 2169/9/2016 2174/9/2017
f 2153/9/1806 2165/9/1806 2166/9/1806
f 2151/9/2018 2170/9/2019 2161/9/2018
f 2160/9/2020 2168/9/2021 2156/9/2021
f 2152/9/2022 2167/9/2023 2160/9/2020
f 2151/9/1805 2162/9/1805 2152/9/1805
f 2157/9/2024 2164/9/2025 2170/9/2019
f 2153/10/2026 2173/9/2027 2171/9/2028
f 2158/9/2029 2164/9/2025 2155/9/2025
f 2159/9/2030 2168/9/2021 2169/9/2016
f 2171/9/2028 2163/9/2031 2158/9/2029
f 2154/9/2032 2174/9/2017 2165/9/2032
f 2173/9/2012 2169/9/2010 2163/9/2010
f 2159/9/2005 2171/9/2006 2158/9/2005
f 2183/9/2033 2179/9/25 2180/9/25
f 2195/9/2034 2178/9/2035 2177/9/2035
f 2180/9/25 2181/9/2036 2184/9/2036
f 2175/9/2037 2184/9/2036 2181/9/2036
f 2192/9/139 2187/9/2038 2193/9/2038
f 2190/9/2039 2198/9/2040 2197/9/2040
f 2192/9/139 2194/9/2041 2188/9/139
f 2194/9/2041 2186/9/2042 2185/9/2042
f 2196/9/2043 2193/9/2044 2198/9/2045
f 2178/9/1806 2190/9/1806 2177/9/1806
f 2175/9/2046 2194/9/2047 2185/9/2046
f 2184/9/2048 2192/9/2049 2180/9/2049
f 2176/9/2050 2191/9/2051 2184/9/2048
f 2175/9/1805 2186/9/1805 2176/9/1805
f 2181/9/2052 2188/9/2053 2194/9/2047
f 2177/9/2054 2197/9/2055 2195/9/2056
f 2182/9/2057 2188/9/2053 2179/9/2053
f 2183/9/2058 2192/9/2049 2193/9/2044
f 2195/9/2056 2187/9/2059 2182/9/2057
f 2178/9/2060 2198/9/2045 2189/9/2060
f 2187/9/2038 2198/9/2040 2193/9/2038
f 2183/9/2033 2195/9/2034 2182/9/2033
f 2206/9/2061 2204/9/1816 2207/9/2061
f 2219/9/2062 2202/9/2063 2201/9/2063
f 2203/9/1816 2208/9/2064 2204/9/1816
f 2200/9/2065 2205/9/2064 2199/9/2065
f 2216/9/1823 2211/9/2066 2217/9/2066
f 2214/9/2067 2222/9/2068 2221/9/2068
f 2215/9/2069 2212/9/1823 2216/9/1823
f 2209/9/2070 2215/9/2069 2210/9/2070
f 2220/9/2071 2217/9/2072 2222/9/2073
f 2202/9/1806 2214/9/1806 2201/9/1806
f 2199/9/2074 2218/9/2075 2209/9/2074
f 2208/9/2076 2216/9/2077 2204/9/2077
f 2200/9/2078 2215/9/2079 2208/9/2076
f 2199/9/1805 2210/9/1805 2200/9/1805
f 2205/9/2080 2212/9/2081 2218/9/2075
f 2201/9/2082 2221/9/2083 2219/9/2084
f 2206/9/2085 2212/9/2081 2203/9/2081
f 2207/9/2086 2216/9/2077 2217/9/2072
f 2219/9/2084 2211/9/2087 2206/9/2085
f 2202/9/2088 2222/9/2073 2213/9/2088
f 2221/9/2068 2217/9/2066 2211/9/2066
f 2207/9/2061 2219/9/2062 2206/9/2061
f 2225/9/1806 2224/9/1806 2223/9/1806
f 2229/10/1806 2228/9/1806 2227/9/1806
f 2232/9/1805 2233/9/1805 2231/9/1805
f 2235/9/1805 2238/9/1805 2237/9/1805
f 2228/9/2089 2238/9/2089 2236/9/2089
f 2229/9/139 2235/9/139 2237/9/139
f 2224/9/2090 2234/9/2090 2232/9/2090
f 2225/9/2091 2231/9/2091 2233/9/2091
f 2240/9/1806 2241/9/1806 2239/9/1806
f 2244/9/1806 2245/9/1806 2243/9/1806
f 2247/9/1805 2250/9/1805 2248/9/1805
f 2251/9/1805 2254/9/1805 2252/9/1805
f 2244/9/2092 2254/9/2092 2246/9/2092
f 2253/9/25 2243/9/25 2245/9/25
f 2248/9/2091 2242/9/2091 2240/9/2091
f 2241/9/2090 2247/9/2090 2239/9/2090
f 2280/11/2093 2265/11/2094 2264/11/2095
f 2257/11/2096 2274/11/2097 2258/11/2098
f 2281/11/2099 2266/11/2100 2265/11/2101
f 2258/11/2098 2275/11/2102 2259/11/2103
f 2282/11/2104 2267/11/2105 2266/11/2100
f 2275/11/2102 2260/11/1815 2259/11/2103
f 2283/11/2106 2268/11/2107 2267/11/2105
f 2260/11/1815 2277/11/2108 2261/11/2109
f 2268/11/2107 2285/11/2110 2269/11/2111
f 2277/11/2108 2262/11/2112 2261/11/2109
f 2269/11/2111 2286/11/2113 2270/11/2114
f 2278/11/2115 2263/11/2116 2262/11/2112
f 2255/11/2117 2272/11/2118 2256/11/2119
f 2270/11/2114 2271/11/2120 2255/11/2117
f 2279/11/2121 2264/11/2095 2263/11/2116
f 2256/11/2119 2273/11/2122 2257/11/2096
f 2297/11/2123 2312/11/2124 2296/11/2125
f 2289/11/2096 2306/11/2097 2305/11/2122
f 2298/11/2126 2313/11/2127 2297/11/2128
f 2290/11/2098 2307/11/2102 2306/11/2097
f 2299/11/2129 2314/11/2130 2298/11/2126
f 2291/11/2103 2308/11/1815 2307/11/2102
f 2300/11/2107 2315/11/2106 2299/11/2129
f 2292/11/1815 2309/11/2108 2308/11/1815
f 2300/11/2107 2317/11/2110 2316/11/2131
f 2294/11/2132 2309/11/2108 2293/11/2109
f 2301/11/2133 2318/11/2134 2317/11/2110
f 2295/11/2135 2310/11/2136 2294/11/2132
f 2287/11/2137 2304/11/2138 2303/11/2139
f 2302/11/2140 2303/11/2139 2318/11/2134
f 2296/11/2125 2311/11/2141 2295/11/2135
f 2288/11/2119 2305/11/2122 2304/11/2138
f 2321/9/1805 2320/9/1805 2319/9/1805
f 2323/9/1805 2326/9/1805 2324/9/1805
f 2327/9/1806 2330/9/1806 2329/9/1806
f 2332/9/1806 2333/9/1806 2331/9/1806
f 2324/9/1807 2334/9/1807 2332/9/1807
f 2323/9/139 2333/9/139 2325/9/139
f 2320/9/1808 2330/9/1808 2328/9/1808
f 2321/9/1809 2327/9/1809 2329/9/1809
f 2336/9/1805 2337/9/1805 2335/9/1805
f 2339/9/1805 2342/9/1805 2341/9/1805
f 2343/9/1806 2346/9/1806 2344/9/1806
f 2349/9/1806 2348/9/1806 2347/9/1806
f 2348/9/1810 2342/9/1810 2340/9/1810
f 2349/9/25 2339/9/25 2341/9/25
f 2336/9/1809 2346/9/1809 2338/9/1809
f 2337/9/1808 2343/9/1808 2335/9/1808
f 2351/8/1812 2354/7/1811 2352/7/1812
f 2355/7/1813 2354/7/1811 2353/8/1811
f 2357/7/1814 2356/7/1813 2355/7/1813
f 2359/7/25 2358/7/1814 2357/7/1814
f 2361/7/1815 2360/7/25 2359/7/25
f 2363/7/1816 2362/7/1815 2361/7/1815
f 2363/7/1816 2366/7/1817 2364/7/1816
f 2367/7/1818 2366/7/1817 2365/7/1817
f 2367/7/1818 2370/7/1819 2368/7/1818
f 2371/7/1820 2370/7/1819 2369/7/1819
f 2371/7/1820 2374/7/2142 2372/7/1820
f 2375/7/2143 2374/7/2142 2373/7/2144
f 2375/7/2143 2378/7/2145 2376/7/2146
f 2377/8/2147 2380/7/1823 2378/7/2145
f 2385/7/1819 2387/7/1820 2384/7/1819
f 2381/8/1824 2380/7/1823 2379/7/1823
f 2351/8/1812 2382/7/1824 2381/8/1824
f 2383/7/1818 2385/7/1819 2384/7/1819
f 2388/8/1820 2389/8/1821 2387/7/1820
f 2390/8/1821 2391/7/139 2389/8/1821
f 2392/7/139 2393/7/1822 2391/7/139
f 2394/7/1822 2395/7/1823 2393/7/1822
f 2396/7/1823 2397/7/1824 2395/7/1823
f 2397/7/1824 2400/7/1812 2399/7/1812
f 2400/7/1812 2401/7/1811 2399/7/1812
f 2401/7/1811 2404/7/1813 2403/7/1813
f 2403/7/1813 2406/7/2148 2405/7/2149
f 2406/7/2148 2407/7/2150 2405/7/2149
f 2407/7/2150 2410/7/2151 2409/7/2152
f 2409/7/2152 2412/7/1816 2411/7/1816
f 2412/7/1816 2413/7/1817 2411/7/1816
f 2414/7/1817 2383/7/1818 2413/7/1817
f 2373/7/2153 2403/7/1826 2405/7/2154
f 2354/7/1827 2388/7/1828 2385/7/1827
f 2374/7/1830 2404/7/2155 2372/7/2155
f 2365/7/1831 2395/7/1858 2397/7/1831
f 2351/7/1833 2413/7/2156 2383/7/1833
f 2366/7/2157 2396/7/2158 2364/7/2158
f 2352/7/1837 2414/7/1838 2382/7/1838
f 2355/7/1839 2389/7/1840 2357/7/1840
f 2375/7/2159 2405/7/2154 2407/7/2160
f 2356/7/1828 2390/7/1842 2388/7/1828
f 2376/7/1859 2406/7/1830 2374/7/1830
f 2367/7/1844 2397/7/1831 2399/7/1844
f 2368/7/1845 2398/7/2157 2366/7/2157
f 2357/7/1840 2391/7/1861 2359/7/1861
f 2375/7/2159 2409/7/2161 2377/7/2162
f 2358/7/1842 2392/7/1860 2390/7/1842
f 2378/7/1849 2408/7/1859 2376/7/1859
f 2367/7/1844 2401/7/1850 2369/7/1850
f 2368/7/1845 2402/7/1851 2400/7/1845
f 2359/7/1861 2393/7/1852 2361/7/1852
f 2377/7/2162 2411/7/2163 2379/7/2163
f 2351/7/1833 2384/7/2164 2353/7/2164
f 2360/7/1860 2394/7/1855 2392/7/1860
f 2380/7/1856 2410/7/1849 2378/7/1849
f 2352/7/1837 2385/7/1827 2386/7/1837
f 2371/7/1826 2401/7/1850 2403/7/1826
f 2372/7/2155 2402/7/1851 2370/7/1851
f 2361/7/1852 2395/7/1858 2363/7/1858
f 2381/7/2156 2411/7/2163 2413/7/2156
f 2364/7/2158 2394/7/1855 2362/7/1855
f 2382/7/1838 2412/7/1856 2380/7/1856
f 2353/7/2164 2387/7/1839 2355/7/1839
f 2416/7/1812 2417/7/1811 2415/7/1812
f 2417/7/1811 2420/7/1813 2419/7/1813
f 2419/7/1813 2422/7/1814 2421/7/1814
f 2421/7/1814 2424/7/25 2423/7/25
f 2423/7/25 2426/7/1815 2425/7/1815
f 2425/7/1815 2428/7/1816 2427/7/1816
f 2427/7/1816 2430/7/1817 2429/7/1817
f 2429/7/1817 2432/7/1818 2431/7/1818
f 2432/7/1818 2433/7/1819 2431/7/1818
f 2434/7/1819 2435/7/1820 2433/7/1819
f 2436/7/1820 2437/7/2165 2435/7/1820
f 2438/7/2166 2439/7/2167 2437/7/2165
f 2439/7/2167 2442/7/2168 2441/7/2169
f 2442/7/2168 2443/7/1823 2441/7/2169
f 2448/7/1819 2452/7/1820 2449/7/1819
f 2444/7/1823 2445/7/1824 2443/7/1823
f 2445/7/1824 2416/7/1812 2415/7/1812
f 2447/7/1818 2449/7/1819 2450/7/1818
f 2451/7/1820 2454/7/1821 2452/7/1820
f 2455/7/139 2454/7/1821 2453/7/1821
f 2455/7/139 2458/7/1822 2456/7/139
f 2457/7/1822 2460/7/1823 2458/7/1822
f 2459/7/1823 2462/7/1824 2460/7/1823
f 2461/7/1824 2464/7/1812 2462/7/1824
f 2463/7/1812 2466/7/1811 2464/7/1812
f 2467/7/1813 2466/7/1811 2465/7/1811
f 2469/7/2170 2468/7/1813 2467/7/1813
f 2471/7/2171 2470/7/2172 2469/7/2170
f 2471/7/2171 2474/7/2173 2472/7/2174
f 2475/7/1816 2474/7/2173 2473/7/2175
f 2475/7/1816 2478/7/1817 2476/7/1816
f 2447/7/1818 2478/7/1817 2477/7/1817
f 2437/7/2176 2467/7/1829 2435/7/1829
f 2449/7/2177 2420/7/2178 2418/7/2177
f 2468/7/1857 2438/7/2179 2436/7/1857
f 2461/7/2157 2427/7/1836 2429/7/2157
f 2415/7/1837 2477/7/2180 2445/7/2180
f 2428/7/1858 2462/7/1831 2430/7/1831
f 2478/7/2181 2416/7/1833 2446/7/1834
f 2421/7/1842 2451/7/1828 2419/7/1828
f 2439/7/2182 2469/7/2183 2437/7/2176
f 2420/7/2178 2454/7/1840 2422/7/1840
f 2470/7/2184 2440/7/2185 2438/7/2179
f 2431/7/1845 2461/7/2157 2429/7/2157
f 2462/7/1831 2432/7/1844 2430/7/1831
f 2455/7/1860 2421/7/1842 2423/7/1860
f 2473/7/2186 2439/7/2182 2441/7/2187
f 2454/7/1840 2424/7/1861 2422/7/1840
f 2440/7/2185 2474/7/2188 2442/7/2189
f 2465/7/1851 2431/7/1845 2433/7/1851
f 2464/7/1844 2434/7/1863 2432/7/1844
f 2457/7/1855 2423/7/1860 2425/7/1855
f 2475/7/1856 2441/7/2187 2443/7/1856
f 2417/7/2190 2447/7/1837 2415/7/1837
f 2424/7/1861 2458/7/1852 2426/7/1852
f 2442/7/2189 2476/7/1853 2444/7/2163
f 2416/7/1833 2449/7/2177 2418/7/2177
f 2435/7/1829 2465/7/1851 2433/7/1851
f 2466/7/1863 2436/7/1857 2434/7/1863
f 2459/7/1836 2425/7/1855 2427/7/1836
f 2445/7/2180 2475/7/1856 2443/7/1856
f 2426/7/1852 2460/7/1858 2428/7/1858
f 2476/7/1853 2446/7/1834 2444/7/2163
f 2451/7/1828 2417/7/2190 2419/7/1828
f 2486/9/1864 2484/9/1818 2487/9/1864
f 2500/9/2191 2481/9/1866 2499/9/2191
f 2483/9/1818 2488/9/1867 2484/9/1818
f 2479/9/1868 2488/9/1867 2485/9/1867
f 2496/9/1812 2491/9/1870 2497/9/1870
f 2494/10/1871 2502/10/1872 2501/9/1872
f 2495/9/1873 2492/9/1812 2496/9/1812
f 2489/10/1874 2495/9/1873 2490/9/1874
f 2500/9/1875 2497/9/2192 2502/9/1877
f 2481/9/1806 2493/9/1806 2494/9/1806
f 2479/9/1878 2498/9/1879 2489/9/1878
f 2488/9/1880 2496/9/1881 2484/9/1881
f 2480/9/1882 2495/9/1883 2488/9/1880
f 2479/9/1805 2490/10/1805 2480/9/1805
f 2485/9/1884 2492/9/1885 2498/9/1879
f 2481/9/1886 2501/9/1887 2499/9/1888
f 2486/9/1889 2492/9/1885 2483/9/1885
f 2487/9/1890 2496/9/1881 2497/9/2192
f 2499/9/1888 2491/9/1891 2486/9/1889
f 2482/9/1892 2502/9/1877 2493/9/1892
f 2501/9/1872 2497/9/1870 2491/9/1870
f 2487/9/1864 2499/9/2191 2486/9/1864
f 2510/9/1893 2508/9/1820 2511/9/1893
f 2524/9/1894 2505/9/1895 2523/9/1894
f 2508/9/1820 2509/9/1896 2512/9/1896
f 2504/9/1897 2509/9/1896 2503/9/1897
f 2521/9/1898 2516/9/1813 2515/9/1898
f 2518/9/1899 2526/9/1900 2525/9/1900
f 2519/9/1901 2516/9/1813 2520/9/1813
f 2513/9/1902 2519/9/1901 2514/9/1902
f 2524/9/1903 2521/9/1904 2526/9/1905
f 2505/9/1806 2517/9/1806 2518/9/1806
f 2503/9/1906 2522/9/1907 2513/9/1906
f 2512/9/1908 2520/9/2193 2508/9/2193
f 2504/9/1910 2519/9/1911 2512/9/1908
f 2504/9/1805 2513/9/1805 2514/9/1805
f 2509/9/1912 2516/9/1913 2522/9/1907
f 2505/9/1914 2525/9/1915 2523/9/1916
f 2510/9/1917 2516/9/1913 2507/9/1913
f 2511/9/1918 2520/9/2193 2521/9/1904
f 2523/9/1916 2515/9/1919 2510/9/1917
f 2506/9/2194 2526/9/1905 2517/9/2194
f 2525/9/1900 2521/9/1898 2515/9/1898
f 2510/9/1893 2524/9/1894 2523/9/1894
f 2535/9/2195 2531/9/1749 2532/9/1749
f 2547/9/1922 2530/9/1923 2529/9/1923
f 2532/9/1749 2533/9/2196 2536/9/2196
f 2528/9/1925 2533/9/2196 2527/9/1925
f 2545/9/2197 2540/9/1752 2539/9/2197
f 2549/9/1927 2541/9/1928 2550/9/1927
f 2544/9/1752 2546/9/2198 2540/9/1752
f 2546/9/2198 2538/9/1930 2537/9/1930
f 2548/9/1931 2545/9/2199 2550/9/1933
f 2529/9/1806 2541/9/1806 2542/9/1806
f 2527/9/1934 2546/9/2200 2537/9/1934
f 2536/9/2201 2544/9/2202 2532/9/2203
f 2528/9/1938 2543/9/2204 2536/9/2201
f 2527/9/1805 2538/9/1805 2528/9/1805
f 2533/9/2205 2540/9/2206 2546/9/2200
f 2529/9/1942 2549/9/1943 2547/9/1944
f 2534/9/2207 2540/9/2206 2531/9/2208
f 2535/9/2209 2544/9/2202 2545/9/2199
f 2547/9/1944 2539/9/2210 2534/9/2207
f 2530/9/1948 2550/9/1933 2541/9/1948
f 2549/9/1927 2545/9/2197 2539/9/2197
f 2535/9/2195 2547/9/1922 2534/9/2195
f 2559/9/1949 2555/9/1823 2556/9/1823
f 2572/9/1950 2553/9/1951 2571/9/1950
f 2556/9/1823 2557/9/1952 2560/9/1952
f 2551/9/1953 2560/9/1952 2557/9/1952
f 2569/9/1954 2564/9/1816 2563/9/1954
f 2566/9/1956 2574/9/2211 2573/9/1955
f 2567/9/1957 2564/9/1816 2568/9/1816
f 2561/9/1958 2567/9/1957 2562/9/1958
f 2572/9/1959 2569/9/1960 2574/9/1961
f 2554/9/1806 2566/9/1806 2553/9/1806
f 2551/9/1962 2570/9/1963 2561/9/1962
f 2560/9/1964 2568/9/1965 2556/9/1965
f 2552/9/1966 2567/9/1967 2560/9/1964
f 2551/9/1805 2562/9/1805 2552/9/1805
f 2557/9/1968 2564/9/1969 2570/9/1963
f 2553/9/1970 2573/9/1971 2571/9/1972
f 2558/9/1973 2564/9/1969 2555/9/1969
f 2559/9/1974 2568/9/1965 2569/9/1960
f 2571/9/1972 2563/9/1975 2558/9/1973
f 2554/9/1976 2574/9/1961 2565/9/1976
f 2573/9/1955 2569/9/1954 2563/9/1954
f 2558/9/1949 2572/9/1950 2571/9/1950
f 2583/9/1977 2579/9/1812 2580/9/1812
f 2596/9/1978 2577/9/1979 2595/9/1978
f 2579/9/1812 2584/9/1980 2580/9/1812
f 2575/9/1981 2584/9/1980 2581/9/1980
f 2592/9/1818 2587/9/1982 2593/9/1982
f 2590/9/1983 2598/9/1984 2597/9/1984
f 2591/9/1985 2588/9/1818 2592/9/1818
f 2594/9/1985 2586/9/1986 2585/9/1986
f 2596/9/1987 2593/9/1988 2598/9/1989
f 2578/9/1806 2590/9/1806 2577/9/1806
f 2575/9/1990 2594/9/1991 2585/9/1990
f 2584/9/1992 2592/9/1993 2580/9/1993
f 2576/9/1994 2591/9/1995 2584/9/1992
f 2575/9/1805 2586/9/1805 2576/9/1805
f 2581/9/1996 2588/9/1997 2594/9/1991
f 2577/9/1998 2597/9/1999 2595/9/2000
f 2582/9/2001 2588/9/1997 2579/9/1997
f 2583/9/2002 2592/9/1993 2593/9/1988
f 2595/9/2000 2587/9/2003 2582/9/2001
f 2578/9/2004 2598/9/1989 2589/9/2004
f 2597/9/1984 2593/9/1982 2587/9/1982
f 2582/9/1977 2596/9/1978 2595/9/1978
f 2606/9/2005 2604/10/1813 2607/9/2005
f 2619/9/2006 2602/9/2007 2601/9/2007
f 2603/9/1813 2608/9/2008 2604/10/1813
f 2600/9/2009 2605/9/2008 2599/9/2009
f 2616/9/1820 2611/9/2010 2617/9/2010
f 2614/9/2011 2622/9/2012 2621/9/2012
f 2616/9/1820 2618/9/2013 2612/9/1820
f 2618/9/2013 2610/9/2014 2609/9/2014
f 2620/9/2015 2617/9/2016 2622/9/2017
f 2601/9/1806 2613/9/1806 2614/9/1806
f 2599/9/2018 2618/9/2019 2609/9/2018
f 2608/9/2020 2616/9/2021 2604/9/2021
f 2600/9/2022 2615/9/2023 2608/9/2020
f 2599/9/1805 2610/9/1805 2600/9/1805
f 2605/9/2024 2612/9/2025 2618/9/2019
f 2601/9/2026 2621/9/2027 2619/9/2028
f 2606/9/2029 2612/9/2025 2603/9/2025
f 2607/9/2030 2616/9/2021 2617/9/2016
f 2619/9/2028 2611/9/2031 2606/9/2029
f 2602/9/2212 2622/9/2017 2613/9/2212
f 2611/9/2010 2622/9/2012 2617/9/2010
f 2607/9/2005 2619/9/2006 2606/9/2005
f 2630/9/2033 2628/9/25 2631/9/2033
f 2643/9/2034 2626/9/2035 2625/9/2035
f 2627/9/25 2632/9/2036 2628/9/25
f 2624/9/2037 2629/9/2036 2623/9/2037
f 2640/9/139 2635/9/2038 2641/9/2038
f 2638/9/2039 2646/9/2040 2645/9/2040
f 2640/9/139 2642/9/2041 2636/9/139
f 2633/9/2042 2639/9/2041 2634/9/2042
f 2644/9/2043 2641/9/2044 2646/9/2045
f 2626/9/1806 2638/9/1806 2625/9/1806
f 2623/9/2046 2642/9/2047 2633/9/2046
f 2632/9/2213 2640/9/2214 2628/9/2214
f 2624/9/2050 2639/9/2051 2632/9/2213
f 2624/9/1805 2633/9/1805 2634/9/1805
f 2629/9/2052 2636/9/2053 2642/9/2047
f 2625/9/2054 2645/9/2055 2643/9/2056
f 2630/9/2057 2636/9/2053 2627/9/2053
f 2631/9/2058 2640/9/2214 2641/9/2044
f 2643/9/2056 2635/9/2059 2630/9/2057
f 2626/9/2060 2646/9/2045 2637/9/2060
f 2645/9/2040 2641/9/2038 2635/9/2038
f 2630/9/2033 2644/9/2034 2643/9/2034
f 2654/9/2061 2652/9/1816 2655/9/2061
f 2667/9/2062 2650/9/2063 2649/9/2063
f 2651/9/1816 2656/9/2064 2652/9/1816
f 2648/9/2065 2653/9/2064 2647/9/2065
f 2665/9/2066 2660/9/1823 2659/9/2066
f 2669/9/2068 2661/9/2067 2670/9/2068
f 2663/9/2069 2660/9/1823 2664/9/1823
f 2666/9/2069 2658/9/2070 2657/9/2070
f 2668/9/2215 2665/9/2072 2670/9/2073
f 2650/9/1806 2662/9/1806 2649/9/1806
f 2647/9/2074 2666/9/2075 2657/9/2074
f 2656/9/2076 2664/9/2077 2652/9/2077
f 2648/9/2078 2663/9/2079 2656/9/2076
f 2648/9/1805 2657/9/1805 2658/9/1805
f 2653/9/2080 2660/9/2216 2666/9/2075
f 2649/9/2217 2669/9/2083 2667/9/2084
f 2654/9/2085 2660/9/2216 2651/9/2216
f 2655/9/2086 2664/9/2077 2665/9/2072
f 2667/9/2084 2659/9/2087 2654/9/2085
f 2650/9/2088 2670/9/2073 2661/9/2088
f 2669/9/2068 2665/9/2066 2659/9/2066
f 2655/9/2061 2667/9/2062 2654/9/2061
f 2671/9/1806 2674/9/1806 2672/9/1806
f 2677/9/1806 2676/9/1806 2675/9/1806
f 2679/9/1805 2682/9/1805 2681/9/1805
f 2684/9/1805 2685/9/1805 2683/9/1805
f 2676/9/2089 2686/9/2089 2684/9/2089
f 2675/9/139 2685/9/139 2677/9/139
f 2672/9/2090 2682/9/2090 2680/9/2090
f 2673/10/2091 2679/9/2091 2681/9/2091
f 2687/9/1806 2690/9/1806 2689/9/1806
f 2692/9/1806 2693/9/1806 2691/9/1806
f 2695/9/1805 2698/9/1805 2696/9/1805
f 2701/9/1805 2700/9/1805 2699/9/1805
f 2692/9/2092 2702/9/2092 2694/9/2092
f 2701/9/25 2691/9/25 2693/9/25
f 2688/9/2091 2698/9/2091 2690/9/2091
f 2689/9/2090 2695/9/2090 2687/9/2090
f 2728/11/2218 2713/11/2219 2712/11/2220
f 2705/11/2221 2722/11/2222 2706/11/2223
f 2729/11/2224 2714/11/2225 2713/11/2226
f 2706/11/2223 2723/11/2227 2707/11/2228
f 2730/11/2229 2715/11/2230 2714/11/2225
f 2707/11/2228 2724/11/2231 2708/11/2232
f 2731/11/2233 2716/11/2234 2715/11/2230
f 2708/11/2232 2725/11/2235 2709/11/2236
f 2716/11/2234 2733/11/2237 2717/11/2238
f 2725/11/2235 2710/11/2239 2709/11/2236
f 2717/11/2238 2734/11/2240 2718/11/2241
f 2726/11/2242 2711/11/2243 2710/11/2239
f 2703/11/2244 2720/11/2245 2704/11/2246
f 2718/11/2241 2719/11/2247 2703/11/2244
f 2727/11/2248 2712/11/2220 2711/11/2243
f 2704/11/2246 2721/11/2249 2705/11/2221
f 2745/11/2123 2760/12/2124 2744/12/2125
f 2737/11/2096 2754/11/2097 2753/12/2122
f 2746/11/2126 2761/11/2127 2745/11/2250
f 2738/11/2098 2755/11/2102 2754/11/2097
f 2747/11/2129 2762/11/2130 2746/11/2126
f 2739/12/2103 2756/11/1815 2755/11/2102
f 2748/11/2107 2763/11/2106 2747/11/2129
f 2741/11/2109 2756/11/1815 2740/11/1815
f 2748/11/2107 2765/11/2110 2764/11/2131
f 2742/12/2132 2757/11/2108 2741/11/2109
f 2749/11/2133 2766/11/2134 2765/11/2110
f 2743/11/2135 2758/11/2136 2742/12/2132
f 2735/11/2137 2752/11/2138 2751/11/2139
f 2750/11/2140 2751/11/2139 2766/11/2134
f 2744/12/2125 2759/12/2141 2743/11/2135
f 2736/11/2119 2753/11/2122 2752/11/2138
f 2768/9/2251 2769/9/2252 2767/9/2253
f 2769/9/2252 2772/9/2254 2771/9/2255
f 2772/9/2254 2773/9/2256 2771/9/2255
f 2774/9/2257 2775/9/2258 2773/9/2256
f 2775/9/2258 2778/9/2259 2777/9/2260
f 2778/9/2259 2779/9/2261 2777/9/2260
f 2780/9/2262 2781/9/2263 2779/9/2261
f 2782/9/2264 2783/9/2265 2781/9/2263
f 2783/9/2265 2786/9/2266 2785/9/2267
f 2786/9/2266 2787/9/2268 2785/9/2267
f 2778/9/2259 2795/9/2269 2796/9/2270
f 2788/9/2271 2789/9/2272 2787/9/2268
f 2789/9/2272 2768/9/2251 2767/9/2253
f 2773/9/180 2781/9/180 2789/9/180
f 3025/9/2273 2809/9/2274 2810/9/2275
f 2776/9/2276 2794/9/2277 2795/9/2269
f 2768/9/2251 2802/9/2278 2792/9/2279
f 2768/9/2251 2791/9/2280 2770/9/2281
f 2772/9/2254 2794/9/2277 2774/9/2257
f 2790/9/2282 2801/9/2283 2802/9/2278
f 2770/9/2281 2793/9/2284 2772/9/2254
f 2786/9/2266 2801/9/2283 2788/9/2271
f 2784/9/2285 2800/9/2286 2786/9/2266
f 2784/9/2285 2798/9/2287 2799/9/2288
f 2782/9/2264 2797/9/2289 2798/9/2287
f 2778/9/2259 2797/9/2289 2780/9/2262
f 2797/9/2289 3022/9/2290 3024/9/2291
f 3019/9/2292 2806/9/2293 2807/9/2294
f 3031/9/2295 2814/9/2296 3033/9/2297
f 3027/9/2298 2810/9/2275 2811/9/2299
f 3019/9/2292 2808/9/2300 3021/9/2301
f 3038/9/2302 2852/9/2303 3035/9/2304
f 3011/9/2305 2805/9/2306 3015/9/2307
f 3027/9/2298 2812/9/2308 3029/9/2309
f 3023/9/2310 2808/9/2300 2809/9/2274
f 3015/9/2307 2806/9/2293 3017/9/2311
f 2791/9/2280 3013/9/2312 3012/9/2313
f 3029/9/2309 2813/9/2314 3031/9/2295
f 2812/9/1530 2811/9/2315 2815/9/419
f 2794/9/2277 3016/9/2316 3018/9/2317
f 2801/9/2283 3030/9/2318 3032/9/2319
f 2798/9/2287 3024/9/2291 3026/9/2320
f 2794/9/2277 3020/9/2321 2795/9/2269
f 2801/9/2283 3034/9/2322 2802/9/2278
f 2791/9/2280 3016/9/2316 2793/9/2284
f 2799/9/2288 3026/9/2320 3028/9/2323
f 2796/9/2270 3020/9/2321 3022/9/2290
f 2802/9/2278 3013/9/2312 2792/9/2279
f 3033/9/2297 2804/9/2324 3014/9/2325
f 2799/9/2288 3030/9/2318 2800/9/2286
f 2809/9/2326 2808/9/2327 2815/9/419
f 2806/9/1983 2805/9/2328 2815/9/419
f 2813/9/2329 2812/9/1530 2815/9/419
f 2810/9/2330 2809/9/2326 2815/9/419
f 2807/9/2331 2806/9/1983 2815/9/419
f 2814/9/2332 2813/9/2329 2815/9/419
f 2803/9/2333 2804/9/2334 2815/9/419
f 2811/9/2315 2810/9/2330 2815/9/419
f 2808/9/2327 2807/9/2331 2815/9/419
f 2804/9/2334 2814/9/2332 2815/9/419
f 2805/9/2328 2803/9/2333 2815/9/419
f 2816/9/2335 2819/9/2336 2818/9/2337
f 2819/9/2336 2820/9/2338 2818/9/2337
f 2821/9/2339 2822/9/2340 2820/9/2338
f 2823/9/2341 2824/9/2342 2822/9/2340
f 2825/9/2343 2826/9/2344 2824/9/2342
f 2827/9/2345 2828/9/2346 2826/9/2344
f 2829/9/2347 2830/9/2348 2828/9/2346
f 2831/9/2349 2832/9/2350 2830/9/2348
f 2833/9/2351 2834/9/2352 2832/9/2350
f 2834/9/2352 2837/9/2353 2836/9/2354
f 2827/9/2345 2844/9/2355 2845/9/2356
f 2836/9/2354 2839/9/2357 2838/9/2358
f 2839/9/2357 2816/9/2335 2838/9/2358
f 2822/9/419 2830/9/419 2838/9/419
f 3047/9/2359 2859/9/2360 3049/9/2361
f 2825/9/2343 2843/9/2362 2844/9/2355
f 2817/9/2363 2851/9/2364 2841/9/2365
f 2817/9/2363 2840/9/2366 2819/9/2336
f 2821/9/2339 2843/9/2362 2823/9/2341
f 2837/9/2353 2851/9/2364 2839/9/2357
f 2819/9/2336 2842/9/2367 2821/9/2339
f 2835/9/2368 2850/9/2369 2837/9/2353
f 2833/9/2351 2849/9/2370 2835/9/2368
f 2833/9/2351 2847/9/2371 2848/9/2372
f 2831/9/2349 2846/9/2373 2847/9/2371
f 2829/9/2347 2845/9/2356 2846/9/2373
f 2845/9/2356 3048/9/2374 2846/9/2373
f 3043/9/2375 2855/9/2376 2856/9/2377
f 3055/9/2378 2863/9/2379 3057/9/2380
f 3051/9/2381 2859/9/2360 2860/9/2382
f 3045/9/2383 2856/9/2377 2857/9/2384
f 3059/9/2385 2902/9/2386 2901/9/2387
f 3039/9/2388 2852/9/2303 2854/9/2389
f 3053/9/2390 2860/9/2382 2861/9/2391
f 3047/9/2359 2857/9/2384 2858/9/2392
f 3039/9/2388 2855/9/2376 3041/9/2393
f 2841/9/2365 3036/9/2394 2840/9/2366
f 3053/9/2390 2862/9/2395 3055/9/2378
f 2861/9/1979 2860/9/2396 2864/9/180
f 2842/9/2367 3042/9/2397 2843/9/2362
f 2850/9/2369 3054/9/2398 3056/9/2399
f 2847/9/2371 3048/9/2374 3050/9/2400
f 2843/9/2362 3044/9/2401 2844/9/2355
f 2850/9/2369 3058/9/2402 2851/9/2364
f 2842/9/2367 3036/9/2394 3040/9/2403
f 2847/9/2371 3052/9/2404 2848/9/2372
f 2845/9/2356 3044/9/2401 3046/9/2405
f 2851/9/2364 3037/9/2406 2841/9/2365
f 3057/9/2380 2853/9/2407 3038/9/2302
f 2848/9/2372 3054/9/2398 2849/9/2370
f 2858/9/2408 2857/9/2409 2864/9/180
f 2855/9/1535 2854/9/2410 2864/9/180
f 2862/9/2411 2861/9/1979 2864/9/180
f 2859/9/2412 2858/9/2408 2864/9/180
f 2856/9/2413 2855/9/1535 2864/9/180
f 2863/9/2414 2862/9/2411 2864/9/180
f 2852/9/2415 2853/9/2416 2864/9/180
f 2860/9/2396 2859/9/2412 2864/9/180
f 2857/9/2409 2856/9/2413 2864/9/180
f 2853/9/2416 2863/9/2414 2864/9/180
f 2854/9/2410 2852/9/2415 2864/9/180
f 2865/9/2417 2868/9/2418 2867/9/2419
f 2868/9/2418 2869/9/2420 2867/9/2419
f 2870/9/2421 2871/9/2422 2869/9/2420
f 2872/9/2423 2873/9/2424 2871/9/2422
f 2874/9/2425 2875/9/2426 2873/9/2424
f 2876/9/2427 2877/9/2428 2875/9/2426
f 2877/9/2428 2880/9/2429 2879/9/2430
f 2880/9/2429 2881/9/2431 2879/9/2430
f 2881/9/2431 2884/9/2432 2883/9/2433
f 2884/9/2432 2885/9/2434 2883/9/2433
f 2876/9/2427 2893/9/2435 2894/9/2436
f 2886/9/2437 2887/9/2438 2885/9/2434
f 2887/9/2438 2866/9/2439 2865/9/2417
f 2871/9/139 2879/9/139 2887/9/139
f 3073/9/2440 2907/9/2441 2908/9/2442
f 2872/9/2423 2893/9/2435 2874/9/2425
f 2866/9/2439 2900/9/2443 2890/9/2444
f 2866/9/2439 2889/9/2445 2868/9/2418
f 2870/9/2421 2892/9/2446 2872/9/2423
f 2888/9/2447 2899/9/2448 2900/9/2443
f 2868/9/2418 2891/9/2449 2870/9/2421
f 2886/9/2437 2898/9/2450 2899/9/2448
f 2882/9/2451 2898/9/2450 2884/9/2432
f 2882/9/2451 2896/9/2452 2897/9/2453
f 2880/9/2429 2895/9/2454 2896/9/2452
f 2876/9/2427 2895/9/2454 2878/9/2455
f 2894/9/2436 3072/9/2456 2895/9/2454
f 3067/9/2457 2904/9/2458 2905/9/2459
f 3079/9/2460 2912/9/2461 3081/9/2462
f 3075/9/2463 2908/9/2442 2909/9/2464
f 3069/9/2465 2905/9/2459 2906/9/2466
f 3086/9/2467 2950/9/2468 3083/9/2469
f 3059/9/2385 2903/9/2470 3063/9/2471
f 3077/9/2472 2909/9/2464 2910/9/2473
f 3071/9/2474 2906/9/2466 2907/9/2441
f 3065/9/2475 2903/9/2470 2904/9/2458
f 2890/9/2444 3060/9/2476 2889/9/2445
f 3077/9/2472 2911/9/2477 3079/9/2460
f 2910/9/2478 2909/9/2479 2913/9/25
f 2892/9/2446 3064/9/2480 3066/9/2481
f 2899/9/2448 3078/9/2482 3080/9/2483
f 2895/9/2454 3074/9/2484 2896/9/2452
f 2892/9/2446 3068/9/2485 2893/9/2435
f 2900/9/2443 3080/9/2483 3082/9/2486
f 2889/9/2445 3064/9/2480 2891/9/2449
f 2897/9/2453 3074/9/2484 3076/9/2487
f 2894/9/2436 3068/9/2485 3070/9/2488
f 2890/9/2444 3082/9/2486 3061/9/2489
f 3081/9/2462 2902/9/2386 3062/9/2490
f 2897/9/2453 3078/9/2482 2898/9/2450
f 2907/9/2491 2906/9/2492 2913/9/25
f 2904/9/2493 2903/9/2494 2913/9/25
f 2911/9/2495 2910/9/2478 2913/9/25
f 2908/9/2496 2907/9/2491 2913/9/25
f 2905/9/2497 2904/9/2493 2913/9/25
f 2912/9/2498 2911/9/2495 2913/9/25
f 2901/9/2499 2902/9/2500 2913/9/25
f 2909/9/2479 2908/9/2496 2913/9/25
f 2906/9/2492 2905/9/2497 2913/9/25
f 2902/9/2500 2912/9/2498 2913/9/25
f 2903/9/2494 2901/9/2499 2913/9/25
f 2915/9/2501 2916/9/2502 2914/9/2503
f 2917/9/2504 2918/9/2505 2916/9/2502
f 2919/9/2506 2920/9/2507 2918/9/2505
f 2921/9/2508 2922/9/2509 2920/9/2507
f 2922/9/2509 2925/9/2510 2924/9/2511
f 2924/9/2511 2927/9/2512 2926/9/2513
f 2927/9/2512 2928/9/2514 2926/9/2513
f 2928/9/2514 2931/9/2515 2930/9/2516
f 2931/9/2515 2932/9/2517 2930/9/2516
f 2932/9/2517 2935/9/2518 2934/9/2519
f 2923/9/2520 2943/9/2521 2925/9/2510
f 2935/9/2518 2936/9/2522 2934/9/2519
f 2937/9/2523 2914/9/2503 2936/9/2522
f 2920/9/25 2928/9/25 2936/9/25
f 3097/9/2524 2956/9/2525 2957/9/2526
f 2923/9/2520 2941/9/2527 2942/9/2528
f 2915/9/2501 2949/9/2529 2939/9/2530
f 2917/9/2504 2939/9/2530 2938/9/2531
f 2919/9/2506 2941/9/2527 2921/9/2508
f 2937/9/2523 2948/9/2532 2949/9/2529
f 2919/9/2506 2938/9/2531 2940/9/2533
f 2935/9/2518 2947/9/2534 2948/9/2532
f 2933/9/2535 2946/9/2536 2947/9/2534
f 2931/9/2515 2945/9/2537 2946/9/2536
f 2929/9/2538 2944/9/2539 2945/9/2537
f 2927/9/2512 2943/9/2521 2944/9/2539
f 2943/9/2521 3096/9/2540 2944/9/2539
f 3091/9/2541 2953/9/2542 2954/9/2543
f 3103/9/2544 2961/9/2545 3105/9/2546
f 3099/9/2547 2957/9/2526 2958/9/2548
f 3093/9/2549 2954/9/2543 2955/9/2550
f 3087/9/2551 2950/9/2468 2952/9/2552
f 3099/9/2547 2959/9/2553 3101/9/2554
f 3093/9/2549 2956/9/2525 3095/9/2555
f 3087/9/2551 2953/9/2542 3089/9/2556
f 2938/9/2531 3085/9/2557 3084/9/2558
f 3103/9/2544 2959/9/2553 2960/9/2559
f 2959/9/2560 2958/9/2561 2962/9/139
f 2941/9/2527 3088/9/2562 3090/9/2563
f 2948/9/2532 3102/9/2564 3104/9/2565
f 2944/9/2539 3098/9/2566 2945/9/2537
f 2941/9/2527 3092/9/2567 2942/9/2528
f 2949/9/2529 3104/9/2565 3106/9/2568
f 2940/9/2533 3084/9/2558 3088/9/2562
f 2945/9/2537 3100/9/2569 2946/9/2536
f 2942/9/2528 3094/9/2570 2943/9/2521
f 2949/9/2529 3085/9/2557 2939/9/2530
f 3105/9/2546 2951/9/2571 3086/9/2467
f 2946/9/2536 3102/9/2564 2947/9/2534
f 2956/9/2572 2955/9/2573 2962/9/139
f 2953/9/2574 2952/9/2575 2962/9/139
f 2960/9/2576 2959/9/2560 2962/9/139
f 2957/9/2577 2956/9/2572 2962/9/139
f 2954/9/2578 2953/9/2574 2962/9/139
f 2961/9/2579 2960/9/2576 2962/9/139
f 2950/9/2580 2951/9/2581 2962/9/139
f 2958/9/2561 2957/9/2577 2962/9/139
f 2955/9/2573 2954/9/2578 2962/9/139
f 2951/9/2581 2961/9/2579 2962/9/139
f 2952/9/2575 2950/9/2580 2962/9/139
f 2964/9/2582 2965/9/2583 2963/9/2582
f 2966/9/2583 2967/9/2584 2965/9/2583
f 2968/9/2584 2969/9/25 2967/9/2584
f 2970/9/25 2971/9/2585 2969/9/25
f 2972/9/2586 2973/9/2587 2971/9/2586
f 2974/9/2587 2975/9/2588 2973/9/2587
f 2976/9/2589 2977/9/2589 2975/9/2589
f 2977/9/2590 2980/9/2591 2979/9/2591
f 2979/9/2591 2982/9/2592 2981/9/2592
f 2982/9/2593 2983/9/2594 2981/9/2593
f 2991/9/2591 2989/10/2590 2988/10/2590
f 2983/9/2594 2986/9/2595 2985/9/2595
f 2986/9/2596 2963/9/2596 2985/9/2596
f 2988/10/2589 2990/10/2589 2987/9/2589
f 2991/9/2591 2994/9/2592 2992/9/2591
f 2993/9/2593 2996/9/2594 2994/9/2593
f 2995/9/2594 2998/9/2597 2996/9/2594
f 2997/9/2597 3000/9/2596 2998/9/2597
f 2999/9/2582 3002/9/2583 3000/9/2582
f 3001/9/2583 3004/9/2598 3002/9/2583
f 3003/9/2599 3006/9/25 3004/9/2599
f 3007/9/2585 3006/9/25 3005/9/25
f 3009/9/2587 3008/9/2586 3007/9/2586
f 3009/9/2587 2990/10/2588 3010/9/2587
f 2965/9/2600 2987/9/2601 2963/9/2601
f 2968/9/2602 2994/9/2603 2970/9/2603
f 3002/9/2604 2980/9/2605 2978/9/2604
f 2990/9/2606 2966/9/2607 2964/9/2606
f 2999/9/2608 2973/9/2609 2975/9/2608
f 3009/9/2610 2983/9/2611 2985/9/2610
f 2974/9/2612 3000/9/2613 2976/9/2613
f 2984/9/2614 3010/9/2615 2986/9/2615
f 2971/9/2616 2993/9/2617 2969/9/2617
f 2981/9/2618 3003/9/2619 2979/9/2619
f 2994/9/2603 2972/9/2620 2970/9/2603
f 2980/9/2605 3006/9/2621 2982/9/2621
f 2967/9/2622 2988/9/2600 2965/9/2600
f 3001/9/2623 2975/9/2608 2977/9/2623
f 2963/9/2601 3009/9/2610 2985/9/2610
f 2966/9/2607 2992/9/2602 2968/9/2602
f 2976/9/2613 3002/9/2604 2978/9/2604
f 3010/9/2615 2964/9/2606 2986/9/2615
f 2997/9/2609 2971/9/2616 2973/9/2609
f 3007/9/2611 2981/9/2618 2983/9/2611
f 2996/9/2620 2974/9/2612 2972/9/2620
f 2982/9/2621 3008/9/2614 2984/9/2614
f 2993/9/2617 2967/9/2622 2969/9/2617
f 2979/9/2619 3001/9/2623 2977/9/2623
f 3012/9/2313 3014/9/2325 3011/9/2305
f 3016/9/2316 3011/9/2305 3015/9/2307
f 3016/9/2316 3017/9/2311 3018/9/2317
f 3018/9/2317 3019/9/2292 3020/9/2321
f 3020/9/2321 3021/9/2301 3022/9/2290
f 3022/9/2290 3023/9/2310 3024/9/2291
f 3024/9/2291 3025/9/2273 3026/9/2320
f 3028/9/2323 3025/9/2273 3027/9/2298
f 3030/9/2318 3027/9/2298 3029/9/2309
f 3032/9/2319 3029/9/2309 3031/9/2295
f 3034/9/2322 3031/9/2295 3033/9/2297
f 3013/9/2312 3033/9/2297 3014/9/2325
f 3037/9/2406 3035/9/2304 3036/9/2394
f 3036/9/2394 3039/9/2388 3040/9/2403
f 3040/9/2403 3041/9/2393 3042/9/2397
f 3042/9/2397 3043/9/2375 3044/9/2401
f 3044/9/2401 3045/9/2383 3046/9/2405
f 3046/9/2405 3047/9/2359 3048/9/2374
f 3048/9/2374 3049/9/2361 3050/9/2400
f 3050/9/2400 3051/9/2381 3052/9/2404
f 3054/9/2398 3051/9/2381 3053/9/2390
f 3056/9/2399 3053/9/2390 3055/9/2378
f 3058/9/2402 3055/9/2378 3057/9/2380
f 3037/9/2406 3057/9/2380 3038/9/2302
f 3060/9/2476 3062/9/2490 3059/9/2385
f 3060/9/2476 3063/9/2471 3064/9/2480
f 3066/9/2481 3063/9/2471 3065/9/2475
f 3066/9/2481 3067/9/2457 3068/9/2485
f 3070/9/2488 3067/9/2457 3069/9/2465
f 3070/9/2488 3071/9/2474 3072/9/2456
f 3074/9/2484 3071/9/2474 3073/9/2440
f 3074/9/2484 3075/9/2463 3076/9/2487
f 3078/9/2482 3075/9/2463 3077/9/2472
f 3078/9/2482 3079/9/2460 3080/9/2483
f 3080/9/2483 3081/9/2462 3082/9/2486
f 3082/9/2486 3062/9/2490 3061/9/2489
f 3085/9/2557 3083/9/2469 3084/9/2558
f 3088/9/2562 3083/9/2469 3087/9/2551
f 3088/9/2562 3089/9/2556 3090/9/2563
f 3092/9/2567 3089/9/2556 3091/9/2541
f 3092/9/2567 3093/9/2549 3094/9/2570
f 3094/9/2570 3095/9/2555 3096/9/2540
f 3098/9/2566 3095/9/2555 3097/9/2524
f 3098/9/2566 3099/9/2547 3100/9/2569
f 3102/9/2564 3099/9/2547 3101/9/2554
f 3104/9/2565 3101/9/2554 3103/9/2544
f 3104/9/2565 3105/9/2546 3106/9/2568
f 3106/9/2568 3086/9/2467 3085/9/2557
f 3014/9/2325 2803/9/2624 3011/9/2305
f 3108/1/2625 3124/1/2625 3107/1/2625
f 3109/1/2626 3129/1/2626 3130/1/2626
f 3108/1/2627 3130/1/2627 3126/1/2627
f 3129/1/2628 3107/1/2628 3124/1/2628
f 3107/1/2629 3109/3/2629 3108/1/2629
f 3114/1/2630 3112/1/180 3111/1/180
f 3117/1/2631 3111/1/2631 3131/1/2631
f 3122/1/2632 3134/1/2632 3112/1/2632
f 3113/1/2633 3122/1/2634 3115/1/2634
f 3115/1/2634 3121/1/2590 3116/1/2590
f 3116/1/2590 3120/1/2635 3117/1/2635
f 3117/1/2635 3118/1/2630 3114/1/2630
f 3134/1/139 3113/1/2633 3131/1/139
f 3125/1/2625 3124/1/2625 3126/1/2625
f 3127/1/2626 3129/1/2626 3128/1/2626
f 3125/1/2627 3130/1/2627 3127/1/2627
f 3123/1/2628 3129/1/2628 3124/1/2628
f 3123/1/2636 3127/1/2636 3128/1/2636
f 3138/3/2637 3135/1/419 3142/1/2637
f 3132/1/2631 3141/1/2638 3139/1/2631
f 3134/1/2632 3146/1/2639 3144/1/2632
f 3137/1/2640 3146/1/2641 3143/1/2640
f 3139/1/2641 3145/1/2595 3146/1/2641
f 3140/3/2595 3144/1/2642 3145/1/2595
f 3141/3/2642 3142/1/2637 3144/1/2642
f 3137/1/2640 3134/1/139 3131/1/139
f 3147/1/2643 3157/1/139 3153/1/139
f 3149/1/2644 3150/1/2645 3148/1/2646
f 3147/3/2647 3148/1/2646 3150/1/2645
f 3150/1/2648 3159/1/2649 3157/1/2650
f 3157/1/139 3152/1/2651 3153/1/139
f 3156/1/2652 3155/1/2653 3154/1/2654
f 3152/3/2655 3156/1/2652 3154/1/2654
f 3157/1/2650 3158/1/2656 3156/1/2657
f 3160/1/2658 3170/1/139 3166/1/139
f 3162/1/2659 3163/1/2660 3161/1/2661
f 3160/1/2662 3161/1/2661 3163/1/2660
f 3163/1/2663 3172/1/2664 3170/1/2665
f 3170/1/139 3165/1/2666 3166/1/139
f 3169/1/2667 3168/1/2668 3167/1/2669
f 3165/1/2670 3169/1/2667 3167/1/2669
f 3170/1/2665 3171/1/2671 3169/1/2672
f 3183/1/139 3173/1/2673 3179/1/139
f 3176/1/2674 3175/1/2675 3174/1/2676
f 3173/1/2677 3176/1/2674 3174/1/2676
f 3185/1/2678 3176/1/2679 3183/1/2680
f 3178/1/2681 3183/1/139 3179/1/139
f 3181/1/2682 3182/1/2683 3180/1/2684
f 3178/1/2685 3180/1/2684 3182/1/2683
f 3183/1/2680 3184/1/2686 3185/1/2678
f 3196/1/139 3186/1/2687 3192/1/139
f 3189/3/2688 3188/1/2689 3187/3/2690
f 3186/1/2691 3189/3/2688 3187/3/2690
f 3198/1/2692 3189/1/2693 3196/1/2694
f 3191/1/2695 3196/1/139 3192/1/139
f 3194/1/2696 3195/1/2697 3193/1/2698
f 3191/1/2699 3193/1/2698 3195/1/2697
f 3196/1/2694 3197/1/2700 3198/1/2692
f 17/1/1 1/1/7 26/1/2
f 164/1/4 46/1/257 23/1/5
f 1/1/7 24/1/44 47/1/8
f 171/1/9 50/1/2701 34/1/10
f 157/1/12 148/1/232 30/1/13
f 3/2/15 95/2/46 193/2/16
f 28/1/18 49/1/60 163/1/19
f 14/1/21 19/1/94 34/1/22
f 2/1/24 29/1/30 41/1/25
f 38/1/27 45/1/57 21/1/28
f 2/1/24 21/1/28 48/1/29
f 16/1/26 22/1/54 38/1/27
f 15/3/31 3/1/41 37/1/32
f 4/2/34 194/2/261 69/2/35
f 268/2/37 37/2/32 193/2/38
f 39/3/40 25/1/42 3/1/41
f 14/1/21 4/1/78 25/1/42
f 8/1/43 7/1/68 24/1/44
f 25/2/36 69/2/35 95/2/46
f 41/1/25 29/1/30 154/1/47
f 152/3/6 23/1/95 44/1/49
f 155/3/51 167/1/50 44/1/49
f 166/1/52 48/1/29 28/1/18
f 5/1/53 38/1/27 22/1/54
f 5/1/53 26/1/2 47/1/8
f 5/1/53 20/1/56 45/1/57
f 6/1/58 21/1/28 45/1/57
f 20/1/56 47/1/8 27/1/59
f 6/1/58 27/1/59 49/1/60
f 28/1/18 48/1/29 21/1/28
f 13/1/55 40/1/3 26/1/2
f 35/1/14 52/1/75 169/1/61
f 159/1/11 34/1/10 19/1/62
f 174/2/64 56/2/114 50/2/65
f 7/1/67 27/1/59 47/1/8
f 35/1/14 30/1/13 7/1/68
f 265/1/69 267/1/83 10/1/70
f 30/1/71 49/1/60 27/1/59
f 162/1/72 37/1/32 268/1/37
f 160/1/48 397/1/48 271/1/25
f 36/1/45 51/1/85 33/1/74
f 8/1/43 33/1/74 52/1/75
f 9/1/23 43/1/80 32/1/76
f 4/1/78 14/1/21 9/1/23
f 9/1/23 34/1/22 50/1/79
f 154/1/47 29/1/30 48/1/29
f 10/1/70 42/1/84 31/1/81
f 11/1/82 1/1/7 17/1/1
f 267/1/83 273/1/2702 42/1/84
f 11/1/82 31/1/81 51/1/85
f 418/2/86 421/2/2703 69/2/87
f 52/2/89 55/2/116 172/2/90
f 162/1/72 155/3/51 18/1/33
f 13/1/55 22/1/54 269/1/92
f 264/1/93 270/1/98 40/1/3
f 39/1/40 46/1/96 19/1/94
f 18/1/33 44/1/49 23/1/95
f 15/3/31 23/1/95 46/3/96
f 16/1/26 41/1/25 271/1/25
f 266/1/97 269/1/92 22/1/54
f 17/1/1 40/1/3 270/1/98
f 42/2/99 273/2/351 274/2/100
f 180/2/102 183/2/174 81/2/103
f 51/2/105 31/2/108 53/2/106
f 31/2/108 42/2/99 59/2/101
f 51/2/105 54/2/107 58/2/109
f 176/2/111 180/2/102 73/2/104
f 43/2/113 50/2/65 56/2/114
f 33/2/110 58/2/109 55/2/116
f 172/2/117 55/2/148 100/2/118
f 32/2/120 43/2/113 60/2/115
f 64/2/122 68/2/123 110/2/123
f 275/2/125 277/2/136 104/2/126
f 307/2/128 94/2/129 113/2/129
f 67/2/123 61/2/123 97/2/123
f 54/2/130 53/2/224 96/2/131
f 80/2/132 181/2/177 178/2/133
f 66/2/123 63/2/123 101/2/135
f 277/2/136 330/2/2704 112/2/137
f 95/2/138 415/2/203 422/2/39
f 65/1/127 146/1/2705 364/1/139
f 62/2/123 66/2/123 106/2/123
f 63/2/140 72/2/134 178/2/133
f 105/2/142 113/2/2706 94/2/143
f 58/2/145 54/2/146 99/2/146
f 55/2/148 58/2/145 107/2/147
f 59/2/149 274/2/150 322/2/150
f 62/2/123 98/2/123 97/2/123
f 60/2/152 56/2/153 103/2/153
f 57/2/155 60/2/152 111/2/154
f 73/2/104 81/2/103 85/2/156
f 62/2/158 71/2/158 75/2/159
f 66/2/160 75/2/159 72/2/134
f 276/2/161 278/2/2707 76/2/162
f 67/2/163 76/2/162 70/2/164
f 61/2/165 70/2/164 71/2/166
f 68/2/167 64/2/112 73/2/104
f 191/2/168 103/2/169 56/2/169
f 65/2/171 68/2/167 77/2/157
f 175/2/173 187/2/254 101/2/135
f 183/2/174 185/2/245 89/2/175
f 77/2/157 85/2/156 82/2/176
f 181/2/177 80/2/132 88/2/178
f 82/1/180 90/1/180 147/1/180
f 79/2/181 83/2/184 75/2/182
f 83/2/184 80/2/132 72/2/134
f 287/2/185 84/2/188 76/2/186
f 84/2/188 78/2/195 70/2/189
f 80/2/132 83/2/184 91/2/190
f 187/2/191 190/2/250 100/2/192
f 287/2/185 297/6/2708 92/2/194
f 78/2/195 84/2/188 92/2/194
f 79/2/181 78/2/195 86/2/196
f 81/2/103 89/2/2709 93/2/198
f 191/2/199 189/2/247 102/2/200
f 85/2/156 93/2/198 90/2/202
f 87/4/197 86/4/196 92/4/194
f 92/4/194 297/5/2708 296/4/139
f 296/4/139 90/4/139 93/4/139
f 93/4/139 89/4/139 185/5/139
f 185/5/139 186/4/139 184/4/139
f 88/4/139 91/4/190 87/4/197
f 185/5/139 184/4/139 88/4/139
f 296/4/139 93/4/139 185/5/139
f 87/4/197 92/4/194 296/4/139
f 185/5/139 88/4/139 87/4/197
f 83/2/184 79/2/181 87/2/197
f 78/2/195 79/2/181 71/2/183
f 69/2/87 421/2/2703 415/2/203
f 67/2/123 108/2/123 321/2/123
f 65/2/127 104/2/126 110/2/123
f 420/2/204 418/2/86 194/2/88
f 36/1/45 24/1/44 1/1/7
f 98/2/206 99/2/211 96/2/207
f 189/2/209 176/2/251 64/2/122
f 98/2/206 106/2/212 107/2/210
f 106/2/212 101/2/193 100/2/192
f 108/2/213 109/2/215 322/2/214
f 108/2/213 97/2/208 96/2/207
f 102/2/200 110/2/217 111/2/216
f 110/2/217 104/2/218 105/2/218
f 112/2/219 330/2/453 329/2/220
f 112/2/222 113/2/2706 105/2/142
f 53/2/224 59/2/149 109/2/151
f 115/1/139 117/1/139 116/1/139
f 123/1/139 125/1/139 124/1/139
f 118/1/225 120/1/225 117/1/225
f 121/1/226 119/1/226 114/1/226
f 126/1/225 128/1/225 125/1/225
f 129/1/226 127/1/226 122/1/226
f 131/3/139 133/1/139 132/1/139
f 134/1/225 136/1/225 133/1/225
f 137/1/226 135/1/226 130/1/226
f 139/1/139 141/1/139 140/1/139
f 142/1/225 144/1/225 141/1/225
f 145/1/226 143/1/226 138/1/226
f 364/1/227 146/1/2710 147/1/228
f 164/1/4 165/1/231 149/1/230
f 165/1/231 163/1/19 148/1/232
f 163/1/19 165/1/231 153/1/233
f 165/1/231 164/1/4 152/1/6
f 167/1/50 168/1/234 153/1/233
f 168/1/234 166/1/52 151/1/20
f 166/1/52 168/1/234 156/1/235
f 168/1/234 167/1/50 155/3/51
f 150/1/63 149/1/230 158/1/236
f 149/1/230 148/1/232 157/1/12
f 169/1/61 170/1/237 158/1/236
f 170/1/237 171/1/9 159/1/11
f 399/1/73 398/1/239 161/1/238
f 398/1/239 397/1/48 160/1/48
f 154/1/47 156/1/235 161/1/238
f 156/1/235 155/3/51 162/1/72
f 171/2/66 170/2/241 173/6/240
f 170/2/241 169/2/91 172/2/90
f 180/2/102 176/2/111 177/2/242
f 179/2/243 177/2/242 175/2/141
f 183/2/174 180/2/102 179/2/243
f 182/2/244 179/2/243 178/2/133
f 185/2/245 183/2/174 182/2/244
f 186/2/246 182/2/244 181/2/177
f 189/2/247 191/2/199 192/2/248
f 188/2/249 192/2/248 190/2/250
f 176/2/251 189/2/209 188/6/252
f 177/2/253 188/6/252 187/2/254
f 174/2/170 173/2/256 192/2/255
f 173/2/256 172/2/117 190/2/119
f 148/1/232 163/1/19 49/1/60
f 150/1/63 19/1/62 46/1/257
f 420/2/204 195/2/205 94/2/258
f 12/2/260 195/2/263 194/2/261
f 195/2/263 12/2/260 57/2/144
f 212/1/264 235/1/318 221/1/265
f 218/1/267 241/1/482 383/1/268
f 196/1/266 221/1/265 242/1/270
f 229/1/272 245/1/2711 390/1/273
f 376/1/275 230/1/320 225/1/276
f 416/2/278 308/2/305 198/2/279
f 382/1/281 244/1/317 223/1/282
f 209/1/284 204/1/334 229/1/285
f 236/1/25 224/1/337 197/1/287
f 216/1/289 240/1/313 233/1/290
f 197/1/287 224/1/337 243/1/291
f 211/1/288 197/1/287 233/1/290
f 210/1/293 213/1/347 232/1/294
f 272/2/296 417/2/484 199/2/297
f 268/2/37 422/2/39 416/2/299
f 198/1/295 220/1/301 234/1/300
f 209/1/284 234/1/300 220/1/301
f 203/1/303 231/1/331 219/1/271
f 308/2/305 272/2/296 220/2/298
f 373/1/306 224/1/337 236/1/25
f 239/1/307 218/1/348 371/3/269
f 374/1/309 213/1/347 239/1/307
f 223/1/282 243/1/291 385/1/310
f 217/1/292 233/1/290 200/1/311
f 200/1/311 215/1/314 242/1/270
f 200/1/311 233/1/290 240/1/313
f 201/1/315 215/1/314 240/1/313
f 222/1/316 242/1/270 215/1/314
f 201/1/315 223/1/282 244/1/317
f 216/1/289 243/1/291 223/1/282
f 208/1/312 200/1/311 221/1/265
f 388/1/319 247/1/332 230/1/320
f 214/1/321 229/1/272 378/1/274
f 245/2/323 251/2/364 393/2/324
f 202/1/326 219/1/271 242/1/270
f 202/1/304 225/1/276 230/1/320
f 205/1/327 267/1/83 265/1/69
f 222/1/316 244/1/317 225/1/328
f 268/1/37 232/1/294 381/1/329
f 379/1/48 236/1/25 271/1/25
f 228/1/330 246/1/341 231/1/331
f 203/1/303 230/1/320 247/1/332
f 227/1/333 238/1/2712 204/1/334
f 204/1/334 209/1/284 199/1/302
f 204/1/334 238/1/2712 245/1/336
f 373/1/306 385/1/310 243/1/291
f 226/1/338 237/1/340 205/1/327
f 206/1/339 205/1/327 212/1/264
f 237/1/340 273/1/2702 267/1/83
f 206/1/339 231/1/331 246/1/341
f 272/2/342 421/2/2703 418/2/86
f 391/2/344 250/2/365 247/6/345
f 381/1/329 232/1/294 213/1/347
f 208/1/312 264/1/93 269/1/92
f 235/1/318 270/1/98 264/1/93
f 214/1/286 241/1/349 234/1/300
f 218/1/348 239/1/307 213/1/347
f 210/1/293 234/1/300 241/1/349
f 211/1/288 266/1/97 271/1/25
f 217/1/292 269/1/92 266/1/97
f 212/1/264 265/1/69 270/1/98
f 237/2/350 254/2/358 274/2/100
f 402/2/352 282/2/362 291/2/353
f 246/2/355 249/2/2713 248/2/356
f 226/2/357 248/2/356 254/2/358
f 253/2/359 249/2/2713 246/2/355
f 395/2/361 259/2/407 282/2/362
f 238/2/363 255/2/370 251/2/364
f 250/2/365 253/2/359 228/2/360
f 391/2/366 412/2/480 313/2/367
f 227/2/369 252/2/2714 255/2/370
f 259/2/371 315/2/2715 325/2/123
f 317/2/372 277/2/136 275/2/125
f 307/2/128 329/2/128 328/2/374
f 262/2/123 323/2/123 310/2/123
f 249/2/375 312/2/375 309/2/376
f 400/2/378 403/2/417 290/2/379
f 261/2/123 319/2/123 314/6/381
f 327/2/382 330/2/2704 277/2/136
f 308/2/383 416/2/299 422/2/39
f 364/1/139 363/1/2716 260/1/373
f 257/2/123 311/6/123 319/2/123
f 400/2/378 281/2/380 258/2/384
f 306/2/386 328/2/2717 318/2/387
f 253/2/389 320/2/391 312/2/390
f 250/2/368 313/2/367 320/2/391
f 254/2/392 324/2/456 322/2/150
f 310/2/123 311/6/123 257/2/123
f 255/2/393 326/2/396 316/2/394
f 252/2/395 318/2/395 326/2/396
f 282/2/362 286/2/412 295/2/397
f 284/2/398 280/2/399 257/2/399
f 281/2/380 284/2/398 261/2/400
f 285/2/401 278/2/2707 276/2/161
f 279/2/403 285/2/401 262/2/402
f 280/2/405 279/2/403 256/2/404
f 263/2/406 286/2/412 282/2/362
f 251/2/408 316/2/408 413/2/409
f 260/2/411 283/2/2718 286/2/412
f 314/6/381 409/2/478 394/2/413
f 405/2/354 291/2/353 301/2/414
f 286/2/412 283/2/2718 292/2/416
f 403/2/417 406/2/2719 300/2/418
f 292/1/419 363/1/419 365/1/419
f 284/2/420 293/2/423 289/2/421
f 281/2/380 290/2/379 293/2/423
f 285/2/424 294/2/426 287/2/185
f 279/2/425 288/2/432 294/2/426
f 290/2/379 300/2/418 303/2/427
f 313/6/428 412/2/475 409/2/429
f 304/2/431 297/6/2708 287/2/185
f 288/2/432 298/2/433 304/2/431
f 289/2/421 299/2/439 298/2/433
f 305/2/434 301/2/2720 291/2/353
f 413/2/435 316/2/2721 315/2/436
f 302/2/438 305/2/434 295/2/397
f 304/4/431 298/4/433 299/4/439
f 299/4/439 303/4/427 300/5/139
f 300/5/139 406/5/139 408/4/139
f 408/4/139 407/4/139 301/4/139
f 301/4/139 305/4/139 302/4/139
f 302/4/139 296/4/139 297/5/2708
f 297/5/2708 304/4/431 299/4/439
f 299/4/439 300/5/139 408/4/139
f 408/4/139 301/4/139 302/4/139
f 302/4/139 297/5/2708 299/4/439
f 293/2/423 303/2/427 299/2/439
f 280/2/422 289/2/421 288/2/432
f 415/2/203 421/2/2703 272/2/342
f 321/2/123 323/2/123 262/2/123
f 325/2/123 317/2/372 260/2/373
f 417/2/343 418/2/86 420/2/204
f 196/1/266 219/1/271 231/1/331
f 309/2/441 312/2/2722 311/6/442
f 411/2/444 315/2/2715 259/2/371
f 311/6/442 312/2/2722 320/2/446
f 319/2/447 320/2/446 313/6/428
f 322/2/214 324/2/2723 323/2/448
f 323/2/448 324/2/2723 309/2/441
f 315/2/436 316/2/2721 326/2/449
f 325/2/450 326/2/449 318/2/451
f 327/2/452 328/2/2724 329/2/220
f 318/2/387 328/2/2717 327/2/454
f 248/2/377 309/2/376 324/2/456
f 333/1/139 334/1/139 332/1/139
f 341/1/139 342/1/139 340/1/139
f 334/1/226 337/1/226 335/1/226
f 331/1/225 336/1/225 338/1/225
f 342/1/226 345/1/226 343/1/226
f 339/1/225 344/1/225 346/1/225
f 349/1/139 350/1/139 348/1/139
f 350/1/226 353/1/226 351/1/226
f 347/1/225 352/1/225 354/1/225
f 357/1/139 358/1/139 356/1/139
f 358/1/226 361/1/226 359/1/226
f 355/1/225 360/1/225 362/1/225
f 364/1/227 366/1/229 365/1/457
f 368/1/459 384/1/460 383/1/268
f 367/1/277 382/1/281 384/1/460
f 372/1/461 384/1/460 382/1/281
f 371/1/269 383/1/268 384/1/460
f 372/1/461 387/1/462 386/1/308
f 370/1/283 385/1/310 387/1/462
f 375/1/463 387/1/462 385/1/310
f 374/1/309 386/1/308 387/1/462
f 377/1/464 368/1/459 369/1/322
f 376/1/275 367/1/277 368/1/459
f 377/1/464 389/1/465 388/1/319
f 378/1/274 390/1/273 389/1/465
f 380/1/466 398/1/239 399/1/73
f 379/1/48 397/1/48 398/1/239
f 380/1/466 375/1/463 373/1/306
f 381/1/329 374/1/309 375/1/463
f 392/2/467 389/2/468 390/2/325
f 391/2/344 388/2/346 389/2/468
f 402/2/352 401/2/470 396/2/469
f 401/2/470 400/2/378 394/2/385
f 405/2/354 404/2/471 401/2/470
f 404/2/471 403/2/417 400/2/378
f 407/2/415 408/2/472 404/2/471
f 408/2/472 406/2/2719 403/2/417
f 411/2/437 410/6/474 414/2/473
f 410/6/474 409/2/429 412/2/475
f 395/2/445 396/6/477 410/6/476
f 396/6/477 394/2/413 409/2/478
f 414/2/479 392/2/481 393/2/410
f 412/2/480 391/2/366 392/2/481
f 367/1/277 225/1/328 244/1/317
f 241/1/482 214/1/321 369/1/322
f 420/2/204 307/2/259 306/2/483
f 417/2/484 419/2/487 207/2/485
f 252/2/388 207/2/485 419/2/487
f 524/7/488 446/7/521 448/7/489
f 444/7/491 423/7/524 424/7/492
f 445/7/492 424/7/492 425/7/493
f 425/7/493 426/7/494 449/7/494
f 449/7/494 426/7/494 427/7/495
f 427/7/495 469/7/2725 497/7/496
f 530/7/497 423/7/2726 428/7/498
f 530/7/500 532/7/503 424/7/501
f 532/7/503 534/7/506 425/7/504
f 536/7/505 426/7/508 425/7/504
f 538/7/507 427/7/2727 426/7/508
f 538/7/509 609/7/578 469/7/510
f 454/7/512 456/7/536 480/7/513
f 525/7/490 448/7/489 450/7/515
f 540/7/517 453/7/2728 443/7/518
f 523/7/520 443/7/2729 446/7/521
f 526/7/516 450/7/515 452/7/522
f 454/7/512 428/7/2730 423/7/524
f 548/7/525 455/7/2731 453/7/526
f 613/7/528 541/7/499 428/7/498
f 463/7/530 488/7/2732 482/7/531
f 546/7/533 431/7/565 429/7/534
f 456/7/536 458/7/532 482/7/531
f 470/7/537 428/7/2730 454/7/512
f 559/7/538 528/7/2733 430/7/539
f 571/7/541 529/7/535 429/7/534
f 551/7/543 561/7/563 464/7/544
f 456/7/536 459/7/2734 461/7/546
f 441/7/547 432/7/2735 547/7/548
f 483/7/550 467/7/579 601/7/551
f 562/7/553 566/7/591 436/7/554
f 435/7/556 430/7/2736 440/7/557
f 441/7/559 442/7/558 431/7/560
f 562/7/562 466/7/2737 464/7/544
f 546/8/533 552/7/797 432/7/564
f 548/7/566 557/7/2738 460/7/567
f 432/7/569 552/7/801 550/7/570
f 557/7/490 558/7/490 462/7/572
f 433/7/573 466/7/619 436/7/574
f 551/7/576 457/7/2739 462/7/577
f 467/7/579 483/7/550 487/7/580
f 487/7/580 488/7/2732 463/7/530
f 438/7/582 434/7/597 554/7/583
f 438/7/585 437/7/589 435/7/556
f 433/7/573 439/7/593 568/7/587
f 437/7/589 438/7/585 439/7/575
f 437/7/590 436/7/554 566/7/591
f 439/7/593 438/7/582 567/7/584
f 437/7/590 565/7/592 559/7/594
f 435/7/556 442/7/558 441/7/559
f 442/7/558 440/7/557 429/7/596
f 434/7/597 441/7/547 575/7/549
f 430/7/598 528/7/824 571/7/541
f 443/7/599 444/7/608 445/7/600
f 448/7/601 446/7/600 445/7/600
f 448/7/601 447/7/601 449/7/602
f 450/7/602 449/7/602 451/7/603
f 496/7/605 452/7/604 451/7/603
f 453/7/607 454/7/2740 444/7/608
f 455/7/609 456/7/2741 454/7/610
f 462/7/572 461/7/612 459/7/612
f 459/7/613 456/7/2742 455/7/614
f 457/7/616 458/7/2743 461/7/617
f 466/7/619 465/7/581 463/7/530
f 457/7/621 464/7/620 463/7/530
f 452/7/623 496/7/2744 602/7/624
f 467/7/579 465/7/581 466/7/619
f 467/7/579 433/7/573 560/7/588
f 605/7/505 606/7/506 503/7/626
f 499/7/628 500/7/629 472/7/629
f 500/7/629 502/7/631 473/7/631
f 502/7/631 504/7/633 474/7/632
f 504/7/633 506/7/635 475/7/634
f 497/7/496 469/7/2725 475/7/634
f 476/7/636 471/7/2745 615/7/637
f 471/7/639 472/7/2746 617/7/516
f 617/7/516 472/7/2746 473/7/640
f 619/7/490 473/7/640 474/7/641
f 474/7/641 475/7/2747 623/7/643
f 623/7/644 475/7/2748 469/7/510
f 509/7/645 468/7/514 480/7/513
f 606/7/506 607/7/503 505/7/647
f 625/7/648 604/7/863 498/7/649
f 604/7/651 605/7/505 501/7/627
f 607/7/503 608/7/500 507/7/653
f 509/7/645 499/7/628 471/7/630
f 508/8/655 510/7/2749 634/7/656
f 613/7/658 470/7/2750 476/7/636
f 482/7/531 488/7/2732 518/7/659
f 631/7/661 612/7/872 477/7/662
f 511/7/646 480/7/513 482/7/531
f 509/7/645 476/7/654 470/7/537
f 478/7/664 611/7/2751 647/7/665
f 477/7/662 612/7/872 662/7/667
f 638/7/669 512/7/2752 519/7/670
f 516/7/672 514/7/2753 511/7/646
f 632/7/673 481/7/2754 494/7/674
f 483/7/550 649/7/552 694/7/676
f 489/7/678 657/7/713 653/7/679
f 493/7/681 478/7/2755 486/7/682
f 494/7/684 481/7/2756 479/7/685
f 653/7/686 652/7/671 519/7/670
f 631/7/661 479/7/663 481/7/688
f 515/7/690 645/7/2757 634/7/691
f 481/7/693 632/7/898 636/7/694
f 645/7/696 515/7/697 517/7/697
f 484/7/698 492/7/712 489/7/699
f 638/7/701 646/8/578 517/7/702
f 487/7/580 483/7/550 522/7/677
f 518/7/659 488/7/2732 487/7/580
f 642/7/705 485/7/720 491/7/706
f 491/7/708 485/7/718 486/7/682
f 659/7/710 492/7/716 484/7/698
f 490/7/709 489/7/699 492/7/712
f 657/7/713 489/7/678 490/7/714
f 658/7/707 491/7/706 492/7/716
f 490/7/714 486/7/2758 647/7/717
f 494/7/684 495/7/683 486/7/682
f 477/7/719 493/7/681 495/7/683
f 666/7/675 494/7/674 485/7/720
f 478/7/721 493/7/668 662/7/667
f 500/7/723 499/7/729 498/7/724
f 503/7/725 502/7/725 500/7/723
f 505/7/726 504/7/726 502/7/725
f 506/7/727 504/7/726 505/7/726
f 496/7/605 497/7/606 506/7/727
f 499/7/729 509/7/2759 508/7/730
f 509/7/731 511/7/2760 510/7/732
f 514/7/734 516/7/734 517/7/697
f 514/7/735 515/7/2761 510/7/736
f 516/7/738 513/7/2762 512/7/739
f 518/7/659 520/7/704 521/7/700
f 512/7/742 513/7/2763 518/7/659
f 602/7/624 496/7/2744 507/7/743
f 522/7/677 484/7/698 521/7/700
f 648/7/711 484/7/698 522/7/677
f 525/7/490 581/7/763 579/7/745
f 577/7/746 578/7/747 533/7/747
f 580/7/749 535/7/749 533/7/747
f 580/7/749 582/7/751 537/7/750
f 582/7/751 584/7/752 539/7/752
f 668/7/753 610/7/2764 539/7/752
f 542/7/754 531/7/2765 530/7/497
f 530/7/500 531/7/2766 533/7/755
f 533/7/755 535/7/756 534/7/506
f 535/7/756 537/7/757 536/7/505
f 537/7/757 539/7/2767 538/7/507
f 538/7/509 539/7/2768 610/7/758
f 587/7/759 603/7/776 633/7/760
f 525/7/490 526/7/516 583/7/762
f 540/7/517 523/7/519 576/7/764
f 523/7/520 524/7/488 579/7/745
f 526/7/516 527/7/523 585/7/767
f 587/7/759 577/7/746 531/7/748
f 586/7/769 588/7/2769 548/7/525
f 613/7/528 614/7/2770 542/7/754
f 637/7/770 651/7/2771 596/7/771
f 546/7/533 529/7/535 543/7/773
f 589/7/761 633/7/760 637/7/770
f 587/7/759 542/7/768 614/7/775
f 544/7/777 528/7/2733 559/7/538
f 543/7/773 529/7/535 571/7/541
f 551/7/543 590/7/2772 597/7/780
f 594/7/781 592/7/781 589/7/761
f 547/7/782 549/7/2773 573/7/783
f 640/7/785 649/7/884 601/7/786
f 563/7/788 566/7/591 562/7/553
f 572/7/790 544/7/2774 556/7/791
f 573/7/793 549/7/2775 545/7/794
f 562/7/562 561/7/563 597/7/780
f 546/8/533 545/8/774 549/7/796
f 593/7/798 557/7/2738 548/7/566
f 549/7/800 547/7/571 550/7/570
f 593/7/802 595/8/838 558/7/490
f 553/7/803 570/7/817 563/7/804
f 551/7/576 558/7/578 595/7/806
f 650/7/808 640/7/785 600/7/787
f 596/7/771 651/7/2771 650/7/808
f 554/7/810 555/7/822 569/7/811
f 569/7/813 555/7/820 556/7/791
f 568/7/815 570/7/819 553/7/803
f 564/7/814 563/7/804 570/7/817
f 566/7/591 563/7/788 564/7/818
f 567/7/812 569/7/811 570/7/819
f 564/7/818 556/7/2776 559/7/594
f 573/7/793 574/7/792 556/7/791
f 543/7/821 572/7/790 574/7/792
f 575/7/784 573/7/783 555/7/822
f 544/7/823 572/7/779 571/7/541
f 579/7/825 578/7/825 577/7/826
f 581/7/828 580/7/828 578/7/825
f 582/7/829 580/7/828 581/7/828
f 584/7/830 582/7/829 583/7/829
f 667/7/832 668/7/926 584/7/830
f 577/7/826 587/7/2777 586/7/833
f 587/7/834 589/7/2778 588/7/835
f 593/7/802 592/7/837 594/7/837
f 592/7/839 593/7/2779 588/7/840
f 594/7/842 591/7/2780 590/7/843
f 596/7/771 598/7/809 599/7/805
f 590/7/846 591/7/2781 596/7/771
f 602/7/624 667/7/2782 585/7/847
f 600/7/787 553/7/803 599/7/805
f 560/7/816 553/7/803 600/7/787
f 605/7/505 672/7/864 674/7/848
f 670/7/849 616/7/866 618/7/850
f 618/7/850 620/7/851 673/7/851
f 620/7/851 622/7/852 675/7/852
f 675/7/852 622/7/852 624/7/853
f 624/7/853 610/7/2764 668/7/753
f 615/7/637 616/7/2783 627/7/855
f 617/7/516 618/7/857 616/7/856
f 619/7/490 620/7/858 618/7/857
f 621/7/642 622/7/859 620/7/858
f 623/7/643 624/7/2784 622/7/859
f 623/7/644 609/7/578 610/7/758
f 680/7/861 682/7/873 633/7/760
f 674/7/848 676/7/2785 607/7/503
f 625/7/648 679/7/2786 669/7/862
f 604/7/651 669/7/2787 672/7/864
f 607/7/503 676/7/2785 678/7/865
f 680/7/861 627/7/2788 616/7/866
f 634/7/656 681/7/2789 679/7/867
f 613/7/658 626/7/638 627/7/855
f 689/7/869 651/7/2771 637/7/770
f 631/7/661 630/7/894 628/7/871
f 682/7/873 684/7/870 637/7/770
f 614/7/775 627/7/2788 680/7/861
f 647/7/665 611/7/2751 629/7/874
f 662/7/667 612/7/872 628/7/871
f 638/7/669 652/7/671 690/7/877
f 682/7/873 685/7/879 687/7/879
f 664/7/880 635/7/2790 632/7/881
f 640/7/785 693/7/904 694/7/883
f 653/7/679 657/7/713 654/7/885
f 644/7/887 629/7/2791 663/7/888
f 664/7/890 665/7/889 630/7/891
f 653/7/686 692/7/2792 690/7/877
f 631/7/661 639/7/689 635/7/893
f 634/7/691 645/7/2757 686/7/895
f 635/7/897 639/7/695 636/7/694
f 645/7/696 646/7/696 688/7/899
f 641/7/900 692/7/939 654/7/901
f 638/7/701 683/8/2793 688/7/903
f 693/7/904 640/7/785 650/7/808
f 650/7/808 651/7/2771 689/7/869
f 660/7/906 643/7/918 642/7/907
f 660/7/909 655/7/913 644/7/887
f 641/7/900 661/7/915 659/7/911
f 655/7/913 660/7/909 661/7/902
f 655/7/914 654/7/885 657/7/713
f 661/7/915 660/7/906 658/7/908
f 655/7/914 656/7/715 647/7/717
f 644/7/887 665/7/889 664/7/890
f 665/7/889 663/7/888 628/7/917
f 643/7/918 664/7/880 666/7/882
f 629/7/919 611/7/722 662/7/667
f 669/7/920 670/7/928 671/7/921
f 672/7/921 671/7/921 673/7/922
f 674/7/922 673/7/922 675/7/923
f 676/7/923 675/7/923 677/7/924
f 667/7/832 678/7/925 677/7/924
f 679/7/927 680/7/2794 670/7/928
f 681/7/929 682/7/2795 680/7/930
f 688/7/899 687/7/932 685/7/932
f 685/7/933 682/7/2796 681/7/934
f 683/8/936 684/7/2797 687/8/937
f 692/7/939 691/7/905 689/7/869
f 683/7/941 690/7/940 689/7/869
f 678/7/943 667/7/2782 602/7/624
f 693/7/904 691/7/905 692/7/939
f 693/7/904 641/7/900 648/7/912
f 717/7/944 704/7/944 699/7/945
f 711/7/946 698/7/946 696/7/947
f 705/7/948 716/7/948 714/7/949
f 702/7/950 703/7/951 715/8/951
f 715/7/952 703/7/952 701/7/949
f 717/7/944 718/7/953 706/7/953
f 706/7/954 718/7/954 716/7/948
f 708/7/955 709/7/956 697/7/956
f 697/7/957 709/7/957 707/7/947
f 710/7/945 699/7/945 700/7/958
f 700/7/959 698/7/946 711/7/946
f 702/7/950 713/7/950 708/7/955
f 727/7/960 738/7/961 739/7/961
f 735/7/962 742/7/963 741/7/963
f 723/7/964 730/7/965 729/7/965
f 719/7/966 722/7/966 721/7/967
f 719/7/968 723/7/964 724/7/964
f 726/7/960 725/7/969 728/7/969
f 729/7/965 730/7/965 728/7/970
f 732/7/971 731/7/2798 734/7/972
f 735/7/962 736/7/962 734/7/973
f 737/7/974 740/7/974 739/7/961
f 737/7/975 741/7/963 742/7/963
f 732/7/971 733/7/971 720/7/967
f 730/7/977 723/7/2799 714/7/978
f 732/7/980 721/7/2800 702/7/981
f 737/7/983 738/7/1012 710/7/984
f 731/7/986 732/7/980 695/7/982
f 720/7/988 733/7/2801 708/7/989
f 725/7/991 726/7/1013 704/7/992
f 719/7/994 720/7/988 713/7/990
f 736/7/996 741/7/2802 711/7/997
f 699/7/999 739/7/2803 740/7/1000
f 708/7/989 733/7/2801 734/7/1002
f 698/7/1004 742/7/2804 735/7/1005
f 717/7/1007 727/7/2805 728/7/1008
f 702/7/981 721/7/2800 722/7/1010
f 738/7/1012 727/7/2805 717/7/1007
f 711/7/997 741/7/2802 737/7/983
f 696/7/1006 735/7/1005 731/7/986
f 726/7/1013 739/7/2803 699/7/999
f 705/7/1014 729/7/1016 725/7/991
f 740/7/1000 742/7/2804 698/7/1004
f 714/7/978 723/7/2799 719/7/994
f 734/7/1002 736/7/996 707/7/998
f 701/7/1015 724/7/2806 729/7/1016
f 728/7/1008 730/7/977 716/7/979
f 722/7/1010 724/7/2806 701/7/1015
f 752/7/1017 747/7/1018 758/7/1018
f 755/7/1019 759/7/1020 746/7/1020
f 753/7/1022 764/7/1022 762/7/1023
f 761/7/1024 750/7/1024 751/7/1025
f 751/7/1026 749/7/1023 762/7/1023
f 752/7/1017 765/7/1017 766/7/1027
f 754/7/1028 766/8/1028 764/7/1022
f 743/7/1029 756/7/1029 757/7/1030
f 745/7/1031 757/7/1031 755/7/1019
f 747/7/1018 748/7/1032 760/7/1032
f 748/7/1033 746/7/1020 759/7/1020
f 750/7/1024 761/7/1024 756/7/1029
f 775/7/1034 786/7/1035 787/7/1035
f 783/7/1036 790/7/1037 789/7/1037
f 771/7/1038 778/7/1039 777/7/1039
f 767/7/1040 770/7/1040 769/7/1041
f 767/7/1042 771/7/1038 772/7/1038
f 774/7/1034 773/7/1043 776/7/1043
f 777/7/1039 778/7/1039 776/7/1044
f 780/7/1045 779/7/1046 782/7/1046
f 783/7/1036 784/7/1036 782/7/1047
f 785/7/1048 788/7/1048 787/7/1035
f 785/7/1049 789/7/1037 790/7/1037
f 769/7/1041 780/7/1045 781/7/1045
f 778/7/1050 771/7/2807 762/7/1051
f 743/7/1053 780/7/2808 769/7/1054
f 785/7/1056 786/7/1085 758/7/1057
f 779/7/1059 780/7/2808 743/7/1053
f 761/7/1061 768/7/2809 781/7/1062
f 773/7/1064 774/7/2810 752/7/1065
f 767/7/1067 768/7/2809 761/7/1061
f 784/7/1069 789/7/2811 759/7/1070
f 747/7/1072 787/7/1086 788/7/1073
f 756/7/1063 781/7/1062 782/7/1075
f 746/7/1077 790/7/2812 783/7/1078
f 765/7/1080 775/7/2813 776/7/1081
f 750/7/1055 769/7/1054 770/7/1083
f 786/7/1085 775/7/2813 765/7/1080
f 759/7/1070 789/7/2811 785/7/1056
f 744/7/1079 783/7/1078 779/7/1059
f 752/7/1065 774/7/2810 787/7/1086
f 753/7/1087 777/7/2814 773/7/1064
f 788/7/1073 790/7/2812 746/7/1077
f 762/7/1051 771/7/2807 767/7/1067
f 782/7/1075 784/7/1069 755/7/1071
f 772/7/1088 777/7/2814 753/7/1087
f 776/7/1081 778/7/1050 764/7/1052
f 770/7/1083 772/7/1088 749/7/1089
f 800/7/1090 795/7/1091 806/7/1091
f 803/7/1092 807/7/1093 794/7/1093
f 801/7/1094 812/7/1094 810/7/1095
f 809/7/1096 798/7/1096 799/7/1097
f 811/7/1098 799/7/2815 797/7/1095
f 813/7/1090 814/7/1099 802/7/1099
f 814/7/1100 812/7/1094 801/7/1094
f 791/7/1101 804/7/1101 805/7/1102
f 793/7/1103 805/7/1103 803/7/1092
f 795/7/1091 796/7/1104 808/7/1104
f 808/7/1105 796/7/1105 794/7/1093
f 798/7/1096 809/7/1096 804/7/1101
f 834/7/1106 835/7/1106 822/7/1107
f 831/7/1108 838/7/1109 837/7/1109
f 819/7/1110 826/7/1111 825/7/1111
f 816/7/1112 815/7/1113 818/7/1113
f 819/7/1110 820/7/1110 818/7/1114
f 821/7/1115 824/7/1115 823/7/1107
f 825/7/1111 826/7/1111 824/7/1116
f 828/8/1117 827/7/1118 830/7/1118
f 827/7/1119 831/7/1108 832/7/1108
f 834/7/1106 833/7/1120 836/7/1120
f 837/7/1109 838/7/1109 836/7/1121
f 828/8/1117 829/7/1117 816/7/1112
f 826/7/1122 819/7/2816 810/7/1123
f 828/7/1125 817/7/2817 798/7/1126
f 833/7/1128 834/7/2818 806/7/1129
f 827/7/1131 828/7/1125 791/7/1127
f 816/7/1133 829/7/2819 804/7/1134
f 821/7/1136 822/7/2820 800/7/1137
f 815/7/1139 816/7/1133 809/7/1135
f 803/7/1141 832/7/2821 837/7/1142
f 795/7/1144 835/7/1158 836/7/1145
f 804/7/1134 829/7/2819 830/7/1147
f 838/7/1149 831/7/2822 792/7/1150
f 813/7/1152 823/7/1157 824/7/1153
f 798/7/1126 817/7/2817 818/7/1155
f 806/7/1129 834/7/2818 823/7/1157
f 807/7/1143 837/7/1142 833/7/1128
f 792/7/1150 831/7/2822 827/7/1131
f 800/7/1137 822/7/2820 835/7/1158
f 801/7/1159 825/7/2823 821/7/1136
f 836/7/1145 838/7/1149 794/7/1151
f 810/7/1123 819/7/2816 815/7/1139
f 830/7/1147 832/7/2821 803/7/1141
f 820/7/1160 825/7/2823 801/7/1159
f 824/7/1153 826/7/1122 812/7/1124
f 818/7/1155 820/7/1160 797/7/1161
f 847/7/1162 850/7/1163 842/8/1163
f 846/7/1165 854/7/1165 852/7/1166
f 851/7/1168 844/7/1168 845/7/1169
f 853/7/1170 845/7/1170 843/7/1167
f 839/7/1171 848/7/2824 849/7/1172
f 849/8/1173 847/7/1162 840/7/1164
f 851/7/1168 848/7/2824 839/7/1171
f 868/7/1174 867/7/2825 870/7/1175
f 859/7/1176 862/7/1177 861/7/1177
f 856/7/1179 855/7/1180 858/7/1180
f 855/7/1181 859/7/1176 860/7/1178
f 863/7/1182 866/7/1182 865/7/1183
f 863/7/1184 867/7/2825 868/7/1174
f 864/7/1183 865/7/1183 856/7/1179
f 854/7/1185 862/7/2826 859/7/1186
f 839/7/1188 864/7/2827 857/7/1189
f 863/7/1191 864/7/2827 839/7/1188
f 851/7/1193 856/7/2828 865/7/1194
f 855/7/1196 856/7/2828 851/7/1193
f 868/7/1198 869/7/2829 850/7/1199
f 848/7/1195 865/7/1194 866/7/1201
f 842/7/1203 870/7/2830 867/7/1204
f 844/7/1190 857/7/1189 858/7/1206
f 840/7/1205 867/7/1204 863/7/1191
f 852/7/1187 859/7/1186 855/7/1196
f 866/7/1201 868/7/1198 847/7/1200
f 860/7/1208 861/7/2831 846/7/1209
f 858/7/1206 860/7/1208 843/7/1210
f 872/7/1211 874/7/1211 873/7/1211
f 874/7/419 878/7/419 877/7/419
f 878/7/1212 876/7/1212 875/7/1212
f 876/7/180 872/7/180 871/7/180
f 874/7/139 872/7/139 876/7/139
f 888/7/1213 883/7/1214 894/7/1214
f 891/7/1215 895/7/1216 882/7/1216
f 885/7/1217 889/7/1218 900/7/1218
f 897/8/1219 886/8/1219 887/7/1220
f 899/7/1221 887/7/1221 885/7/1217
f 901/7/1213 902/7/1222 890/7/1222
f 902/7/1223 900/7/1218 889/7/1218
f 879/8/1224 892/7/1224 893/7/1225
f 881/7/1226 893/7/1226 891/7/1215
f 883/7/1214 884/7/1227 896/7/1227
f 896/7/1228 884/7/1228 882/7/1216
f 886/8/1219 897/8/1219 892/7/1224
f 922/7/1229 923/7/1229 910/7/1230
f 919/7/1231 926/7/1232 925/7/1232
f 907/7/1233 914/7/1234 913/7/1234
f 904/7/1235 903/7/1236 906/7/1236
f 907/7/1233 908/7/1233 906/7/1237
f 910/7/1230 909/7/2832 912/7/1238
f 913/7/1234 914/7/1234 912/7/1239
f 916/7/1240 915/7/2833 918/7/1241
f 919/7/1231 920/7/1231 918/7/1242
f 922/7/1229 921/7/1243 924/7/1243
f 925/7/1232 926/7/1232 924/7/1244
f 916/7/1240 917/7/1240 904/7/1235
f 900/7/1245 914/7/2834 907/7/1246
f 916/7/1248 905/7/2835 886/7/1249
f 921/7/1251 922/7/2836 894/7/1252
f 915/7/1254 916/7/1248 879/7/1250
f 904/7/1256 917/7/2837 892/7/1257
f 909/7/1259 910/7/2838 888/7/1260
f 903/7/1262 904/7/1256 897/7/1258
f 891/7/1264 920/7/2839 925/7/1265
f 883/7/1267 923/7/1281 924/7/1268
f 892/7/1257 917/7/2837 918/7/1270
f 926/7/1272 919/7/2840 880/7/1273
f 901/7/1275 911/7/1280 912/7/1276
f 886/7/1249 905/7/2835 906/7/1278
f 894/7/1252 922/7/2836 911/7/1280
f 895/7/1266 925/7/1265 921/7/1251
f 880/7/1273 919/7/2840 915/7/1254
f 888/7/1260 910/7/2838 923/7/1281
f 889/7/1282 913/7/1284 909/7/1259
f 924/7/1268 926/7/1272 882/7/1274
f 898/7/1247 907/7/1246 903/7/1262
f 918/7/1270 920/7/2839 891/7/1264
f 885/7/1283 908/7/2841 913/7/1284
f 912/7/1276 914/7/2834 900/7/1245
f 906/7/1278 908/7/2841 885/7/1283
f 936/7/1285 931/7/1286 942/7/1286
f 939/7/1287 943/7/1288 930/7/1288
f 933/7/1289 937/7/1290 948/7/1290
f 945/7/1291 934/7/1291 935/7/1292
f 947/7/1294 935/8/1294 933/7/1289
f 949/7/1285 950/7/1295 938/7/1295
f 950/8/1296 948/7/1290 937/7/1290
f 927/7/1297 940/7/1297 941/7/1298
f 929/7/1299 941/7/1299 939/7/1287
f 931/7/1286 932/7/2842 944/7/1300
f 944/7/1301 932/7/1301 930/7/1288
f 934/7/1291 945/7/1291 940/7/1297
f 970/7/1302 971/7/1302 958/7/1303
f 967/7/1304 974/7/1305 973/7/1305
f 955/7/1306 962/7/1307 961/7/1307
f 952/7/1308 951/7/1309 954/7/1309
f 955/7/1306 956/7/1306 954/7/1310
f 958/7/1303 957/7/1311 960/7/1311
f 961/7/1307 962/7/1307 960/7/1312
f 964/7/1313 963/7/1314 966/7/1314
f 967/7/1304 968/7/1304 966/7/1315
f 970/7/1302 969/7/1316 972/7/1316
f 973/7/1305 974/7/1305 972/7/1317
f 964/7/1313 965/7/1313 952/7/1308
f 948/7/1318 962/7/2843 955/7/1319
f 964/7/1321 953/7/2844 934/7/1322
f 969/7/1324 970/7/2845 942/7/1325
f 963/7/1327 964/7/1321 927/7/1323
f 952/7/1329 965/7/2846 940/7/1330
f 957/7/1332 958/7/1354 936/7/1333
f 951/7/1335 952/7/1329 945/7/1331
f 939/7/1337 968/7/2847 973/7/1338
f 931/7/1340 971/7/2848 972/7/1341
f 940/7/1330 965/7/2846 966/7/1343
f 974/7/1345 967/7/2849 928/7/1346
f 949/7/1348 959/7/1353 960/7/1349
f 934/7/1322 953/7/2844 954/7/1351
f 942/7/1325 970/7/2845 959/7/1353
f 943/7/1339 973/7/1338 969/7/1324
f 928/7/1346 967/7/2849 963/7/1327
f 958/7/1354 971/7/2848 931/7/1340
f 937/7/1355 961/7/2850 957/7/1332
f 972/7/1341 974/7/1345 930/7/1347
f 946/7/1320 955/7/1319 951/7/1335
f 966/7/1343 968/7/2847 939/7/1337
f 956/7/1356 961/7/2850 937/7/1355
f 960/7/1349 962/7/2843 948/7/1318
f 954/7/1351 956/7/1356 933/7/1357
f 976/9/1358 978/9/1358 977/9/1358
f 979/9/1358 980/9/1358 982/9/1358
f 983/9/1359 985/9/1359 986/9/1359
f 987/9/1359 989/9/1359 990/9/1359
f 980/9/1360 988/9/1360 990/9/1360
f 989/9/139 987/9/139 979/9/139
f 976/9/1361 984/9/1361 986/10/1361
f 977/9/1362 985/9/1362 983/9/1362
f 993/9/1358 994/9/1358 992/9/1358
f 997/9/1358 998/9/1358 996/9/1358
f 999/9/1359 1000/9/1359 1002/9/1359
f 1003/9/1359 1004/9/1359 1006/9/1359
f 996/9/1363 998/9/1363 1006/9/1363
f 995/9/25 1003/9/25 1005/9/25
f 992/9/1362 994/9/1362 1002/9/1362
f 993/9/1361 991/9/1361 999/9/1361
f 1008/7/1364 1010/7/1365 1009/7/1365
f 1010/7/1365 1012/7/1366 1011/7/1366
f 1011/7/1366 1012/7/1366 1014/7/1367
f 1013/7/1367 1014/7/1367 1016/7/25
f 1016/7/25 1018/7/1368 1017/7/1368
f 1018/7/1368 1020/7/1369 1019/7/1369
f 1020/7/1369 1022/7/1370 1021/8/1370
f 1022/7/1370 1024/7/1371 1023/7/1371
f 1024/7/1371 1026/7/1372 1025/7/1372
f 1025/7/1372 1026/7/1372 1028/7/1373
f 1027/7/1373 1028/7/1373 1030/7/1374
f 1030/7/1374 1032/7/139 1031/7/139
f 1032/7/139 1034/7/1375 1033/7/1375
f 1034/7/1375 1036/7/1376 1035/7/1376
f 1043/7/1373 1044/7/1373 1041/7/1372
f 1036/7/1376 1038/7/1377 1037/7/1377
f 1037/7/1377 1038/7/1377 1008/7/1364
f 1039/7/1371 1040/7/1372 1041/7/1372
f 1043/7/1373 1045/7/1374 1046/7/1374
f 1047/7/139 1048/7/139 1046/7/1374
f 1047/7/139 1049/7/1375 1050/7/1375
f 1051/7/1376 1052/7/1376 1050/7/1375
f 1053/7/1377 1054/7/1377 1052/7/1376
f 1055/7/1364 1056/7/1364 1054/7/1377
f 1055/7/1364 1057/7/1365 1058/7/1365
f 1057/7/1365 1059/7/1366 1060/7/1366
f 1059/7/1366 1061/7/1367 1062/7/1367
f 1063/7/25 1064/7/25 1062/7/1367
f 1063/7/25 1065/7/1368 1066/7/1368
f 1065/7/1368 1067/7/1369 1068/7/1369
f 1067/7/1369 1069/7/1370 1070/7/1370
f 1039/7/1371 1042/7/1371 1070/7/1370
f 1029/7/1378 1061/7/1378 1059/7/1379
f 1041/7/1380 1044/7/1381 1012/7/1381
f 1060/7/1382 1062/7/1383 1030/7/1383
f 1021/7/1384 1053/7/1384 1051/7/1385
f 1007/7/1386 1039/7/1386 1069/7/1387
f 1052/7/1388 1054/7/1389 1022/7/1389
f 1070/7/1390 1042/7/1391 1008/7/1391
f 1045/7/1392 1043/7/1393 1011/7/1393
f 1031/7/1394 1063/7/1394 1061/7/1378
f 1044/7/1381 1046/7/1395 1014/7/1395
f 1062/7/1383 1064/7/1396 1032/7/1396
f 1023/7/1397 1055/7/1397 1053/7/1384
f 1054/7/1389 1056/7/1398 1024/7/1398
f 1047/7/1399 1045/7/1392 1013/7/1392
f 1033/7/1400 1065/7/1400 1063/7/1394
f 1014/7/1395 1046/7/1395 1048/7/1401
f 1064/7/1396 1066/7/1402 1034/7/1402
f 1057/7/1403 1055/7/1397 1023/7/1397
f 1024/7/1398 1056/7/1398 1058/7/1404
f 1049/7/1405 1047/7/1399 1015/7/1399
f 1035/7/1406 1067/7/1406 1065/7/1400
f 1040/7/1407 1039/7/1386 1007/7/1386
f 1016/7/1401 1048/7/1401 1050/7/1408
f 1034/7/1402 1066/7/1402 1068/7/1409
f 1008/7/1391 1042/7/1391 1041/7/1380
f 1059/8/1379 1057/7/1403 1025/7/1403
f 1058/7/1404 1060/7/1382 1028/7/1382
f 1051/7/1385 1049/7/1405 1017/7/1405
f 1069/7/1387 1067/7/1406 1035/7/1406
f 1050/7/1408 1052/7/1388 1020/7/1388
f 1036/7/1409 1068/7/1409 1070/7/1390
f 1043/7/1393 1040/7/1407 1009/7/1407
f 1071/7/1364 1073/7/1365 1074/7/1365
f 1075/7/1366 1076/7/1366 1074/7/1365
f 1077/7/1367 1078/7/1367 1076/7/1366
f 1077/7/1367 1079/7/25 1080/7/25
f 1081/7/1368 1082/7/1368 1080/7/25
f 1083/7/1369 1084/7/1369 1082/7/1368
f 1085/7/1370 1086/7/1370 1084/7/1369
f 1085/7/1370 1087/7/1371 1088/7/1371
f 1089/7/1372 1090/7/1372 1088/7/1371
f 1089/7/1372 1091/7/1373 1092/7/1373
f 1091/7/1373 1093/7/1374 1094/7/1374
f 1093/7/1374 1095/7/139 1096/7/139
f 1095/7/139 1097/7/1375 1098/7/1375
f 1097/7/1375 1099/7/1376 1100/7/1376
f 1104/7/1372 1105/7/1372 1108/7/1373
f 1099/7/1376 1101/7/1377 1102/7/1377
f 1101/7/1377 1071/7/1364 1072/7/1364
f 1103/7/1371 1106/7/1371 1105/7/1372
f 1108/7/1373 1110/7/1374 1109/7/1374
f 1109/7/1374 1110/7/1374 1112/7/139
f 1111/7/139 1112/7/139 1114/7/1375
f 1114/7/1375 1116/7/1376 1115/7/1376
f 1116/7/1376 1118/7/1377 1117/7/1377
f 1117/7/1377 1118/7/1377 1120/7/1364
f 1120/7/1364 1122/7/1365 1121/7/1365
f 1121/7/1365 1122/7/1365 1124/7/1366
f 1124/7/1366 1126/7/1367 1125/7/1367
f 1126/7/1367 1128/7/25 1127/7/25
f 1127/7/25 1128/7/25 1130/7/1368
f 1130/7/1368 1132/7/1369 1131/7/1369
f 1132/7/1369 1134/7/1370 1133/7/1370
f 1133/7/1370 1134/7/1370 1106/7/1371
f 1091/7/1382 1123/7/1382 1125/7/1383
f 1074/7/1407 1076/7/1393 1108/7/1393
f 1094/7/1378 1126/7/1378 1124/7/1379
f 1083/7/1388 1115/7/1388 1117/7/1389
f 1071/7/1391 1101/7/1390 1133/7/1390
f 1086/7/1384 1118/7/1384 1116/7/1410
f 1072/7/1386 1106/7/1386 1134/7/1387
f 1075/7/1381 1107/7/1381 1109/7/1395
f 1093/7/1383 1125/7/1383 1127/7/1411
f 1076/7/1393 1078/7/1392 1110/7/1392
f 1096/7/1394 1128/7/1414 1126/7/1378
f 1087/7/1398 1085/7/1389 1117/7/1389
f 1086/7/1384 1088/7/1397 1120/7/1397
f 1079/7/1412 1077/7/1395 1109/7/1395
f 1095/7/1411 1127/7/1411 1129/7/1402
f 1080/7/1413 1112/7/1413 1110/7/1392
f 1096/7/1394 1098/7/1400 1130/7/1400
f 1087/7/1398 1119/7/1398 1121/7/1415
f 1090/7/1403 1122/7/1403 1120/7/1397
f 1081/7/1408 1079/7/1412 1111/7/1412
f 1097/7/1402 1129/7/1402 1131/7/1409
f 1071/7/1391 1103/7/1391 1104/7/1380
f 1080/7/1413 1082/7/1405 1114/7/1405
f 1100/7/1406 1132/7/1406 1130/7/1400
f 1072/7/1386 1074/7/1407 1105/7/1407
f 1091/7/1382 1089/7/1415 1121/7/1415
f 1090/7/1403 1092/7/1379 1124/7/1379
f 1083/7/1388 1081/7/1408 1113/7/1408
f 1099/7/1409 1131/7/1409 1133/7/1390
f 1084/7/1410 1116/7/1410 1114/7/1405
f 1100/7/1406 1102/7/1387 1134/7/1387
f 1073/7/1380 1104/7/1380 1107/7/1381
f 1140/9/1371 1139/9/1371 1142/9/1416
f 1137/9/1417 1138/9/1417 1156/9/1418
f 1144/9/1419 1141/9/1419 1139/9/1371
f 1141/9/1419 1144/9/1419 1136/9/1420
f 1147/9/1421 1148/9/1364 1152/9/1364
f 1158/9/1422 1149/9/1423 1150/9/1423
f 1148/9/1364 1154/9/1424 1151/9/1424
f 1146/9/1425 1151/9/1424 1154/9/1424
f 1156/9/1426 1158/9/1443 1153/9/1427
f 1137/9/1359 1150/9/1359 1149/9/1359
f 1135/9/1429 1145/9/1429 1154/9/1430
f 1152/9/1432 1151/9/1434 1144/9/1433
f 1151/9/1434 1146/9/1435 1136/9/1435
f 1146/9/1358 1145/9/1358 1135/9/1358
f 1141/9/1431 1154/9/1430 1148/9/1436
f 1157/9/1437 1150/9/1438 1137/9/1438
f 1148/9/1436 1147/9/1441 1142/9/1440
f 1143/9/1428 1153/9/1427 1152/9/1432
f 1147/9/1441 1157/9/1437 1155/9/1439
f 1138/9/1442 1149/9/1442 1158/9/1443
f 1153/9/1421 1158/9/1422 1157/9/1422
f 1155/9/1418 1156/9/1418 1143/9/1416
f 1167/9/1444 1164/9/1373 1163/9/1373
f 1161/9/1445 1162/9/1445 1180/9/1446
f 1164/9/1373 1168/9/1447 1165/9/1447
f 1165/9/1447 1168/9/1447 1160/9/1448
f 1171/9/1449 1172/9/1366 1176/9/1366
f 1182/9/1450 1173/9/1451 1174/9/1451
f 1172/9/1366 1178/9/1452 1175/9/1452
f 1170/9/1453 1175/9/1452 1178/9/1452
f 1180/9/1454 1182/9/1471 1177/9/1455
f 1161/9/1359 1174/9/1359 1173/9/1359
f 1159/9/1457 1169/9/1457 1178/9/1458
f 1176/9/1460 1175/9/1462 1168/9/1461
f 1175/9/1462 1170/9/1463 1160/9/1463
f 1170/9/1358 1169/9/1358 1159/9/1358
f 1165/9/1459 1178/9/1458 1172/9/1464
f 1181/9/1465 1174/9/1466 1161/9/1466
f 1172/9/1464 1171/9/1469 1166/9/1468
f 1167/9/1456 1177/9/1455 1176/9/1460
f 1171/9/1469 1181/9/1465 1179/9/1467
f 1162/9/1470 1173/9/1470 1182/9/1471
f 1177/9/1449 1182/9/1450 1181/9/1450
f 1179/9/1446 1180/9/1446 1167/9/1444
f 1188/9/139 1187/9/139 1190/9/1472
f 1185/9/1473 1186/9/1473 1204/9/1474
f 1192/9/1475 1189/9/1475 1187/9/139
f 1189/9/1475 1192/9/1475 1184/9/1476
f 1195/9/1477 1196/9/25 1200/9/25
f 1206/9/1478 1197/9/1479 1198/9/1479
f 1196/9/25 1202/9/1480 1199/9/1480
f 1193/9/1481 1194/9/1481 1199/9/1480
f 1204/9/1482 1206/9/1499 1201/9/1483
f 1198/9/1359 1197/9/1359 1186/9/1359
f 1183/9/1485 1193/9/1485 1202/9/1486
f 1200/9/1488 1199/9/1490 1192/9/1489
f 1199/9/1490 1194/9/1491 1184/9/1491
f 1184/9/1358 1194/9/1358 1193/9/1358
f 1189/9/1487 1202/9/1486 1196/9/1492
f 1205/9/1493 1198/9/1494 1185/9/1494
f 1196/9/1492 1195/9/1497 1190/9/1496
f 1191/9/1484 1201/9/1483 1200/9/1488
f 1195/9/1497 1205/9/1493 1203/9/1495
f 1186/9/1498 1197/9/1498 1206/9/1499
f 1201/9/1477 1206/9/1478 1205/9/1478
f 1190/9/1472 1203/9/1474 1204/9/1474
f 1215/9/1500 1212/9/1376 1211/9/1376
f 1227/9/1501 1209/9/1502 1210/9/1502
f 1212/9/1376 1216/9/1503 1213/9/1503
f 1207/9/1504 1213/9/1503 1216/9/1503
f 1225/9/1505 1219/9/1505 1220/9/1369
f 1230/9/1506 1221/9/1507 1222/9/1507
f 1224/9/1369 1220/9/1369 1226/9/1508
f 1217/9/1509 1218/9/1509 1223/9/1508
f 1228/9/1510 1230/9/1527 1225/9/1511
f 1209/9/1359 1222/9/1359 1221/9/1359
f 1207/9/1513 1217/9/1513 1226/9/1514
f 1224/9/1516 1223/9/1518 1216/9/1517
f 1223/9/1518 1218/9/1519 1208/9/1519
f 1208/9/1358 1218/9/1358 1217/9/1358
f 1213/9/1515 1226/9/1514 1220/9/1520
f 1229/9/1521 1222/9/1522 1209/9/1522
f 1220/9/1520 1219/9/1525 1214/9/1524
f 1215/9/1512 1225/9/1511 1224/9/1516
f 1219/9/1525 1229/9/1521 1227/9/1523
f 1210/9/1526 1221/9/1526 1230/9/1527
f 1225/9/1505 1230/9/1506 1229/9/1506
f 1214/9/1500 1227/9/1501 1228/9/1501
f 1236/9/1364 1235/9/1364 1238/9/1528
f 1251/9/1529 1233/9/1530 1234/9/1530
f 1236/9/1364 1240/9/1531 1237/9/1531
f 1231/9/1532 1237/9/1531 1240/9/1531
f 1243/9/1533 1244/9/1371 1248/9/1371
f 1254/9/1534 1245/9/1535 1246/9/1535
f 1244/9/1371 1250/9/1536 1247/9/1536
f 1241/9/1537 1242/9/1537 1247/9/1536
f 1252/9/1538 1254/9/1555 1249/9/1539
f 1246/9/1359 1245/9/1359 1234/9/1359
f 1231/9/1541 1241/9/1541 1250/9/1542
f 1248/9/1544 1247/9/1546 1240/9/1545
f 1247/9/1546 1242/9/1547 1232/9/1547
f 1232/9/1358 1242/9/1358 1241/9/1358
f 1237/9/1543 1250/9/1542 1244/9/1548
f 1253/9/1549 1246/9/1550 1233/9/1550
f 1244/9/1548 1243/9/1553 1238/9/1552
f 1239/9/1540 1249/9/1539 1248/9/1544
f 1243/9/1553 1253/9/1549 1251/9/1551
f 1234/9/1554 1245/9/1554 1254/9/1555
f 1249/9/1533 1254/9/1534 1253/9/1534
f 1251/9/1529 1252/9/1529 1239/9/1528
f 1260/9/1366 1259/9/1366 1262/9/1556
f 1257/9/1557 1258/9/1557 1276/9/1558
f 1264/9/1559 1261/9/1559 1259/9/1366
f 1255/9/1560 1261/9/1559 1264/9/1559
f 1267/9/1561 1268/9/1373 1272/9/1373
f 1278/9/1562 1269/9/1563 1270/9/1563
f 1268/9/1373 1274/9/1564 1271/9/1564
f 1265/9/1565 1266/9/1565 1271/9/1564
f 1276/9/1566 1278/9/1583 1273/9/1567
f 1257/9/1359 1270/9/1359 1269/9/1359
f 1255/9/1569 1265/9/1569 1274/9/1570
f 1272/9/1572 1271/9/1574 1264/9/1573
f 1271/9/1574 1266/9/1575 1256/9/1575
f 1266/9/1358 1265/9/1358 1255/9/1358
f 1261/9/1571 1274/9/1570 1268/9/1576
f 1277/9/1577 1270/9/1578 1257/9/1578
f 1268/9/1576 1267/9/1581 1262/9/1580
f 1263/9/1568 1273/9/1567 1272/9/1572
f 1267/9/1581 1277/9/1577 1275/9/1579
f 1258/9/1582 1269/9/1582 1278/9/1583
f 1267/9/1561 1273/9/1561 1278/9/1562
f 1275/9/1558 1276/9/1558 1263/9/1556
f 1284/9/25 1283/9/25 1286/9/1584
f 1299/9/1585 1281/9/1586 1282/9/1586
f 1284/9/25 1288/9/1587 1285/9/1587
f 1279/9/1588 1285/9/1587 1288/9/1587
f 1291/9/1589 1292/9/139 1296/9/139
f 1302/9/1590 1293/9/1591 1294/9/1591
f 1296/9/139 1292/9/139 1298/9/1592
f 1290/9/1593 1295/9/1592 1298/9/1592
f 1300/9/1594 1302/9/1611 1297/9/1595
f 1294/9/1359 1293/9/1359 1282/9/1359
f 1279/9/1597 1289/9/1597 1298/10/1598
f 1296/9/1600 1295/9/1602 1288/9/1601
f 1295/9/1602 1290/9/1603 1280/9/1603
f 1290/9/1358 1289/9/1358 1279/9/1358
f 1285/9/1599 1298/10/1598 1292/9/1604
f 1301/9/1605 1294/10/1606 1281/10/1606
f 1292/9/1604 1291/10/1609 1286/9/1608
f 1287/9/1596 1297/9/1595 1296/9/1600
f 1291/10/1609 1301/9/1605 1299/9/1607
f 1282/9/1610 1293/9/1610 1302/9/1611
f 1291/9/1589 1297/9/1589 1302/9/1590
f 1299/9/1585 1300/9/1585 1287/9/1584
f 1308/9/1369 1307/9/1369 1310/9/1612
f 1323/9/1613 1305/9/1614 1306/9/1614
f 1312/9/1615 1309/9/1615 1307/9/1369
f 1309/9/1615 1312/9/1615 1304/9/1616
f 1315/9/1617 1316/9/1376 1320/9/1376
f 1326/9/1618 1317/9/1619 1318/9/1619
f 1316/9/1376 1322/9/1620 1319/9/1620
f 1313/9/1621 1314/9/1621 1319/9/1620
f 1324/9/1622 1326/9/1639 1321/9/1623
f 1318/9/1359 1317/9/1359 1306/9/1359
f 1303/9/1625 1313/9/1625 1322/9/1626
f 1320/9/1628 1319/9/1630 1312/9/1629
f 1319/9/1630 1314/9/1631 1304/9/1631
f 1304/9/1358 1314/9/1358 1313/9/1358
f 1309/9/1627 1322/9/1626 1316/9/1632
f 1325/9/1633 1318/9/1634 1305/9/1634
f 1316/9/1632 1315/9/1637 1310/9/1636
f 1311/9/1624 1321/9/1623 1320/9/1628
f 1315/9/1637 1325/9/1633 1323/9/1635
f 1306/9/1638 1317/9/1638 1326/9/1639
f 1321/9/1617 1326/9/1618 1325/9/1618
f 1323/9/1613 1324/9/1613 1311/9/1612
f 1328/9/1359 1330/9/1359 1329/9/1359
f 1332/9/1359 1334/9/1359 1333/9/1359
f 1337/9/1358 1338/9/1358 1336/9/1358
f 1339/9/1358 1341/9/1358 1342/9/1358
f 1332/9/1640 1340/9/1640 1342/9/1640
f 1333/10/139 1341/9/139 1339/9/139
f 1328/9/1641 1336/9/1641 1338/9/1641
f 1329/9/1642 1337/9/1642 1335/9/1642
f 1345/9/1359 1346/9/1359 1344/9/1359
f 1347/9/1359 1349/9/1359 1350/9/1359
f 1352/9/1358 1354/9/1358 1353/9/1358
f 1355/9/1358 1356/9/1358 1358/9/1358
f 1348/9/1643 1350/9/1643 1358/9/1643
f 1347/9/25 1355/9/25 1357/9/25
f 1346/9/1642 1354/9/1642 1352/9/1642
f 1345/9/1641 1343/9/1641 1351/9/1641
f 1369/11/1644 1385/11/2851 1384/11/1645
f 1361/11/1647 1362/11/1653 1378/11/1648
f 1370/11/1650 1386/11/1656 1385/11/1651
f 1362/11/1653 1363/11/1657 1379/11/1654
f 1371/11/1655 1387/11/1659 1386/11/1656
f 1364/11/1368 1380/11/1368 1379/11/1654
f 1372/11/1658 1388/11/1662 1387/11/1659
f 1364/11/1368 1365/11/1664 1381/11/1660
f 1372/11/1658 1373/11/1665 1389/11/1661
f 1366/11/1663 1382/11/1668 1381/11/1660
f 1373/11/1665 1374/11/1672 1390/11/1666
f 1367/11/1667 1383/11/1673 1382/11/1668
f 1359/11/1669 1360/11/1674 1376/11/1670
f 1374/11/1672 1359/11/1669 1375/11/1671
f 1368/11/1646 1384/11/1645 1383/11/1673
f 1360/11/1674 1361/11/1647 1377/11/1649
f 1416/11/1675 1417/11/2852 1401/11/1676
f 1393/11/1647 1409/11/1649 1410/11/1648
f 1417/12/1678 1418/11/1681 1402/11/1679
f 1394/11/1653 1410/11/1648 1411/11/1654
f 1418/11/1681 1419/11/1659 1403/11/1682
f 1411/11/1654 1412/11/1368 1396/11/1368
f 1419/11/1659 1420/11/1662 1404/11/1658
f 1412/11/1368 1413/11/1660 1397/11/1664
f 1404/11/1658 1420/11/1662 1421/11/1661
f 1413/11/1660 1414/11/1687 1398/11/1684
f 1405/11/1683 1421/11/1661 1422/11/1685
f 1414/11/1687 1415/11/1692 1399/11/1688
f 1391/11/1689 1407/11/1691 1408/11/1690
f 1406/11/1686 1422/11/1685 1407/11/1691
f 1415/11/1692 1416/11/1675 1400/11/1677
f 1392/11/1674 1408/11/1690 1409/11/1649
f 1424/9/1358 1426/9/1358 1425/9/1358
f 1427/9/1358 1428/9/1358 1430/9/1358
f 1431/9/1359 1433/9/1359 1434/9/1359
f 1437/9/1359 1438/9/1359 1436/9/1359
f 1436/9/1360 1438/9/1360 1430/9/1360
f 1437/9/139 1435/9/139 1427/9/139
f 1424/9/1361 1432/9/1361 1434/9/1361
f 1425/9/1362 1433/9/1362 1431/9/1362
f 1441/9/1358 1442/9/1358 1440/9/1358
f 1443/9/1358 1445/9/1358 1446/9/1358
f 1447/9/1359 1448/9/1359 1450/9/1359
f 1452/9/1359 1454/9/1359 1453/9/1359
f 1446/9/1363 1454/9/1363 1452/9/1363
f 1443/9/25 1451/9/25 1453/9/25
f 1440/9/1362 1442/9/1362 1450/9/1362
f 1441/9/1361 1439/9/1361 1447/9/1361
f 1455/7/1364 1456/7/1364 1458/7/1365
f 1458/7/1365 1460/7/1366 1459/7/1366
f 1460/7/1366 1462/7/1367 1461/7/1367
f 1462/7/1367 1464/7/25 1463/7/25
f 1464/7/25 1466/7/1368 1465/7/1368
f 1466/7/1368 1468/7/1369 1467/7/1369
f 1467/7/1369 1468/7/1369 1470/7/1370
f 1470/7/1370 1472/7/1371 1471/7/1371
f 1471/7/1371 1472/7/1371 1474/7/1372
f 1474/7/1372 1476/7/1373 1475/7/1373
f 1476/7/1373 1478/7/1694 1477/7/1693
f 1478/7/1694 1480/7/2853 1479/7/1695
f 1479/7/1695 1480/7/2853 1482/7/1696
f 1482/7/1696 1484/7/1376 1483/7/1376
f 1491/7/1373 1492/7/1373 1489/7/1372
f 1483/7/1376 1484/7/1376 1486/7/1377
f 1486/7/1377 1456/7/1364 1455/7/1364
f 1487/7/1371 1488/7/1372 1489/7/1372
f 1493/7/1374 1494/7/1374 1492/7/1373
f 1495/7/139 1496/7/139 1494/7/1374
f 1497/7/1375 1498/7/1375 1496/7/139
f 1499/7/1376 1500/7/1376 1498/7/1375
f 1501/7/1377 1502/7/1377 1500/7/1376
f 1501/7/1377 1503/7/1364 1504/7/1364
f 1505/7/1365 1506/7/1365 1504/7/1364
f 1505/7/1365 1507/7/1366 1508/7/1366
f 1507/7/1366 1509/7/1700 1510/7/1698
f 1511/7/1699 1512/7/1702 1510/7/1698
f 1511/7/1699 1513/7/1703 1514/7/1701
f 1513/7/1703 1515/7/1369 1516/7/1369
f 1517/7/1370 1518/7/1370 1516/7/1369
f 1487/7/1371 1490/7/1371 1518/7/1370
f 1477/7/1704 1509/7/1711 1507/7/1705
f 1458/7/1380 1489/7/1380 1492/7/1381
f 1508/7/1706 1510/7/1383 1478/7/1383
f 1469/7/1384 1501/7/1384 1499/7/1410
f 1487/7/1386 1517/7/1707 1485/7/1707
f 1500/7/1708 1502/7/1709 1470/7/1709
f 1518/7/1390 1490/7/1391 1456/7/1391
f 1493/7/1392 1491/7/1393 1459/7/1393
f 1479/7/1710 1511/7/2854 1509/7/1711
f 1460/7/1381 1492/7/1381 1494/7/1395
f 1510/7/1383 1512/7/1411 1480/7/1411
f 1471/7/1397 1503/7/1397 1501/7/1384
f 1502/7/1709 1504/7/1398 1472/7/1398
f 1495/7/1413 1493/7/1392 1461/7/1392
f 1513/7/1712 1511/7/2854 1479/7/1710
f 1462/7/1395 1494/7/1395 1496/7/1412
f 1512/7/1411 1514/7/1402 1482/7/1402
f 1505/7/1403 1503/7/1397 1471/7/1397
f 1472/7/1398 1504/7/1398 1506/7/1404
f 1497/7/1405 1495/7/1413 1463/7/1413
f 1483/7/1714 1515/7/1714 1513/7/1712
f 1488/7/1715 1487/7/1386 1455/7/1386
f 1464/7/1412 1496/7/1412 1498/7/1408
f 1482/7/1402 1514/7/1402 1516/7/1409
f 1456/7/1391 1490/7/1391 1489/7/1380
f 1507/7/1705 1505/7/1403 1473/7/1403
f 1474/7/1404 1506/7/1404 1508/7/1706
f 1499/7/1410 1497/7/1405 1465/7/1405
f 1485/7/1707 1517/7/1707 1515/7/1714
f 1498/7/1408 1500/7/1708 1468/7/1708
f 1516/7/1409 1518/7/1390 1486/7/1390
f 1491/7/1393 1488/7/1715 1457/7/1715
f 1521/7/1365 1522/7/1365 1520/7/1364
f 1521/7/1365 1523/7/1366 1524/7/1366
f 1525/7/1367 1526/7/1367 1524/7/1366
f 1525/7/1367 1527/7/25 1528/7/25
f 1527/7/25 1529/7/1368 1530/7/1368
f 1529/7/1368 1531/7/1369 1532/7/1369
f 1531/7/1369 1533/7/1370 1534/7/1370
f 1533/7/1370 1535/7/1371 1536/7/1371
f 1537/7/1372 1538/7/1372 1536/7/1371
f 1539/7/1373 1540/7/1373 1538/7/1372
f 1541/7/1716 1542/7/1718 1540/7/1373
f 1543/7/1717 1544/7/1720 1542/7/1718
f 1543/7/1717 1545/7/1721 1546/7/1719
f 1547/7/1376 1548/7/1376 1546/7/1719
f 1553/7/1372 1556/7/1373 1555/7/1373
f 1549/7/1377 1550/7/1377 1548/7/1376
f 1549/7/1377 1519/7/1364 1520/7/1364
f 1551/7/1371 1554/7/1371 1553/7/1372
f 1555/7/1373 1556/7/1373 1558/7/1374
f 1558/7/1374 1560/7/139 1559/7/139
f 1559/7/139 1560/7/139 1562/7/1375
f 1561/7/1375 1562/7/1375 1564/7/1376
f 1563/7/1376 1564/7/1376 1566/7/1377
f 1566/7/1377 1568/7/1364 1567/7/1364
f 1568/7/1364 1570/7/1365 1569/7/1365
f 1570/7/1365 1572/7/1366 1571/7/1366
f 1572/7/1366 1574/7/1723 1573/7/1722
f 1574/7/1723 1576/7/2855 1575/7/1724
f 1575/7/1724 1576/7/2855 1578/7/1725
f 1577/7/1726 1578/7/1725 1580/7/1369
f 1580/7/1369 1582/7/1370 1581/7/1370
f 1581/7/1370 1582/7/1370 1554/7/1371
f 1541/7/1727 1539/7/1382 1571/7/1382
f 1524/7/1729 1556/7/1729 1553/7/1730
f 1540/7/1379 1542/7/1736 1574/7/1731
f 1531/7/1388 1563/7/1388 1565/7/1709
f 1519/7/1391 1549/7/1390 1581/7/1390
f 1532/7/1410 1534/7/1737 1566/7/1384
f 1520/7/1386 1554/7/1386 1582/7/1732
f 1523/7/1381 1555/7/1381 1557/7/1395
f 1543/7/1733 1541/7/1727 1573/7/1728
f 1524/7/1729 1526/7/1392 1558/7/1392
f 1544/7/1735 1576/7/1741 1574/7/1731
f 1535/7/1398 1533/7/1709 1565/7/1709
f 1534/7/1737 1536/7/1397 1568/7/1397
f 1525/7/1395 1557/7/1395 1559/7/1412
f 1543/7/1733 1575/7/1734 1577/7/1738
f 1528/7/1413 1560/7/1413 1558/7/1392
f 1544/7/1735 1546/7/1743 1578/7/1740
f 1535/7/1398 1567/7/1398 1569/7/1404
f 1538/7/1403 1570/7/1403 1568/7/1397
f 1527/7/1412 1559/7/1412 1561/7/1408
f 1545/7/1739 1577/7/1738 1579/7/1409
f 1521/7/1742 1519/7/1391 1551/7/1391
f 1528/7/1413 1530/7/1405 1562/7/1405
f 1546/7/1743 1548/7/1406 1580/7/1406
f 1520/7/1386 1522/7/1730 1553/7/1730
f 1539/7/1382 1537/7/1404 1569/7/1404
f 1538/7/1403 1540/7/1379 1572/7/1379
f 1529/7/1408 1561/7/1408 1563/7/1388
f 1549/7/1390 1547/7/1409 1579/7/1409
f 1530/7/1405 1532/7/1410 1564/7/1410
f 1548/7/1406 1550/7/1732 1582/7/1732
f 1521/7/1742 1552/7/1742 1555/7/1381
f 1588/9/1371 1587/9/1371 1590/9/1416
f 1585/9/1417 1586/9/1417 1604/9/1744
f 1592/9/1419 1589/9/1419 1587/9/1371
f 1583/9/1745 1589/9/1419 1592/9/1419
f 1595/9/1421 1596/9/1364 1600/9/1364
f 1606/9/1422 1597/9/1423 1598/9/1423
f 1596/9/1364 1602/9/1424 1599/9/1424
f 1593/9/1425 1594/9/1425 1599/9/1424
f 1604/9/1426 1606/9/1443 1601/9/1427
f 1585/9/1359 1598/9/1359 1597/9/1359
f 1583/9/1429 1593/9/1429 1602/9/1430
f 1600/9/1432 1599/9/1434 1592/9/1433
f 1599/9/1434 1594/9/1435 1584/10/1435
f 1594/9/1358 1593/9/1358 1583/9/1358
f 1589/9/1431 1602/9/1430 1596/9/1436
f 1605/9/1437 1598/9/1438 1585/9/1438
f 1596/9/1436 1595/9/1441 1590/9/1440
f 1591/10/1428 1601/9/1427 1600/9/1432
f 1595/9/1441 1605/9/1437 1603/9/1439
f 1586/9/1442 1597/9/1442 1606/9/1443
f 1601/9/1421 1606/9/1422 1605/9/1422
f 1603/9/1744 1604/9/1744 1591/9/1416
f 1612/9/1373 1611/9/1373 1614/9/1444
f 1609/9/1445 1610/9/1445 1628/9/1446
f 1612/9/1373 1616/9/1447 1613/9/1447
f 1613/9/1447 1616/9/1447 1608/9/1448
f 1625/9/1449 1619/9/1449 1620/9/1366
f 1630/9/1450 1621/9/1451 1622/9/1451
f 1620/9/1366 1626/9/1452 1623/9/1452
f 1617/9/1453 1618/9/1453 1623/9/1452
f 1628/9/1454 1630/9/1471 1625/9/1455
f 1622/9/1359 1621/9/1359 1610/9/1359
f 1607/9/1457 1617/9/1457 1626/9/1458
f 1624/9/1460 1623/9/1462 1616/9/1461
f 1623/9/1462 1618/9/1463 1608/9/1463
f 1608/9/1358 1618/9/1358 1617/9/1358
f 1613/9/1459 1626/9/1458 1620/9/1464
f 1629/9/1465 1622/9/1466 1609/9/1466
f 1620/9/1464 1619/9/1469 1614/9/1468
f 1615/9/1456 1625/9/1455 1624/9/1460
f 1619/9/1469 1629/9/1465 1627/9/1467
f 1610/9/1747 1621/9/1747 1630/9/1471
f 1625/9/1449 1630/9/1450 1629/9/1450
f 1614/9/1444 1627/9/1446 1628/9/1446
f 1639/9/1748 1636/9/1749 1635/9/1749
f 1633/9/1473 1634/9/1473 1652/9/1474
f 1636/9/1749 1640/9/1750 1637/9/1750
f 1637/9/1750 1640/9/1750 1632/9/1476
f 1649/9/1751 1643/9/1751 1644/9/1752
f 1654/9/1478 1645/9/1479 1646/9/1479
f 1648/9/1752 1644/9/1752 1650/9/1753
f 1642/9/1481 1647/9/1753 1650/9/1753
f 1652/9/1482 1654/9/1499 1649/9/1754
f 1633/9/1359 1646/9/1359 1645/9/1359
f 1631/9/1485 1641/9/1485 1650/9/1756
f 1648/9/1758 1647/9/1761 1640/9/1759
f 1647/9/1761 1642/9/1491 1632/9/1491
f 1632/9/1358 1642/9/1358 1641/9/1358
f 1637/9/1757 1650/9/1756 1644/9/1762
f 1653/9/1493 1646/9/1494 1633/9/1494
f 1644/9/1762 1643/9/1765 1638/9/1764
f 1639/9/1755 1649/9/1754 1648/9/1758
f 1643/9/1765 1653/9/1493 1651/9/1495
f 1634/10/1498 1645/9/1498 1654/9/1499
f 1649/9/1751 1654/9/1478 1653/9/1478
f 1651/9/1474 1652/9/1474 1639/9/1748
f 1660/9/1376 1659/9/1376 1662/9/1500
f 1657/9/1502 1658/9/1502 1676/9/1501
f 1660/9/1376 1664/9/1503 1661/9/1503
f 1655/9/1504 1661/9/1503 1664/9/1503
f 1673/9/1505 1667/9/1505 1668/9/1369
f 1678/9/1506 1669/9/1507 1670/9/1507
f 1668/9/1369 1674/9/1508 1671/9/1508
f 1665/9/1509 1666/9/1509 1671/9/1508
f 1676/9/1510 1678/10/1527 1673/9/1511
f 1670/9/1359 1669/9/1359 1658/9/1359
f 1655/9/1513 1665/9/1513 1674/9/1514
f 1672/9/1516 1671/9/1518 1664/9/1517
f 1671/9/1518 1666/9/1519 1656/9/1519
f 1666/9/1358 1665/9/1358 1655/9/1358
f 1661/9/1515 1674/9/1514 1668/9/1766
f 1677/9/1521 1670/9/1522 1657/9/1522
f 1668/9/1766 1667/9/1525 1662/9/1524
f 1663/9/1512 1673/9/1511 1672/9/1516
f 1667/9/1525 1677/9/1521 1675/9/1523
f 1658/9/1526 1669/9/1526 1678/10/1527
f 1667/9/1505 1673/9/1505 1678/9/1506
f 1675/9/1501 1676/9/1501 1663/9/1500
f 1684/9/1364 1683/9/1364 1686/9/1528
f 1681/9/1530 1682/9/1530 1700/9/1529
f 1684/9/1364 1688/9/1531 1685/9/1531
f 1685/9/1531 1688/9/1531 1680/9/1532
f 1691/9/1533 1692/9/1371 1696/9/1371
f 1702/9/1534 1693/9/1535 1694/9/1535
f 1692/9/1371 1698/9/1536 1695/9/1536
f 1690/9/1537 1695/9/1536 1698/9/1536
f 1700/9/1538 1702/9/1555 1697/9/1539
f 1694/10/1359 1693/9/1359 1682/9/1359
f 1679/9/1541 1689/9/1541 1698/9/1542
f 1696/9/1544 1695/9/1546 1688/9/1545
f 1695/9/1546 1690/9/1547 1680/9/1547
f 1690/9/1358 1689/9/1358 1679/9/1358
f 1685/9/1543 1698/9/1542 1692/9/1548
f 1701/9/1549 1694/9/1550 1681/9/1550
f 1692/9/1548 1691/9/1553 1686/9/1552
f 1687/9/1540 1697/9/1539 1696/9/1544
f 1691/9/1553 1701/9/1549 1699/9/1551
f 1682/9/1554 1693/9/1554 1702/9/1555
f 1697/9/1533 1702/9/1534 1701/9/1534
f 1686/9/1528 1699/9/1529 1700/9/1529
f 1708/9/1366 1707/9/1366 1710/9/1556
f 1723/9/1558 1705/9/1557 1706/9/1557
f 1712/9/1559 1709/9/1559 1707/9/1366
f 1709/9/1559 1712/9/1559 1704/9/1560
f 1715/9/1561 1716/9/1373 1720/9/1373
f 1726/9/1562 1717/9/1563 1718/9/1563
f 1720/9/1373 1716/9/1373 1722/9/1564
f 1714/9/1565 1719/9/1564 1722/9/1564
f 1724/9/1566 1726/9/1583 1721/9/1567
f 1705/9/1359 1718/9/1359 1717/9/1359
f 1703/9/1569 1713/9/1569 1722/9/1570
f 1720/9/1572 1719/9/1574 1712/9/1573
f 1719/9/1574 1714/9/1575 1704/9/1575
f 1714/9/1358 1713/9/1358 1703/9/1358
f 1709/9/1571 1722/9/1570 1716/9/1576
f 1725/9/1577 1718/9/1578 1705/9/1578
f 1716/9/1576 1715/9/1581 1710/9/1580
f 1711/9/1568 1721/9/1567 1720/9/1572
f 1715/9/1581 1725/9/1577 1723/9/1579
f 1706/9/1767 1717/9/1767 1726/9/1583
f 1715/9/1561 1721/9/1561 1726/9/1562
f 1723/9/1558 1724/9/1558 1711/9/1556
f 1732/9/25 1731/9/25 1734/9/1584
f 1747/9/1585 1729/9/1586 1730/9/1586
f 1736/9/1587 1733/9/1587 1731/9/25
f 1733/9/1587 1736/9/1587 1728/9/1588
f 1739/9/1589 1740/9/139 1744/9/139
f 1750/9/1590 1741/9/1591 1742/9/1591
f 1740/9/139 1746/9/1592 1743/9/1592
f 1737/9/1593 1738/9/1593 1743/9/1592
f 1748/9/1594 1750/9/1611 1745/9/1595
f 1729/9/1359 1742/9/1359 1741/9/1359
f 1727/9/1597 1737/9/1597 1746/9/1598
f 1744/9/1768 1743/9/1602 1736/9/1769
f 1743/9/1602 1738/9/1603 1728/9/1603
f 1728/9/1358 1738/10/1358 1737/9/1358
f 1733/9/1599 1746/9/1598 1740/9/1604
f 1749/9/1605 1742/9/1606 1729/9/1606
f 1740/9/1604 1739/9/1609 1734/9/1608
f 1735/9/1596 1745/9/1595 1744/9/1768
f 1739/9/1609 1749/9/1605 1747/9/1607
f 1730/9/1610 1741/9/1610 1750/9/1611
f 1739/9/1589 1745/9/1589 1750/9/1590
f 1734/9/1584 1747/9/1585 1748/9/1585
f 1756/9/1369 1755/9/1369 1758/9/1612
f 1771/9/1613 1753/9/1614 1754/9/1614
f 1760/9/1615 1757/9/1615 1755/9/1369
f 1757/9/1615 1760/9/1615 1752/9/1616
f 1763/9/1617 1764/9/1376 1768/9/1376
f 1773/9/1618 1774/9/1618 1765/9/1619
f 1764/9/1376 1770/9/1620 1767/9/1620
f 1762/9/1621 1767/9/1620 1770/9/1620
f 1772/9/1770 1774/9/1639 1769/9/1623
f 1766/9/1359 1765/9/1359 1754/9/1359
f 1751/9/1625 1761/9/1625 1770/9/1626
f 1768/9/1628 1767/9/1630 1760/9/1629
f 1767/9/1630 1762/9/1631 1752/9/1631
f 1752/9/1358 1762/9/1358 1761/9/1358
f 1757/9/1627 1770/9/1626 1764/9/1771
f 1773/9/1633 1766/9/1634 1753/9/1634
f 1764/9/1771 1763/9/1637 1758/9/1636
f 1759/9/1624 1769/9/1623 1768/9/1628
f 1763/9/1637 1773/9/1633 1771/9/1635
f 1754/9/1638 1765/9/1638 1774/9/1639
f 1769/9/1617 1774/9/1618 1773/9/1618
f 1771/9/1613 1772/9/1613 1759/9/1612
f 1775/9/1359 1776/9/1359 1778/9/1359
f 1780/9/1359 1782/9/1359 1781/9/1359
f 1783/9/1358 1785/9/1358 1786/9/1358
f 1787/9/1358 1789/9/1358 1790/9/1358
f 1780/9/1640 1788/9/1640 1790/9/1640
f 1789/9/139 1787/9/139 1779/9/139
f 1776/9/1641 1784/9/1641 1786/9/1641
f 1777/9/1642 1785/9/1642 1783/9/1642
f 1791/9/1359 1793/9/1359 1794/9/1359
f 1797/9/1359 1798/9/1359 1796/9/1359
f 1799/9/1358 1800/9/1358 1802/9/1358
f 1804/9/1358 1806/9/1358 1805/9/1358
f 1796/9/1643 1798/9/1643 1806/9/1643
f 1795/9/25 1803/10/25 1805/9/25
f 1794/9/1642 1802/9/1642 1800/9/1642
f 1793/9/1641 1791/9/1641 1799/9/1641
f 1817/11/1772 1833/11/2856 1832/11/1773
f 1809/11/1775 1810/11/1781 1826/11/1776
f 1818/11/1778 1834/11/1784 1833/11/1779
f 1810/11/1781 1811/11/1785 1827/11/1782
f 1819/11/1783 1835/11/1788 1834/11/1784
f 1811/11/1785 1812/11/1786 1828/11/1786
f 1820/11/1787 1836/11/1791 1835/11/1788
f 1813/11/1789 1829/11/1793 1828/11/1786
f 1820/11/1787 1821/11/1794 1837/11/1790
f 1814/11/1792 1830/11/1797 1829/11/1793
f 1821/11/1794 1822/11/1801 1838/11/1795
f 1815/11/1796 1831/11/1802 1830/11/1797
f 1807/11/1798 1808/11/1803 1824/11/1799
f 1822/11/1801 1807/11/1798 1823/11/1800
f 1816/11/1774 1832/11/1773 1831/11/1802
f 1808/11/1803 1809/11/1775 1825/11/1777
f 1864/11/1675 1865/11/2852 1849/11/1676
f 1841/11/1647 1857/11/1649 1858/11/1648
f 1865/11/1678 1866/11/1681 1850/11/1679
f 1842/11/1653 1858/11/1648 1859/11/1654
f 1866/11/1681 1867/11/1659 1851/11/1682
f 1843/11/1657 1859/11/1654 1860/11/1368
f 1867/11/1659 1868/11/1662 1852/11/1658
f 1860/11/1368 1861/11/1660 1845/11/1664
f 1852/11/1658 1868/11/1662 1869/11/1661
f 1861/11/1660 1862/11/1687 1846/11/1684
f 1853/11/1683 1869/11/1661 1870/11/1685
f 1862/11/1687 1863/11/1692 1847/11/1688
f 1839/11/1689 1855/11/1691 1856/11/1690
f 1854/11/1686 1870/11/1685 1855/11/1691
f 1863/11/1692 1864/11/1675 1848/11/1677
f 1840/11/1674 1856/11/1690 1857/11/1649
f 1873/9/1805 1874/9/1805 1872/9/1805
f 1877/9/1805 1878/9/1805 1876/9/1805
f 1879/9/1806 1880/9/1806 1882/9/1806
f 1883/9/1806 1884/9/1806 1886/9/1806
f 1876/9/1807 1878/9/1807 1886/9/1807
f 1875/9/139 1883/9/139 1885/9/139
f 1872/9/1808 1874/9/1808 1882/9/1808
f 1873/9/1809 1871/9/1809 1879/9/1809
f 1888/9/1805 1890/9/1805 1889/9/1805
f 1892/9/1805 1894/9/1805 1893/9/1805
f 1895/9/1806 1897/9/1806 1898/9/1806
f 1899/9/1806 1901/9/1806 1902/9/1806
f 1892/9/1810 1900/9/1810 1902/9/1810
f 1901/9/25 1899/9/25 1891/9/25
f 1888/9/1809 1896/9/1809 1898/9/1809
f 1889/9/1808 1897/9/1808 1895/9/1808
f 1905/7/1811 1906/7/1811 1904/7/1812
f 1905/7/1811 1907/7/1813 1908/7/1813
f 1907/7/1813 1909/7/1814 1910/7/1814
f 1911/7/25 1912/7/25 1910/7/1814
f 1913/7/1815 1914/7/1815 1912/7/25
f 1915/7/1816 1916/7/1816 1914/7/1815
f 1917/7/1817 1918/7/1817 1916/7/1816
f 1919/7/1818 1920/7/1818 1918/7/1817
f 1919/7/1818 1921/7/1819 1922/7/1819
f 1921/7/1819 1923/7/1820 1924/7/1820
f 1925/7/1821 1926/7/1821 1924/7/1820
f 1927/7/139 1928/7/139 1926/7/1821
f 1927/7/139 1929/7/1822 1930/7/1822
f 1931/7/1823 1932/7/1823 1930/7/1822
f 1937/7/1819 1940/7/1820 1939/7/1820
f 1933/7/1824 1934/7/1824 1932/7/1823
f 1903/7/1812 1904/7/1812 1934/7/1824
f 1938/7/1818 1937/7/1819 1936/7/1819
f 1939/7/1820 1940/7/1820 1942/7/1821
f 1942/7/1821 1944/7/139 1943/7/139
f 1943/7/139 1944/7/139 1946/7/1822
f 1946/7/1822 1948/7/1823 1947/7/1823
f 1947/7/1823 1948/7/1823 1950/7/1824
f 1950/7/1824 1952/7/1812 1951/7/1812
f 1951/7/1812 1952/7/1812 1954/7/1811
f 1954/7/1811 1956/7/1813 1955/7/1813
f 1955/7/1813 1956/7/1813 1958/7/1814
f 1958/7/1814 1960/7/25 1959/7/25
f 1959/7/25 1960/7/25 1962/7/1815
f 1961/7/1815 1962/7/1815 1964/7/1816
f 1963/7/1816 1964/7/1816 1966/7/1817
f 1966/7/1817 1938/7/1818 1935/7/1818
f 1925/7/1825 1923/7/1826 1955/7/1826
f 1906/7/1827 1908/7/1828 1940/7/1828
f 1924/7/1829 1926/7/1830 1958/7/1830
f 1917/7/1831 1915/7/1832 1947/7/1832
f 1903/7/1833 1933/7/1834 1965/7/1834
f 1918/7/1835 1950/7/1835 1948/7/1836
f 1904/7/1837 1938/7/1837 1966/7/1838
f 1907/7/1839 1939/7/1839 1941/7/1840
f 1927/7/1841 1925/7/1825 1957/7/1825
f 1908/7/1828 1910/7/1842 1942/7/1842
f 1928/7/1843 1960/7/1843 1958/7/1830
f 1919/7/1844 1917/7/1831 1949/7/1831
f 1920/7/1845 1952/7/1845 1950/7/1835
f 1909/7/1840 1941/7/1840 1943/7/1846
f 1929/7/1847 1927/7/1841 1959/7/1841
f 1910/7/1842 1912/7/1848 1944/7/1848
f 1930/7/1849 1962/7/1849 1960/7/1843
f 1919/7/1844 1951/7/1844 1953/7/1850
f 1920/7/1845 1922/7/1851 1954/7/1851
f 1911/7/1846 1943/7/1846 1945/7/1852
f 1931/7/1853 1929/7/1847 1961/7/1847
f 1903/7/1833 1935/7/1833 1936/7/1854
f 1912/7/1848 1914/7/1855 1946/7/1855
f 1930/7/1849 1932/7/1856 1964/7/1856
f 1904/7/1837 1906/7/1827 1937/7/1827
f 1923/7/1826 1921/7/1850 1953/7/1850
f 1924/7/1829 1956/7/1829 1954/7/1851
f 1913/7/1852 1945/7/1852 1947/7/1832
f 1931/7/1853 1963/7/1853 1965/7/1834
f 1916/7/1836 1948/7/1836 1946/7/1855
f 1932/7/1856 1934/7/1838 1966/7/1838
f 1905/7/1854 1936/7/1854 1939/7/1839
f 1967/7/1812 1968/7/1812 1970/7/1811
f 1970/7/1811 1972/7/1813 1971/7/1813
f 1971/7/1813 1972/7/1813 1974/7/1814
f 1973/7/1814 1974/7/1814 1976/7/25
f 1976/7/25 1978/7/1815 1977/7/1815
f 1978/7/1815 1980/7/1816 1979/7/1816
f 1980/7/1816 1982/7/1817 1981/7/1817
f 1981/7/1817 1982/7/1817 1984/7/1818
f 1984/7/1818 1986/7/1819 1985/7/1819
f 1985/7/1819 1986/7/1819 1988/7/1820
f 1987/7/1820 1988/7/1820 1990/7/1821
f 1989/7/1821 1990/7/1821 1992/7/139
f 1991/7/139 1992/7/139 1994/7/1822
f 1993/7/1822 1994/7/1822 1996/7/1823
f 2000/7/1819 2003/7/1820 2004/7/1820
f 1995/7/1823 1996/7/1823 1998/7/1824
f 1997/7/1824 1998/7/1824 1968/7/1812
f 2000/7/1819 2001/7/1819 2002/7/1818
f 2005/7/1821 2006/7/1821 2004/7/1820
f 2005/7/1821 2007/7/139 2008/7/139
f 2007/7/139 2009/7/1822 2010/7/1822
f 2011/7/1823 2012/7/1823 2010/7/1822
f 2013/7/1824 2014/7/1824 2012/7/1823
f 2013/7/1824 2015/7/1812 2016/7/1812
f 2017/7/1811 2018/7/1811 2016/7/1812
f 2017/7/1811 2019/7/1813 2020/7/1813
f 2021/7/1814 2022/7/1814 2020/7/1813
f 2023/7/25 2024/7/25 2022/7/1814
f 2023/7/25 2025/7/1815 2026/7/1815
f 2027/7/1816 2028/7/1816 2026/7/1815
f 2027/7/1816 2029/7/1817 2030/7/1817
f 1999/7/1818 2002/7/1818 2030/7/1817
f 1989/7/1830 2021/7/1830 2019/7/1829
f 1970/7/1854 2001/7/1854 2004/7/1839
f 2020/7/1857 2022/7/1825 1990/7/1825
f 2013/7/1835 2011/7/1836 1979/7/1836
f 1967/7/1837 1999/7/1837 2029/7/1838
f 2012/7/1858 2014/7/1831 1982/7/1831
f 2030/7/1834 2002/7/1833 1968/7/1833
f 2005/7/1842 2003/7/1828 1971/7/1828
f 2023/7/1859 2021/7/1830 1989/7/1830
f 1972/7/1839 2004/7/1839 2006/7/1840
f 2022/7/1825 2024/7/2857 1992/7/1841
f 1983/7/1845 2015/7/1845 2013/7/1835
f 2014/7/1831 2016/7/1844 1984/7/1844
f 1975/7/1860 2007/7/1860 2005/7/1842
f 2025/7/1849 2023/7/1859 1991/7/1859
f 2006/7/1840 2008/7/1861 1976/7/1861
f 1992/7/1841 2024/7/2857 2026/7/1847
f 2017/7/1862 2015/7/1845 1983/7/1845
f 2016/7/1844 2018/7/1850 1986/7/1863
f 1977/7/1855 2009/7/1855 2007/7/1860
f 2027/7/1856 2025/7/1849 1993/7/1849
f 2000/7/1827 1999/7/1837 1967/7/1837
f 1976/7/1861 2008/7/1861 2010/7/1852
f 2026/7/1847 2028/7/1853 1996/7/1853
f 2002/7/1833 2001/7/1854 1970/7/1854
f 1987/7/1829 2019/7/1829 2017/7/1862
f 2018/7/1850 2020/7/1857 1988/7/1857
f 2011/7/1836 2009/7/1855 1977/7/1855
f 1997/7/1838 2029/7/1838 2027/7/1856
f 1978/7/1852 2010/7/1852 2012/7/1858
f 2028/7/1853 2030/7/1834 1998/7/1834
f 2003/7/1828 2000/7/1827 1969/7/1827
f 2038/9/1864 2035/9/1818 2036/9/1818
f 2052/9/1865 2034/9/1866 2033/9/1866
f 2035/9/1818 2037/9/1867 2040/9/1867
f 2032/9/1868 2040/9/1867 2037/9/1867
f 2048/9/1812 2044/9/1812 2043/9/1870
f 2046/10/1871 2045/10/1871 2054/9/1872
f 2047/9/1873 2050/9/1873 2044/9/1812
f 2050/9/1873 2047/9/1873 2042/9/1874
f 2052/9/1875 2039/9/1890 2049/9/1876
f 2033/9/1806 2034/9/1806 2045/9/1806
f 2031/9/1878 2037/9/1884 2050/9/1879
f 2040/9/1880 2047/9/1883 2048/9/1881
f 2032/9/1882 2042/9/1882 2047/9/1883
f 2031/9/1805 2041/9/1805 2042/9/1805
f 2037/9/1884 2035/9/1885 2044/9/1885
f 2033/9/1886 2046/9/1886 2053/9/1887
f 2038/9/1889 2043/9/1891 2044/9/1885
f 2039/9/1890 2036/9/1881 2048/9/1881
f 2051/9/1888 2053/9/1887 2043/9/1891
f 2034/9/1892 2052/9/1875 2054/9/1877
f 2053/9/1872 2054/9/1872 2049/9/1870
f 2039/9/1864 2052/9/1865 2051/9/1865
f 2063/9/1893 2062/9/1893 2059/9/1820
f 2076/9/1894 2058/9/1895 2057/9/1895
f 2060/9/1820 2059/9/1820 2061/9/1896
f 2056/9/1897 2064/9/1896 2061/9/1896
f 2072/9/1813 2068/9/1813 2067/9/1898
f 2070/9/1899 2069/9/1899 2078/9/1900
f 2072/9/1813 2071/9/1901 2074/9/1901
f 2074/9/1901 2071/9/1901 2066/9/1902
f 2076/9/1903 2063/9/1918 2073/9/1904
f 2057/9/1806 2058/9/1806 2069/9/1806
f 2055/9/1906 2061/9/1912 2074/9/1907
f 2064/9/1908 2071/9/1911 2072/9/1909
f 2056/9/1910 2066/9/1910 2071/9/1911
f 2055/9/1805 2065/9/1805 2066/9/1805
f 2061/9/1912 2059/9/1913 2068/9/1913
f 2057/9/1914 2070/9/1914 2077/9/1915
f 2062/9/1917 2067/9/1919 2068/9/1913
f 2063/9/1918 2060/9/1909 2072/9/1909
f 2075/9/1916 2077/9/1915 2067/9/1919
f 2058/9/1920 2076/9/1903 2078/9/1905
f 2077/9/1900 2078/9/1900 2073/9/1898
f 2063/9/1893 2076/9/1894 2075/9/1894
f 2086/9/1921 2083/9/139 2084/9/139
f 2100/9/1922 2082/9/1923 2081/9/1923
f 2083/9/139 2085/9/1924 2088/9/1924
f 2080/9/1925 2088/9/1924 2085/9/1924
f 2096/9/25 2092/9/25 2091/9/1926
f 2101/9/1927 2094/9/1928 2093/9/1928
f 2095/9/1929 2098/9/1929 2092/9/25
f 2089/9/1930 2098/9/1929 2095/9/1929
f 2100/9/1931 2087/9/1946 2097/9/1932
f 2081/9/1806 2082/9/1806 2093/9/1806
f 2079/9/1934 2085/9/1940 2098/9/1935
f 2088/9/1936 2095/9/1939 2096/9/1937
f 2080/9/1938 2090/9/1938 2095/9/1939
f 2080/9/1805 2079/9/1805 2089/9/1805
f 2085/9/1940 2083/9/1941 2092/9/1941
f 2081/9/1942 2094/9/1942 2101/9/1943
f 2086/9/1945 2091/9/1947 2092/9/1941
f 2087/9/1946 2084/9/1937 2096/9/1937
f 2099/9/1944 2101/9/1943 2091/9/1947
f 2082/9/1948 2100/9/1931 2102/9/1933
f 2101/9/1927 2102/9/1927 2097/9/1926
f 2087/9/1921 2100/9/1922 2099/9/1922
f 2110/9/1949 2107/9/1823 2108/9/1823
f 2123/9/1950 2124/9/1950 2106/9/1951
f 2108/9/1823 2107/9/1823 2109/9/1952
f 2104/9/1953 2112/9/1952 2109/9/1952
f 2121/9/1954 2120/9/1816 2116/9/1816
f 2125/9/1955 2118/9/1956 2117/9/1956
f 2120/9/1816 2119/9/1957 2122/9/1957
f 2113/9/1958 2122/9/1957 2119/9/1957
f 2124/9/1959 2111/9/1974 2121/9/1960
f 2105/9/1806 2106/9/1806 2117/9/1806
f 2103/9/1962 2109/9/1968 2122/9/1963
f 2112/9/1964 2119/9/1967 2120/9/1965
f 2104/9/1966 2114/9/1966 2119/9/1967
f 2103/9/1805 2113/9/1805 2114/9/1805
f 2109/9/1968 2107/9/1969 2116/9/1969
f 2105/9/1970 2118/9/1970 2125/9/1971
f 2110/9/1973 2115/9/1975 2116/9/1969
f 2111/9/1974 2108/9/1965 2120/9/1965
f 2123/9/1972 2125/9/1971 2115/9/1975
f 2106/9/1976 2124/9/1959 2126/9/1961
f 2125/9/1955 2126/9/1955 2121/9/1954
f 2111/9/1949 2124/9/1950 2123/9/1950
f 2134/9/1977 2131/9/1812 2132/9/1812
f 2147/9/1978 2148/9/1978 2130/9/1979
f 2132/9/1812 2131/9/1812 2133/9/1980
f 2127/9/1981 2128/9/1981 2136/9/1980
f 2144/9/1818 2140/9/1818 2139/9/1982
f 2142/9/1983 2141/9/1983 2150/9/1984
f 2143/9/1985 2146/9/1985 2140/9/1818
f 2137/9/1986 2146/9/1985 2143/9/1985
f 2148/9/1987 2135/9/2002 2145/9/1988
f 2130/9/1806 2141/9/1806 2142/9/1806
f 2127/9/1990 2133/9/1996 2146/9/1991
f 2136/9/1992 2143/9/1995 2144/9/1993
f 2128/9/1994 2138/9/1994 2143/9/1995
f 2128/9/1805 2127/9/1805 2137/9/1805
f 2133/9/1996 2131/9/1997 2140/9/1997
f 2129/9/1998 2142/9/1998 2149/9/1999
f 2134/9/2001 2139/9/2003 2140/9/1997
f 2135/9/2002 2132/9/1993 2144/9/1993
f 2147/9/2000 2149/9/1999 2139/9/2003
f 2130/9/2004 2148/9/1987 2150/9/1989
f 2149/9/1984 2150/9/1984 2145/9/1982
f 2135/9/1977 2148/9/1978 2147/9/1978
f 2158/9/2005 2155/9/1813 2156/9/1813
f 2172/9/2006 2154/9/2007 2153/9/2007
f 2155/9/1813 2157/9/2008 2160/10/2008
f 2151/10/2009 2152/9/2009 2160/10/2008
f 2168/9/1820 2164/9/1820 2163/9/2010
f 2166/9/2011 2165/9/2011 2174/9/2012
f 2167/9/2013 2170/9/2013 2164/9/1820
f 2161/9/2014 2170/9/2013 2167/9/2013
f 2172/9/2015 2159/9/2030 2169/9/2016
f 2153/9/1806 2154/9/1806 2165/9/1806
f 2151/9/2018 2157/9/2024 2170/9/2019
f 2160/9/2020 2167/9/2023 2168/9/2021
f 2152/9/2022 2162/9/2022 2167/9/2023
f 2151/9/1805 2161/9/1805 2162/9/1805
f 2157/9/2024 2155/9/2025 2164/9/2025
f 2153/10/2026 2166/9/2026 2173/9/2027
f 2158/9/2029 2163/9/2031 2164/9/2025
f 2159/9/2030 2156/9/2021 2168/9/2021
f 2171/9/2028 2173/9/2027 2163/9/2031
f 2154/9/2032 2172/9/2015 2174/9/2017
f 2173/9/2012 2174/9/2012 2169/9/2010
f 2159/9/2005 2172/9/2006 2171/9/2006
f 2183/9/2033 2182/9/2033 2179/9/25
f 2195/9/2034 2196/9/2034 2178/9/2035
f 2180/9/25 2179/9/25 2181/9/2036
f 2175/9/2037 2176/9/2037 2184/9/2036
f 2192/9/139 2188/9/139 2187/9/2038
f 2190/9/2039 2189/9/2039 2198/9/2040
f 2192/9/139 2191/9/2041 2194/9/2041
f 2194/9/2041 2191/9/2041 2186/9/2042
f 2196/9/2043 2183/9/2058 2193/9/2044
f 2178/9/1806 2189/9/1806 2190/9/1806
f 2175/9/2046 2181/9/2052 2194/9/2047
f 2184/9/2048 2191/9/2051 2192/9/2049
f 2176/9/2050 2186/9/2050 2191/9/2051
f 2175/9/1805 2185/9/1805 2186/9/1805
f 2181/9/2052 2179/9/2053 2188/9/2053
f 2177/9/2054 2190/9/2054 2197/9/2055
f 2182/9/2057 2187/9/2059 2188/9/2053
f 2183/9/2058 2180/9/2049 2192/9/2049
f 2195/9/2056 2197/9/2055 2187/9/2059
f 2178/9/2060 2196/9/2043 2198/9/2045
f 2187/9/2038 2197/9/2040 2198/9/2040
f 2183/9/2033 2196/9/2034 2195/9/2034
f 2206/9/2061 2203/9/1816 2204/9/1816
f 2219/9/2062 2220/9/2062 2202/9/2063
f 2203/9/1816 2205/9/2064 2208/9/2064
f 2200/9/2065 2208/9/2064 2205/9/2064
f 2216/9/1823 2212/9/1823 2211/9/2066
f 2214/9/2067 2213/9/2067 2222/9/2068
f 2215/9/2069 2218/9/2069 2212/9/1823
f 2209/9/2070 2218/9/2069 2215/9/2069
f 2220/9/2071 2207/9/2086 2217/9/2072
f 2202/9/1806 2213/9/1806 2214/9/1806
f 2199/9/2074 2205/9/2080 2218/9/2075
f 2208/9/2076 2215/9/2079 2216/9/2077
f 2200/9/2078 2210/9/2078 2215/9/2079
f 2199/9/1805 2209/9/1805 2210/9/1805
f 2205/9/2080 2203/9/2081 2212/9/2081
f 2201/9/2082 2214/9/2082 2221/9/2083
f 2206/9/2085 2211/9/2087 2212/9/2081
f 2207/9/2086 2204/9/2077 2216/9/2077
f 2219/9/2084 2221/9/2083 2211/9/2087
f 2202/9/2088 2220/9/2071 2222/9/2073
f 2221/9/2068 2222/9/2068 2217/9/2066
f 2207/9/2061 2220/9/2062 2219/9/2062
f 2225/9/1806 2226/9/1806 2224/9/1806
f 2229/10/1806 2230/9/1806 2228/9/1806
f 2232/9/1805 2234/9/1805 2233/9/1805
f 2235/9/1805 2236/9/1805 2238/9/1805
f 2228/9/2089 2230/9/2089 2238/9/2089
f 2229/9/139 2227/9/139 2235/9/139
f 2224/9/2090 2226/9/2090 2234/9/2090
f 2225/9/2091 2223/9/2091 2231/9/2091
f 2240/9/1806 2242/9/1806 2241/9/1806
f 2244/9/1806 2246/9/1806 2245/9/1806
f 2247/9/1805 2249/9/1805 2250/9/1805
f 2251/9/1805 2253/9/1805 2254/9/1805
f 2244/9/2092 2252/9/2092 2254/9/2092
f 2253/9/25 2251/9/25 2243/9/25
f 2248/9/2091 2250/9/2091 2242/9/2091
f 2241/9/2090 2249/9/2090 2247/9/2090
f 2280/11/2093 2281/11/2858 2265/11/2094
f 2257/11/2096 2273/11/2122 2274/11/2097
f 2281/11/2099 2282/11/2104 2266/11/2100
f 2258/11/2098 2274/11/2097 2275/11/2102
f 2282/11/2104 2283/11/2106 2267/11/2105
f 2275/11/2102 2276/11/1815 2260/11/1815
f 2283/11/2106 2284/11/2131 2268/11/2107
f 2260/11/1815 2276/11/1815 2277/11/2108
f 2268/11/2107 2284/11/2131 2285/11/2110
f 2277/11/2108 2278/11/2115 2262/11/2112
f 2269/11/2111 2285/11/2110 2286/11/2113
f 2278/11/2115 2279/11/2121 2263/11/2116
f 2255/11/2117 2271/11/2120 2272/11/2118
f 2270/11/2114 2286/11/2113 2271/11/2120
f 2279/11/2121 2280/11/2093 2264/11/2095
f 2256/11/2119 2272/11/2118 2273/11/2122
f 2297/11/2123 2313/11/2859 2312/11/2124
f 2289/11/2096 2290/11/2098 2306/11/2097
f 2298/11/2126 2314/11/2130 2313/11/2127
f 2290/11/2098 2291/11/2103 2307/11/2102
f 2299/11/2129 2315/11/2106 2314/11/2130
f 2291/11/2103 2292/11/1815 2308/11/1815
f 2300/11/2107 2316/11/2131 2315/11/2106
f 2292/11/1815 2293/11/2109 2309/11/2108
f 2300/11/2107 2301/11/2133 2317/11/2110
f 2294/11/2132 2310/11/2136 2309/11/2108
f 2301/11/2133 2302/11/2140 2318/11/2134
f 2295/11/2135 2311/11/2141 2310/11/2136
f 2287/11/2137 2288/11/2119 2304/11/2138
f 2302/11/2140 2287/11/2137 2303/11/2139
f 2296/11/2125 2312/11/2124 2311/11/2141
f 2288/11/2119 2289/11/2096 2305/11/2122
f 2321/9/1805 2322/9/1805 2320/9/1805
f 2323/9/1805 2325/9/1805 2326/9/1805
f 2327/9/1806 2328/9/1806 2330/9/1806
f 2332/9/1806 2334/9/1806 2333/9/1806
f 2324/9/1807 2326/9/1807 2334/9/1807
f 2323/9/139 2331/9/139 2333/9/139
f 2320/9/1808 2322/9/1808 2330/9/1808
f 2321/9/1809 2319/9/1809 2327/9/1809
f 2336/9/1805 2338/9/1805 2337/9/1805
f 2339/9/1805 2340/9/1805 2342/9/1805
f 2343/9/1806 2345/9/1806 2346/9/1806
f 2349/9/1806 2350/9/1806 2348/9/1806
f 2348/9/1810 2350/9/1810 2342/9/1810
f 2349/9/25 2347/9/25 2339/9/25
f 2336/9/1809 2344/9/1809 2346/9/1809
f 2337/9/1808 2345/9/1808 2343/9/1808
f 2351/8/1812 2353/8/1811 2354/7/1811
f 2355/7/1813 2356/8/1813 2354/7/1811
f 2357/7/1814 2358/7/1814 2356/7/1813
f 2359/7/25 2360/7/25 2358/7/1814
f 2361/7/1815 2362/7/1815 2360/7/25
f 2363/7/1816 2364/7/1816 2362/7/1815
f 2363/7/1816 2365/7/1817 2366/7/1817
f 2367/7/1818 2368/7/1818 2366/7/1817
f 2367/7/1818 2369/7/1819 2370/7/1819
f 2371/7/1820 2372/7/1820 2370/7/1819
f 2371/7/1820 2373/7/2144 2374/7/2142
f 2375/7/2143 2376/7/2146 2374/7/2142
f 2375/7/2143 2377/8/2147 2378/7/2145
f 2377/8/2147 2379/7/1823 2380/7/1823
f 2385/7/1819 2388/7/1820 2387/7/1820
f 2381/8/1824 2382/7/1824 2380/7/1823
f 2351/8/1812 2352/7/1812 2382/7/1824
f 2383/7/1818 2386/7/1818 2385/7/1819
f 2388/8/1820 2390/8/1821 2389/8/1821
f 2390/8/1821 2392/7/139 2391/7/139
f 2392/7/139 2394/7/1822 2393/7/1822
f 2394/7/1822 2396/7/1823 2395/7/1823
f 2396/7/1823 2398/7/1824 2397/7/1824
f 2397/7/1824 2398/7/1824 2400/7/1812
f 2400/7/1812 2402/7/1811 2401/7/1811
f 2401/7/1811 2402/7/1811 2404/7/1813
f 2403/7/1813 2404/7/1813 2406/7/2148
f 2406/7/2148 2408/7/2860 2407/7/2150
f 2407/7/2150 2408/7/2860 2410/7/2151
f 2409/7/2152 2410/7/2151 2412/7/1816
f 2412/7/1816 2414/7/1817 2413/7/1817
f 2414/7/1817 2386/7/1818 2383/7/1818
f 2373/7/2153 2371/7/1826 2403/7/1826
f 2354/7/1827 2356/7/1828 2388/7/1828
f 2374/7/1830 2406/7/1830 2404/7/2155
f 2365/7/1831 2363/7/1858 2395/7/1858
f 2351/7/1833 2381/7/2156 2413/7/2156
f 2366/7/2157 2398/7/2157 2396/7/2158
f 2352/7/1837 2386/7/1837 2414/7/1838
f 2355/7/1839 2387/7/1839 2389/7/1840
f 2375/7/2159 2373/7/2153 2405/7/2154
f 2356/7/1828 2358/7/1842 2390/7/1842
f 2376/7/1859 2408/7/1859 2406/7/1830
f 2367/7/1844 2365/7/1831 2397/7/1831
f 2368/7/1845 2400/7/1845 2398/7/2157
f 2357/7/1840 2389/7/1840 2391/7/1861
f 2375/7/2159 2407/7/2160 2409/7/2161
f 2358/7/1842 2360/7/1860 2392/7/1860
f 2378/7/1849 2410/7/1849 2408/7/1859
f 2367/7/1844 2399/7/1844 2401/7/1850
f 2368/7/1845 2370/7/1851 2402/7/1851
f 2359/7/1861 2391/7/1861 2393/7/1852
f 2377/7/2162 2409/7/2161 2411/7/2163
f 2351/7/1833 2383/7/1833 2384/7/2164
f 2360/7/1860 2362/7/1855 2394/7/1855
f 2380/7/1856 2412/7/1856 2410/7/1849
f 2352/7/1837 2354/7/1827 2385/7/1827
f 2371/7/1826 2369/7/1850 2401/7/1850
f 2372/7/2155 2404/7/2155 2402/7/1851
f 2361/7/1852 2393/7/1852 2395/7/1858
f 2381/7/2156 2379/7/2163 2411/7/2163
f 2364/7/2158 2396/7/2158 2394/7/1855
f 2382/7/1838 2414/7/1838 2412/7/1856
f 2353/7/2164 2384/7/2164 2387/7/1839
f 2416/7/1812 2418/7/1811 2417/7/1811
f 2417/7/1811 2418/7/1811 2420/7/1813
f 2419/7/1813 2420/7/1813 2422/7/1814
f 2421/7/1814 2422/7/1814 2424/7/25
f 2423/7/25 2424/7/25 2426/7/1815
f 2425/7/1815 2426/7/1815 2428/7/1816
f 2427/7/1816 2428/7/1816 2430/7/1817
f 2429/7/1817 2430/7/1817 2432/7/1818
f 2432/7/1818 2434/7/1819 2433/7/1819
f 2434/7/1819 2436/7/1820 2435/7/1820
f 2436/7/1820 2438/7/2166 2437/7/2165
f 2438/7/2166 2440/7/2861 2439/7/2167
f 2439/7/2167 2440/7/2861 2442/7/2168
f 2442/7/2168 2444/7/1823 2443/7/1823
f 2448/7/1819 2451/7/1820 2452/7/1820
f 2444/7/1823 2446/7/1824 2445/7/1824
f 2445/7/1824 2446/7/1824 2416/7/1812
f 2447/7/1818 2448/7/1819 2449/7/1819
f 2451/7/1820 2453/7/1821 2454/7/1821
f 2455/7/139 2456/7/139 2454/7/1821
f 2455/7/139 2457/7/1822 2458/7/1822
f 2457/7/1822 2459/7/1823 2460/7/1823
f 2459/7/1823 2461/7/1824 2462/7/1824
f 2461/7/1824 2463/7/1812 2464/7/1812
f 2463/7/1812 2465/7/1811 2466/7/1811
f 2467/7/1813 2468/7/1813 2466/7/1811
f 2469/7/2170 2470/7/2172 2468/7/1813
f 2471/7/2171 2472/7/2174 2470/7/2172
f 2471/7/2171 2473/7/2175 2474/7/2173
f 2475/7/1816 2476/7/1816 2474/7/2173
f 2475/7/1816 2477/7/1817 2478/7/1817
f 2447/7/1818 2450/7/1818 2478/7/1817
f 2437/7/2176 2469/7/2183 2467/7/1829
f 2449/7/2177 2452/7/2178 2420/7/2178
f 2468/7/1857 2470/7/2184 2438/7/2179
f 2461/7/2157 2459/7/1836 2427/7/1836
f 2415/7/1837 2447/7/1837 2477/7/2180
f 2428/7/1858 2460/7/1858 2462/7/1831
f 2478/7/2181 2450/7/1833 2416/7/1833
f 2421/7/1842 2453/7/1842 2451/7/1828
f 2439/7/2182 2471/7/2862 2469/7/2183
f 2420/7/2178 2452/7/2178 2454/7/1840
f 2470/7/2184 2472/7/2863 2440/7/2185
f 2431/7/1845 2463/7/1845 2461/7/2157
f 2462/7/1831 2464/7/1844 2432/7/1844
f 2455/7/1860 2453/7/1842 2421/7/1842
f 2473/7/2186 2471/7/2862 2439/7/2182
f 2454/7/1840 2456/7/1861 2424/7/1861
f 2440/7/2185 2472/7/2863 2474/7/2188
f 2465/7/1851 2463/7/1845 2431/7/1845
f 2464/7/1844 2466/7/1863 2434/7/1863
f 2457/7/1855 2455/7/1860 2423/7/1860
f 2475/7/1856 2473/7/2186 2441/7/2187
f 2417/7/2190 2448/7/2190 2447/7/1837
f 2424/7/1861 2456/7/1861 2458/7/1852
f 2442/7/2189 2474/7/2188 2476/7/1853
f 2416/7/1833 2450/7/1833 2449/7/2177
f 2435/7/1829 2467/7/1829 2465/7/1851
f 2466/7/1863 2468/7/1857 2436/7/1857
f 2459/7/1836 2457/7/1855 2425/7/1855
f 2445/7/2180 2477/7/2180 2475/7/1856
f 2426/7/1852 2458/7/1852 2460/7/1858
f 2476/7/1853 2478/7/2181 2446/7/1834
f 2451/7/1828 2448/7/2190 2417/7/2190
f 2486/9/1864 2483/9/1818 2484/9/1818
f 2500/9/2191 2482/9/1866 2481/9/1866
f 2483/9/1818 2485/9/1867 2488/9/1867
f 2479/9/1868 2480/9/1868 2488/9/1867
f 2496/9/1812 2492/9/1812 2491/9/1870
f 2494/10/1871 2493/10/1871 2502/10/1872
f 2495/9/1873 2498/9/1873 2492/9/1812
f 2489/10/1874 2498/9/1873 2495/9/1873
f 2500/9/1875 2487/9/1890 2497/9/2192
f 2481/9/1806 2482/9/1806 2493/9/1806
f 2479/9/1878 2485/9/1884 2498/9/1879
f 2488/9/1880 2495/9/1883 2496/9/1881
f 2480/9/1882 2490/9/1882 2495/9/1883
f 2479/9/1805 2489/9/1805 2490/10/1805
f 2485/9/1884 2483/9/1885 2492/9/1885
f 2481/9/1886 2494/9/1886 2501/9/1887
f 2486/9/1889 2491/9/1891 2492/9/1885
f 2487/9/1890 2484/9/1881 2496/9/1881
f 2499/9/1888 2501/9/1887 2491/9/1891
f 2482/9/1892 2500/9/1875 2502/9/1877
f 2501/9/1872 2502/10/1872 2497/9/1870
f 2487/9/1864 2500/9/2191 2499/9/2191
f 2510/9/1893 2507/9/1820 2508/9/1820
f 2524/9/1894 2506/9/1895 2505/9/1895
f 2508/9/1820 2507/9/1820 2509/9/1896
f 2504/9/1897 2512/9/1896 2509/9/1896
f 2521/9/1898 2520/9/1813 2516/9/1813
f 2518/9/1899 2517/9/1899 2526/9/1900
f 2519/9/1901 2522/9/1901 2516/9/1813
f 2513/9/1902 2522/9/1901 2519/9/1901
f 2524/9/1903 2511/9/1918 2521/9/1904
f 2505/9/1806 2506/9/1806 2517/9/1806
f 2503/9/1906 2509/9/1912 2522/9/1907
f 2512/9/1908 2519/9/1911 2520/9/2193
f 2504/9/1910 2514/9/1910 2519/9/1911
f 2504/9/1805 2503/9/1805 2513/9/1805
f 2509/9/1912 2507/9/1913 2516/9/1913
f 2505/9/1914 2518/9/1914 2525/9/1915
f 2510/9/1917 2515/9/1919 2516/9/1913
f 2511/9/1918 2508/9/2193 2520/9/2193
f 2523/9/1916 2525/9/1915 2515/9/1919
f 2506/9/2194 2524/9/1903 2526/9/1905
f 2525/9/1900 2526/9/1900 2521/9/1898
f 2510/9/1893 2511/9/1893 2524/9/1894
f 2535/9/2195 2534/9/2195 2531/9/1749
f 2547/9/1922 2548/9/1922 2530/9/1923
f 2532/9/1749 2531/9/1749 2533/9/2196
f 2528/9/1925 2536/9/2196 2533/9/2196
f 2545/9/2197 2544/9/1752 2540/9/1752
f 2549/9/1927 2542/9/1928 2541/9/1928
f 2544/9/1752 2543/9/2198 2546/9/2198
f 2546/9/2198 2543/9/2198 2538/9/1930
f 2548/9/1931 2535/9/2209 2545/9/2199
f 2529/9/1806 2530/9/1806 2541/9/1806
f 2527/9/1934 2533/9/2205 2546/9/2200
f 2536/9/2201 2543/9/2204 2544/9/2202
f 2528/9/1938 2538/9/1938 2543/9/2204
f 2527/9/1805 2537/9/1805 2538/9/1805
f 2533/9/2205 2531/9/2208 2540/9/2206
f 2529/9/1942 2542/9/1942 2549/9/1943
f 2534/9/2207 2539/9/2210 2540/9/2206
f 2535/9/2209 2532/9/2203 2544/9/2202
f 2547/9/1944 2549/9/1943 2539/9/2210
f 2530/9/1948 2548/9/1931 2550/9/1933
f 2549/9/1927 2550/9/1927 2545/9/2197
f 2535/9/2195 2548/9/1922 2547/9/1922
f 2559/9/1949 2558/9/1949 2555/9/1823
f 2572/9/1950 2554/9/1951 2553/9/1951
f 2556/9/1823 2555/9/1823 2557/9/1952
f 2551/9/1953 2552/9/1953 2560/9/1952
f 2569/9/1954 2568/9/1816 2564/9/1816
f 2566/9/1956 2565/9/1956 2574/9/2211
f 2567/9/1957 2570/9/1957 2564/9/1816
f 2561/9/1958 2570/9/1957 2567/9/1957
f 2572/9/1959 2559/9/1974 2569/9/1960
f 2554/9/1806 2565/9/1806 2566/9/1806
f 2551/9/1962 2557/9/1968 2570/9/1963
f 2560/9/1964 2567/9/1967 2568/9/1965
f 2552/9/1966 2562/9/1966 2567/9/1967
f 2551/9/1805 2561/9/1805 2562/9/1805
f 2557/9/1968 2555/9/1969 2564/9/1969
f 2553/9/1970 2566/9/1970 2573/9/1971
f 2558/9/1973 2563/9/1975 2564/9/1969
f 2559/9/1974 2556/9/1965 2568/9/1965
f 2571/9/1972 2573/9/1971 2563/9/1975
f 2554/9/1976 2572/9/1959 2574/9/1961
f 2573/9/1955 2574/9/2211 2569/9/1954
f 2558/9/1949 2559/9/1949 2572/9/1950
f 2583/9/1977 2582/9/1977 2579/9/1812
f 2596/9/1978 2578/9/1979 2577/9/1979
f 2579/9/1812 2581/9/1980 2584/9/1980
f 2575/9/1981 2576/9/1981 2584/9/1980
f 2592/9/1818 2588/9/1818 2587/9/1982
f 2590/9/1983 2589/9/1983 2598/9/1984
f 2591/9/1985 2594/9/1985 2588/9/1818
f 2594/9/1985 2591/9/1985 2586/9/1986
f 2596/9/1987 2583/9/2002 2593/9/1988
f 2578/9/1806 2589/9/1806 2590/9/1806
f 2575/9/1990 2581/9/1996 2594/9/1991
f 2584/9/1992 2591/9/1995 2592/9/1993
f 2576/9/1994 2586/9/1994 2591/9/1995
f 2575/9/1805 2585/9/1805 2586/9/1805
f 2581/9/1996 2579/9/1997 2588/9/1997
f 2577/9/1998 2590/9/1998 2597/9/1999
f 2582/9/2001 2587/9/2003 2588/9/1997
f 2583/9/2002 2580/9/1993 2592/9/1993
f 2595/9/2000 2597/9/1999 2587/9/2003
f 2578/9/2004 2596/9/1987 2598/9/1989
f 2597/9/1984 2598/9/1984 2593/9/1982
f 2582/9/1977 2583/9/1977 2596/9/1978
f 2606/9/2005 2603/9/1813 2604/10/1813
f 2619/9/2006 2620/9/2006 2602/9/2007
f 2603/9/1813 2605/9/2008 2608/9/2008
f 2600/9/2009 2608/9/2008 2605/9/2008
f 2616/9/1820 2612/9/1820 2611/9/2010
f 2614/9/2011 2613/9/2011 2622/9/2012
f 2616/9/1820 2615/9/2013 2618/9/2013
f 2618/9/2013 2615/9/2013 2610/9/2014
f 2620/9/2015 2607/9/2030 2617/9/2016
f 2601/9/1806 2602/9/1806 2613/9/1806
f 2599/9/2018 2605/9/2024 2618/9/2019
f 2608/9/2020 2615/9/2023 2616/9/2021
f 2600/9/2022 2610/9/2022 2615/9/2023
f 2599/9/1805 2609/9/1805 2610/9/1805
f 2605/9/2024 2603/9/2025 2612/9/2025
f 2601/9/2026 2614/9/2026 2621/9/2027
f 2606/9/2029 2611/9/2031 2612/9/2025
f 2607/9/2030 2604/9/2021 2616/9/2021
f 2619/9/2028 2621/9/2027 2611/9/2031
f 2602/9/2212 2620/9/2015 2622/9/2017
f 2611/9/2010 2621/9/2012 2622/9/2012
f 2607/9/2005 2620/9/2006 2619/9/2006
f 2630/9/2033 2627/9/25 2628/9/25
f 2643/9/2034 2644/9/2034 2626/9/2035
f 2627/9/25 2629/9/2036 2632/9/2036
f 2624/9/2037 2632/9/2036 2629/9/2036
f 2640/9/139 2636/9/139 2635/9/2038
f 2638/9/2039 2637/9/2039 2646/9/2040
f 2640/9/139 2639/9/2041 2642/9/2041
f 2633/9/2042 2642/9/2041 2639/9/2041
f 2644/9/2043 2631/9/2058 2641/9/2044
f 2626/9/1806 2637/9/1806 2638/9/1806
f 2623/9/2046 2629/9/2052 2642/9/2047
f 2632/9/2213 2639/9/2051 2640/9/2214
f 2624/9/2050 2634/9/2050 2639/9/2051
f 2624/9/1805 2623/9/1805 2633/9/1805
f 2629/9/2052 2627/9/2053 2636/9/2053
f 2625/9/2054 2638/9/2054 2645/9/2055
f 2630/9/2057 2635/9/2059 2636/9/2053
f 2631/9/2058 2628/9/2214 2640/9/2214
f 2643/9/2056 2645/9/2055 2635/9/2059
f 2626/9/2060 2644/9/2043 2646/9/2045
f 2645/9/2040 2646/9/2040 2641/9/2038
f 2630/9/2033 2631/9/2033 2644/9/2034
f 2654/9/2061 2651/9/1816 2652/9/1816
f 2667/9/2062 2668/9/2062 2650/9/2063
f 2651/9/1816 2653/9/2064 2656/9/2064
f 2648/9/2065 2656/9/2064 2653/9/2064
f 2665/9/2066 2664/9/1823 2660/9/1823
f 2669/9/2068 2662/9/2067 2661/9/2067
f 2663/9/2069 2666/9/2069 2660/9/1823
f 2666/9/2069 2663/9/2069 2658/9/2070
f 2668/9/2215 2655/9/2086 2665/9/2072
f 2650/9/1806 2661/9/1806 2662/9/1806
f 2647/9/2074 2653/9/2080 2666/9/2075
f 2656/9/2076 2663/9/2079 2664/9/2077
f 2648/9/2078 2658/9/2078 2663/9/2079
f 2648/9/1805 2647/9/1805 2657/9/1805
f 2653/9/2080 2651/9/2216 2660/9/2216
f 2649/9/2217 2662/9/2217 2669/9/2083
f 2654/9/2085 2659/9/2087 2660/9/2216
f 2655/9/2086 2652/9/2077 2664/9/2077
f 2667/9/2084 2669/9/2083 2659/9/2087
f 2650/9/2088 2668/9/2215 2670/9/2073
f 2669/9/2068 2670/9/2068 2665/9/2066
f 2655/9/2061 2668/9/2062 2667/9/2062
f 2671/9/1806 2673/9/1806 2674/9/1806
f 2677/9/1806 2678/9/1806 2676/9/1806
f 2679/9/1805 2680/10/1805 2682/9/1805
f 2684/9/1805 2686/9/1805 2685/9/1805
f 2676/9/2089 2678/9/2089 2686/9/2089
f 2675/9/139 2683/9/139 2685/9/139
f 2672/9/2090 2674/9/2090 2682/9/2090
f 2673/10/2091 2671/9/2091 2679/9/2091
f 2687/9/1806 2688/9/1806 2690/9/1806
f 2692/9/1806 2694/9/1806 2693/9/1806
f 2695/9/1805 2697/9/1805 2698/9/1805
f 2701/9/1805 2702/9/1805 2700/9/1805
f 2692/9/2092 2700/9/2092 2702/9/2092
f 2701/9/25 2699/9/25 2691/9/25
f 2688/9/2091 2696/9/2091 2698/9/2091
f 2689/9/2090 2697/9/2090 2695/9/2090
f 2728/11/2218 2729/11/2864 2713/11/2219
f 2705/11/2221 2721/11/2249 2722/11/2222
f 2729/11/2224 2730/11/2229 2714/11/2225
f 2706/11/2223 2722/11/2222 2723/11/2227
f 2730/11/2229 2731/11/2233 2715/11/2230
f 2707/11/2228 2723/11/2227 2724/11/2231
f 2731/11/2233 2732/11/2865 2716/11/2234
f 2708/11/2232 2724/11/2231 2725/11/2235
f 2716/11/2234 2732/11/2865 2733/11/2237
f 2725/11/2235 2726/11/2242 2710/11/2239
f 2717/11/2238 2733/11/2237 2734/11/2240
f 2726/11/2242 2727/11/2248 2711/11/2243
f 2703/11/2244 2719/11/2247 2720/11/2245
f 2718/11/2241 2734/11/2240 2719/11/2247
f 2727/11/2248 2728/11/2218 2712/11/2220
f 2704/11/2246 2720/11/2245 2721/11/2249
f 2745/11/2123 2761/11/2859 2760/12/2124
f 2737/11/2096 2738/11/2098 2754/11/2097
f 2746/11/2126 2762/11/2130 2761/11/2127
f 2738/11/2098 2739/12/2103 2755/11/2102
f 2747/11/2129 2763/11/2106 2762/11/2130
f 2739/12/2103 2740/11/1815 2756/11/1815
f 2748/11/2107 2764/11/2131 2763/11/2106
f 2741/11/2109 2757/11/2108 2756/11/1815
f 2748/11/2107 2749/11/2133 2765/11/2110
f 2742/12/2132 2758/11/2136 2757/11/2108
f 2749/11/2133 2750/11/2140 2766/11/2134
f 2743/11/2135 2759/12/2141 2758/11/2136
f 2735/11/2137 2736/11/2119 2752/11/2138
f 2750/11/2140 2735/11/2137 2751/11/2139
f 2744/12/2125 2760/12/2124 2759/12/2141
f 2736/11/2119 2737/11/2096 2753/11/2122
f 2768/9/2251 2770/9/2281 2769/9/2252
f 2769/9/2252 2770/9/2281 2772/9/2254
f 2772/9/2254 2774/9/2257 2773/9/2256
f 2774/9/2257 2776/9/2276 2775/9/2258
f 2775/9/2258 2776/9/2276 2778/9/2259
f 2778/9/2259 2780/9/2262 2779/9/2261
f 2780/9/2262 2782/9/2264 2781/9/2263
f 2782/9/2264 2784/9/2285 2783/9/2265
f 2783/9/2265 2784/9/2285 2786/9/2266
f 2786/9/2266 2788/9/2271 2787/9/2268
f 2778/9/2259 2776/9/2276 2795/9/2269
f 2788/9/2271 2790/9/2282 2789/9/2272
f 2789/9/2272 2790/9/2282 2768/9/2251
f 2789/9/180 2767/9/180 2769/9/180
f 2769/9/180 2771/9/180 2773/9/180
f 2773/9/180 2775/9/180 2777/9/180
f 2777/9/180 2779/9/180 2781/9/180
f 2781/9/180 2783/9/180 2785/9/180
f 2785/9/180 2787/9/180 2789/9/180
f 2789/9/180 2769/9/180 2773/9/180
f 2773/9/180 2777/9/180 2781/9/180
f 2781/9/180 2785/9/180 2789/9/180
f 3025/9/2273 3023/9/2310 2809/9/2274
f 2776/9/2276 2774/9/2257 2794/9/2277
f 2768/9/2251 2790/9/2282 2802/9/2278
f 2768/9/2251 2792/9/2279 2791/9/2280
f 2772/9/2254 2793/9/2284 2794/9/2277
f 2790/9/2282 2788/9/2271 2801/9/2283
f 2770/9/2281 2791/9/2280 2793/9/2284
f 2786/9/2266 2800/9/2286 2801/9/2283
f 2784/9/2285 2799/9/2288 2800/9/2286
f 2784/9/2285 2782/9/2264 2798/9/2287
f 2782/9/2264 2780/9/2262 2797/9/2289
f 2778/9/2259 2796/9/2270 2797/9/2289
f 2797/9/2289 2796/9/2270 3022/9/2290
f 3019/9/2292 3017/9/2311 2806/9/2293
f 3031/9/2295 2813/9/2314 2814/9/2296
f 3027/9/2298 3025/9/2273 2810/9/2275
f 3019/9/2292 2807/9/2294 2808/9/2300
f 3038/9/2302 2853/9/2407 2852/9/2303
f 3011/9/2305 2803/9/2624 2805/9/2306
f 3027/9/2298 2811/9/2299 2812/9/2308
f 3023/9/2310 3021/9/2301 2808/9/2300
f 3015/9/2307 2805/9/2306 2806/9/2293
f 2791/9/2280 2792/9/2279 3013/9/2312
f 3029/9/2309 2812/9/2308 2813/9/2314
f 2794/9/2277 2793/9/2284 3016/9/2316
f 2801/9/2283 2800/9/2286 3030/9/2318
f 2798/9/2287 2797/9/2289 3024/9/2291
f 2794/9/2277 3018/9/2317 3020/9/2321
f 2801/9/2283 3032/9/2319 3034/9/2322
f 2791/9/2280 3012/9/2313 3016/9/2316
f 2799/9/2288 2798/9/2287 3026/9/2320
f 2796/9/2270 2795/9/2269 3020/9/2321
f 2802/9/2278 3034/9/2322 3013/9/2312
f 3033/9/2297 2814/9/2296 2804/9/2324
f 2799/9/2288 3028/9/2323 3030/9/2318
f 2816/9/2335 2817/9/2363 2819/9/2336
f 2819/9/2336 2821/9/2339 2820/9/2338
f 2821/9/2339 2823/9/2341 2822/9/2340
f 2823/9/2341 2825/9/2343 2824/9/2342
f 2825/9/2343 2827/9/2345 2826/9/2344
f 2827/9/2345 2829/9/2347 2828/9/2346
f 2829/9/2347 2831/9/2349 2830/9/2348
f 2831/9/2349 2833/9/2351 2832/9/2350
f 2833/9/2351 2835/9/2368 2834/9/2352
f 2834/9/2352 2835/9/2368 2837/9/2353
f 2827/9/2345 2825/9/2343 2844/9/2355
f 2836/9/2354 2837/9/2353 2839/9/2357
f 2839/9/2357 2817/9/2363 2816/9/2335
f 2838/9/419 2816/9/419 2818/9/419
f 2818/9/419 2820/9/419 2822/9/419
f 2822/9/419 2824/9/419 2826/9/419
f 2826/9/419 2828/9/419 2830/9/419
f 2830/9/419 2832/9/419 2834/9/419
f 2834/9/419 2836/9/419 2838/9/419
f 2838/9/419 2818/9/419 2822/9/419
f 2822/9/419 2826/9/419 2830/9/419
f 2830/9/419 2834/9/419 2838/9/419
f 3047/9/2359 2858/9/2392 2859/9/2360
f 2825/9/2343 2823/9/2341 2843/9/2362
f 2817/9/2363 2839/9/2357 2851/9/2364
f 2817/9/2363 2841/9/2365 2840/9/2366
f 2821/9/2339 2842/9/2367 2843/9/2362
f 2837/9/2353 2850/9/2369 2851/9/2364
f 2819/9/2336 2840/9/2366 2842/9/2367
f 2835/9/2368 2849/9/2370 2850/9/2369
f 2833/9/2351 2848/9/2372 2849/9/2370
f 2833/9/2351 2831/9/2349 2847/9/2371
f 2831/9/2349 2829/9/2347 2846/9/2373
f 2829/9/2347 2827/9/2345 2845/9/2356
f 2845/9/2356 3046/9/2405 3048/9/2374
f 3043/9/2375 3041/9/2393 2855/9/2376
f 3055/9/2378 2862/9/2395 2863/9/2379
f 3051/9/2381 3049/9/2361 2859/9/2360
f 3045/9/2383 3043/9/2375 2856/9/2377
f 3059/9/2385 3062/9/2490 2902/9/2386
f 3039/9/2388 3035/9/2304 2852/9/2303
f 3053/9/2390 3051/9/2381 2860/9/2382
f 3047/9/2359 3045/9/2383 2857/9/2384
f 3039/9/2388 2854/9/2389 2855/9/2376
f 2841/9/2365 3037/9/2406 3036/9/2394
f 3053/9/2390 2861/9/2391 2862/9/2395
f 2842/9/2367 3040/9/2403 3042/9/2397
f 2850/9/2369 2849/9/2370 3054/9/2398
f 2847/9/2371 2846/9/2373 3048/9/2374
f 2843/9/2362 3042/9/2397 3044/9/2401
f 2850/9/2369 3056/9/2399 3058/9/2402
f 2842/9/2367 2840/9/2366 3036/9/2394
f 2847/9/2371 3050/9/2400 3052/9/2404
f 2845/9/2356 2844/9/2355 3044/9/2401
f 2851/9/2364 3058/9/2402 3037/9/2406
f 3057/9/2380 2863/9/2379 2853/9/2407
f 2848/9/2372 3052/9/2404 3054/9/2398
f 2865/9/2417 2866/9/2439 2868/9/2418
f 2868/9/2418 2870/9/2421 2869/9/2420
f 2870/9/2421 2872/9/2423 2871/9/2422
f 2872/9/2423 2874/9/2425 2873/9/2424
f 2874/9/2425 2876/9/2427 2875/9/2426
f 2876/9/2427 2878/9/2455 2877/9/2428
f 2877/9/2428 2878/9/2455 2880/9/2429
f 2880/9/2429 2882/9/2451 2881/9/2431
f 2881/9/2431 2882/9/2451 2884/9/2432
f 2884/9/2432 2886/9/2437 2885/9/2434
f 2876/9/2427 2874/9/2425 2893/9/2435
f 2886/9/2437 2888/9/2447 2887/9/2438
f 2887/9/2438 2888/9/2447 2866/9/2439
f 2887/9/139 2865/9/2866 2867/9/139
f 2867/9/139 2869/9/139 2871/9/139
f 2871/9/139 2873/9/139 2875/9/139
f 2875/9/139 2877/9/2867 2879/9/139
f 2879/9/139 2881/9/139 2883/9/139
f 2883/9/139 2885/9/139 2887/9/139
f 2887/9/139 2867/9/139 2871/9/139
f 2871/9/139 2875/9/139 2879/9/139
f 2879/9/139 2883/9/139 2887/9/139
f 3073/9/2440 3071/9/2474 2907/9/2441
f 2872/9/2423 2892/9/2446 2893/9/2435
f 2866/9/2439 2888/9/2447 2900/9/2443
f 2866/9/2439 2890/9/2444 2889/9/2445
f 2870/9/2421 2891/9/2449 2892/9/2446
f 2888/9/2447 2886/9/2437 2899/9/2448
f 2868/9/2418 2889/9/2445 2891/9/2449
f 2886/9/2437 2884/9/2432 2898/9/2450
f 2882/9/2451 2897/9/2453 2898/9/2450
f 2882/9/2451 2880/9/2429 2896/9/2452
f 2880/9/2429 2878/9/2455 2895/9/2454
f 2876/9/2427 2894/9/2436 2895/9/2454
f 2894/9/2436 3070/9/2488 3072/9/2456
f 3067/9/2457 3065/9/2475 2904/9/2458
f 3079/9/2460 2911/9/2477 2912/9/2461
f 3075/9/2463 3073/9/2440 2908/9/2442
f 3069/9/2465 3067/9/2457 2905/9/2459
f 3086/9/2467 2951/9/2571 2950/9/2468
f 3059/9/2385 2901/9/2387 2903/9/2470
f 3077/9/2472 3075/9/2463 2909/9/2464
f 3071/9/2474 3069/9/2465 2906/9/2466
f 3065/9/2475 3063/9/2471 2903/9/2470
f 2890/9/2444 3061/9/2489 3060/9/2476
f 3077/9/2472 2910/9/2473 2911/9/2477
f 2892/9/2446 2891/9/2449 3064/9/2480
f 2899/9/2448 2898/9/2450 3078/9/2482
f 2895/9/2454 3072/9/2456 3074/9/2484
f 2892/9/2446 3066/9/2481 3068/9/2485
f 2900/9/2443 2899/9/2448 3080/9/2483
f 2889/9/2445 3060/9/2476 3064/9/2480
f 2897/9/2453 2896/9/2452 3074/9/2484
f 2894/9/2436 2893/9/2435 3068/9/2485
f 2890/9/2444 2900/9/2443 3082/9/2486
f 3081/9/2462 2912/9/2461 2902/9/2386
f 2897/9/2453 3076/9/2487 3078/9/2482
f 2915/9/2501 2917/9/2504 2916/9/2502
f 2917/9/2504 2919/9/2506 2918/9/2505
f 2919/9/2506 2921/9/2508 2920/9/2507
f 2921/9/2508 2923/9/2520 2922/9/2509
f 2922/9/2509 2923/9/2520 2925/9/2510
f 2924/9/2511 2925/9/2510 2927/9/2512
f 2927/9/2512 2929/9/2538 2928/9/2514
f 2928/9/2514 2929/9/2538 2931/9/2515
f 2931/9/2515 2933/9/2535 2932/9/2517
f 2932/9/2517 2933/9/2535 2935/9/2518
f 2923/9/2520 2942/9/2528 2943/9/2521
f 2935/9/2518 2937/9/2523 2936/9/2522
f 2937/9/2523 2915/9/2501 2914/9/2503
f 2936/9/25 2914/9/25 2916/9/25
f 2916/9/25 2918/9/2868 2920/9/25
f 2920/9/25 2922/9/25 2924/9/25
f 2924/9/25 2926/9/25 2928/9/25
f 2928/9/25 2930/9/25 2932/9/25
f 2932/9/25 2934/9/25 2936/9/25
f 2936/9/25 2916/9/25 2920/9/25
f 2920/9/25 2924/9/25 2928/9/25
f 2928/9/25 2932/9/25 2936/9/25
f 3097/9/2524 3095/9/2555 2956/9/2525
f 2923/9/2520 2921/9/2508 2941/9/2527
f 2915/9/2501 2937/9/2523 2949/9/2529
f 2917/9/2504 2915/9/2501 2939/9/2530
f 2919/9/2506 2940/9/2533 2941/9/2527
f 2937/9/2523 2935/9/2518 2948/9/2532
f 2919/9/2506 2917/9/2504 2938/9/2531
f 2935/9/2518 2933/9/2535 2947/9/2534
f 2933/9/2535 2931/9/2515 2946/9/2536
f 2931/9/2515 2929/9/2538 2945/9/2537
f 2929/9/2538 2927/9/2512 2944/9/2539
f 2927/9/2512 2925/9/2510 2943/9/2521
f 2943/9/2521 3094/9/2570 3096/9/2540
f 3091/9/2541 3089/9/2556 2953/9/2542
f 3103/9/2544 2960/9/2559 2961/9/2545
f 3099/9/2547 3097/9/2524 2957/9/2526
f 3093/9/2549 3091/9/2541 2954/9/2543
f 3087/9/2551 3083/9/2469 2950/9/2468
f 3099/9/2547 2958/9/2548 2959/9/2553
f 3093/9/2549 2955/9/2550 2956/9/2525
f 3087/9/2551 2952/9/2552 2953/9/2542
f 2938/9/2531 2939/9/2530 3085/9/2557
f 3103/9/2544 3101/9/2554 2959/9/2553
f 2941/9/2527 2940/9/2533 3088/9/2562
f 2948/9/2532 2947/9/2534 3102/9/2564
f 2944/9/2539 3096/9/2540 3098/9/2566
f 2941/9/2527 3090/9/2563 3092/9/2567
f 2949/9/2529 2948/9/2532 3104/9/2565
f 2940/9/2533 2938/9/2531 3084/9/2558
f 2945/9/2537 3098/9/2566 3100/9/2569
f 2942/9/2528 3092/9/2567 3094/9/2570
f 2949/9/2529 3106/9/2568 3085/9/2557
f 3105/9/2546 2961/9/2545 2951/9/2571
f 2946/9/2536 3100/9/2569 3102/9/2564
f 2964/9/2582 2966/9/2583 2965/9/2583
f 2966/9/2583 2968/9/2584 2967/9/2584
f 2968/9/2584 2970/9/25 2969/9/25
f 2970/9/25 2972/9/2585 2971/9/2585
f 2972/9/2586 2974/9/2587 2973/9/2587
f 2974/9/2587 2976/9/2588 2975/9/2588
f 2976/9/2589 2978/9/2589 2977/9/2589
f 2977/9/2590 2978/9/2590 2980/9/2591
f 2979/9/2591 2980/9/2591 2982/9/2592
f 2982/9/2593 2984/10/2594 2983/9/2594
f 2991/9/2591 2992/9/2591 2989/10/2590
f 2983/9/2594 2984/10/2594 2986/9/2595
f 2986/9/2596 2964/9/2596 2963/9/2596
f 2988/10/2589 2989/10/2589 2990/10/2589
f 2991/9/2591 2993/9/2592 2994/9/2592
f 2993/9/2593 2995/9/2594 2996/9/2594
f 2995/9/2594 2997/9/2597 2998/9/2597
f 2997/9/2597 2999/9/2596 3000/9/2596
f 2999/9/2582 3001/9/2583 3002/9/2583
f 3001/9/2583 3003/9/2598 3004/9/2598
f 3003/9/2599 3005/9/25 3006/9/25
f 3007/9/2585 3008/9/2585 3006/9/25
f 3009/9/2587 3010/9/2587 3008/9/2586
f 3009/9/2587 2987/9/2588 2990/10/2588
f 2965/9/2600 2988/9/2600 2987/9/2601
f 2968/9/2602 2992/9/2602 2994/9/2603
f 3002/9/2604 3004/9/2605 2980/9/2605
f 2990/9/2606 2989/9/2607 2966/9/2607
f 2999/9/2608 2997/9/2609 2973/9/2609
f 3009/9/2610 3007/9/2611 2983/9/2611
f 2974/9/2612 2998/9/2612 3000/9/2613
f 2984/9/2614 3008/9/2614 3010/9/2615
f 2971/9/2616 2995/9/2616 2993/9/2617
f 2981/9/2618 3005/9/2618 3003/9/2619
f 2994/9/2603 2996/9/2620 2972/9/2620
f 2980/9/2605 3004/9/2605 3006/9/2621
f 2967/9/2622 2991/9/2622 2988/9/2600
f 3001/9/2623 2999/9/2608 2975/9/2608
f 2963/9/2601 2987/9/2601 3009/9/2610
f 2966/9/2607 2989/9/2607 2992/9/2602
f 2976/9/2613 3000/9/2613 3002/9/2604
f 3010/9/2615 2990/9/2606 2964/9/2606
f 2997/9/2609 2995/9/2616 2971/9/2616
f 3007/9/2611 3005/9/2618 2981/9/2618
f 2996/9/2620 2998/9/2612 2974/9/2612
f 2982/9/2621 3006/9/2621 3008/9/2614
f 2993/9/2617 2991/9/2622 2967/9/2622
f 2979/9/2619 3003/9/2619 3001/9/2623
f 3012/9/2313 3013/9/2312 3014/9/2325
f 3016/9/2316 3012/9/2313 3011/9/2305
f 3016/9/2316 3015/9/2307 3017/9/2311
f 3018/9/2317 3017/9/2311 3019/9/2292
f 3020/9/2321 3019/9/2292 3021/9/2301
f 3022/9/2290 3021/9/2301 3023/9/2310
f 3024/9/2291 3023/9/2310 3025/9/2273
f 3028/9/2323 3026/9/2320 3025/9/2273
f 3030/9/2318 3028/9/2323 3027/9/2298
f 3032/9/2319 3030/9/2318 3029/9/2309
f 3034/9/2322 3032/9/2319 3031/9/2295
f 3013/9/2312 3034/9/2322 3033/9/2297
f 3037/9/2406 3038/9/2302 3035/9/2304
f 3036/9/2394 3035/9/2304 3039/9/2388
f 3040/9/2403 3039/9/2388 3041/9/2393
f 3042/9/2397 3041/9/2393 3043/9/2375
f 3044/9/2401 3043/9/2375 3045/9/2383
f 3046/9/2405 3045/9/2383 3047/9/2359
f 3048/9/2374 3047/9/2359 3049/9/2361
f 3050/9/2400 3049/9/2361 3051/9/2381
f 3054/9/2398 3052/9/2404 3051/9/2381
f 3056/9/2399 3054/9/2398 3053/9/2390
f 3058/9/2402 3056/9/2399 3055/9/2378
f 3037/9/2406 3058/9/2402 3057/9/2380
f 3060/9/2476 3061/9/2489 3062/9/2490
f 3060/9/2476 3059/9/2385 3063/9/2471
f 3066/9/2481 3064/9/2480 3063/9/2471
f 3066/9/2481 3065/9/2475 3067/9/2457
f 3070/9/2488 3068/9/2485 3067/9/2457
f 3070/9/2488 3069/9/2465 3071/9/2474
f 3074/9/2484 3072/9/2456 3071/9/2474
f 3074/9/2484 3073/9/2440 3075/9/2463
f 3078/9/2482 3076/9/2487 3075/9/2463
f 3078/9/2482 3077/9/2472 3079/9/2460
f 3080/9/2483 3079/9/2460 3081/9/2462
f 3082/9/2486 3081/9/2462 3062/9/2490
f 3085/9/2557 3086/9/2467 3083/9/2469
f 3088/9/2562 3084/9/2558 3083/9/2469
f 3088/9/2562 3087/9/2551 3089/9/2556
f 3092/9/2567 3090/9/2563 3089/9/2556
f 3092/9/2567 3091/9/2541 3093/9/2549
f 3094/9/2570 3093/9/2549 3095/9/2555
f 3098/9/2566 3096/9/2540 3095/9/2555
f 3098/9/2566 3097/9/2524 3099/9/2547
f 3102/9/2564 3100/9/2569 3099/9/2547
f 3104/9/2565 3102/9/2564 3101/9/2554
f 3104/9/2565 3103/9/2544 3105/9/2546
f 3106/9/2568 3105/9/2546 3086/9/2467
f 3014/9/2325 2804/9/2324 2803/9/2624
f 3108/1/2625 3126/1/2625 3124/1/2625
f 3109/1/2626 3110/1/2626 3129/1/2626
f 3108/1/2627 3109/1/2627 3130/1/2627
f 3129/1/2628 3110/1/2628 3107/1/2628
f 3107/1/2629 3110/1/2629 3109/3/2629
f 3114/1/2630 3118/1/2630 3112/1/180
f 3131/1/2631 3113/1/2869 3115/1/2869
f 3115/1/2869 3116/1/2631 3117/1/2631
f 3117/1/2631 3114/1/2870 3111/1/2631
f 3111/1/2631 3133/1/2631 3131/1/2631
f 3131/1/2631 3115/1/2869 3117/1/2631
f 3112/1/2632 3118/1/2871 3120/1/2872
f 3120/1/2872 3121/1/2632 3122/1/2632
f 3122/1/2632 3119/1/2632 3134/1/2632
f 3134/1/2632 3136/1/2632 3112/1/2632
f 3112/1/2632 3120/1/2872 3122/1/2632
f 3113/1/2633 3119/1/2633 3122/1/2634
f 3115/1/2634 3122/1/2634 3121/1/2590
f 3116/1/2590 3121/1/2590 3120/1/2635
f 3117/1/2635 3120/1/2635 3118/1/2630
f 3134/1/139 3119/1/2633 3113/1/2633
f 3125/1/2625 3123/1/2625 3124/1/2625
f 3127/1/2626 3130/1/2626 3129/1/2626
f 3125/1/2627 3126/1/2627 3130/1/2627
f 3123/1/2628 3128/1/2628 3129/1/2628
f 3123/1/2636 3125/1/2636 3127/1/2636
f 3138/3/2637 3132/1/419 3135/1/419
f 3139/1/2631 3137/1/2631 3131/1/2631
f 3131/1/2631 3133/1/2631 3132/1/2631
f 3132/1/2631 3138/1/2873 3141/1/2638
f 3141/1/2638 3140/1/2631 3139/1/2631
f 3139/1/2631 3131/1/2631 3132/1/2631
f 3144/1/2632 3142/1/2874 3135/1/2632
f 3135/1/2632 3136/1/2632 3134/1/2632
f 3134/1/2632 3143/1/2639 3146/1/2639
f 3146/1/2639 3145/1/2632 3144/1/2632
f 3144/1/2632 3135/1/2632 3134/1/2632
f 3137/1/2640 3139/1/2641 3146/1/2641
f 3139/1/2641 3140/1/2595 3145/1/2595
f 3140/3/2595 3141/3/2642 3144/1/2642
f 3141/3/2642 3138/3/2637 3142/1/2637
f 3137/1/2640 3143/1/2640 3134/1/139
f 3147/1/2643 3150/1/2643 3157/1/139
f 3149/1/2644 3151/1/2875 3150/1/2645
f 3150/1/2648 3151/1/2876 3159/1/2649
f 3157/1/139 3156/1/2651 3152/1/2651
f 3156/1/2652 3158/3/2877 3155/1/2653
f 3157/1/2650 3159/1/2649 3158/1/2656
f 3160/1/2658 3163/1/2658 3170/1/139
f 3162/1/2659 3164/1/2878 3163/1/2660
f 3163/1/2663 3164/1/2879 3172/1/2664
f 3170/1/139 3169/1/2666 3165/1/2666
f 3169/1/2667 3171/1/2880 3168/1/2668
f 3170/1/2665 3172/1/2664 3171/1/2671
f 3183/1/139 3176/1/2673 3173/1/2673
f 3176/1/2674 3177/1/2881 3175/1/2675
f 3185/1/2678 3177/1/2882 3176/1/2679
f 3178/1/2681 3182/1/2681 3183/1/139
f 3181/1/2682 3184/1/2883 3182/1/2683
f 3183/1/2680 3182/1/2884 3184/1/2686
f 3196/1/139 3189/1/2687 3186/1/2687
f 3189/3/2688 3190/1/2885 3188/1/2689
f 3198/1/2692 3190/1/2886 3189/1/2693
f 3191/1/2695 3195/1/2695 3196/1/139
f 3194/1/2696 3197/1/2887 3195/1/2697
f 3196/1/2694 3195/1/2888 3197/1/2700
